eyeDataTimestamp,isCalibrationValid,gazeHasValue,gazeOrigin_x,gazeOrigin_y,gazeOrigin_z,gazeDirection_x,gazeDirection_y,gazeDirection_z,gazePointHit,gazePoint_x,gazePoint_y,gazePoint_z,note
1760984928199,True,True,0.08712374,1.697939,0.0377428,0.6248935,0.003088836,0.7807039,False,0,0,0,Data_from_ARETT
1760984928199,True,True,0.08712374,1.697939,0.0377428,0.6248935,0.003088836,0.7807039,False,0,0,0,Data_from_ARETT
1760984928199,True,True,0.08712374,1.697939,0.0377428,0.6248935,0.003088836,0.7807039,False,0,0,0,Data_from_ARETT
1760984928234,True,True,0.08591596,1.698181,0.03735207,0.6250393,-2.050027E-05,0.7805933,False,0,0,0,Data_from_ARETT
1760984928234,True,True,0.08591596,1.698181,0.03735207,0.6250393,-2.050027E-05,0.7805933,False,0,0,0,Data_from_ARETT
1760984928234,True,True,0.08591596,1.698181,0.03735207,0.6250393,-2.050027E-05,0.7805933,False,0,0,0,Data_from_ARETT
1760984928267,True,True,0.08497741,1.6982,0.03795338,0.6240341,0.001861593,0.7813948,False,0,0,0,Data_from_ARETT
1760984928267,True,True,0.08497741,1.6982,0.03795338,0.6240341,0.001861593,0.7813948,False,0,0,0,Data_from_ARETT
1760984928267,True,True,0.08497741,1.6982,0.03795338,0.6240341,0.001861593,0.7813948,False,0,0,0,Data_from_ARETT
1760984928302,True,True,0.08388231,1.698575,0.03846925,0.6220014,0.003247311,0.7830094,False,0,0,0,Data_from_ARETT
1760984928302,True,True,0.08388231,1.698575,0.03846925,0.6220014,0.003247311,0.7830094,False,0,0,0,Data_from_ARETT
1760984928302,True,True,0.08388231,1.698575,0.03846925,0.6220014,0.003247311,0.7830094,False,0,0,0,Data_from_ARETT
1760984928336,True,True,0.08306647,1.698933,0.03840428,0.6178872,0.008369159,0.7862222,False,0,0,0,Data_from_ARETT
1760984928336,True,True,0.08306647,1.698933,0.03840428,0.6178872,0.008369159,0.7862222,False,0,0,0,Data_from_ARETT
1760984928336,True,True,0.08306647,1.698933,0.03840428,0.6178872,0.008369159,0.7862222,False,0,0,0,Data_from_ARETT
1760984928370,True,True,0.08251863,1.698601,0.03911015,0.6152575,0.007918065,0.7882864,False,0,0,0,Data_from_ARETT
1760984928370,True,True,0.08251863,1.698601,0.03911015,0.6152575,0.007918065,0.7882864,False,0,0,0,Data_from_ARETT
1760984928370,True,True,0.08251863,1.698601,0.03911015,0.6152575,0.007918065,0.7882864,False,0,0,0,Data_from_ARETT
1760984928404,True,True,0.08255613,1.698227,0.03899041,0.614684,0.006857095,0.7887437,False,0,0,0,Data_from_ARETT
1760984928404,True,True,0.08255613,1.698227,0.03899041,0.614684,0.006857095,0.7887437,False,0,0,0,Data_from_ARETT
1760984928404,True,True,0.08255613,1.698227,0.03899041,0.614684,0.006857095,0.7887437,False,0,0,0,Data_from_ARETT
1760984928437,True,True,0.08271522,1.69801,0.03878207,0.6157134,0.005701521,0.7879496,False,0,0,0,Data_from_ARETT
1760984928437,True,True,0.08271522,1.69801,0.03878207,0.6157134,0.005701521,0.7879496,False,0,0,0,Data_from_ARETT
1760984928437,True,True,0.08271522,1.69801,0.03878207,0.6157134,0.005701521,0.7879496,False,0,0,0,Data_from_ARETT
1760984928473,True,True,0.08342694,1.697357,0.0381889,0.6217738,-0.002335986,0.7831933,False,0,0,0,Data_from_ARETT
1760984928473,True,True,0.08342694,1.697357,0.0381889,0.6217738,-0.002335986,0.7831933,False,0,0,0,Data_from_ARETT
1760984928473,True,True,0.08342694,1.697357,0.0381889,0.6217738,-0.002335986,0.7831933,False,0,0,0,Data_from_ARETT
1760984928507,True,True,0.08458576,1.696898,0.03807206,0.6267296,-0.003224364,0.7792302,False,0,0,0,Data_from_ARETT
1760984928507,True,True,0.08458576,1.696898,0.03807206,0.6267296,-0.003224364,0.7792302,False,0,0,0,Data_from_ARETT
1760984928507,True,True,0.08458576,1.696898,0.03807206,0.6267296,-0.003224364,0.7792302,False,0,0,0,Data_from_ARETT
1760984928541,True,True,0.08524743,1.696832,0.0374418,0.6315064,-0.004067844,0.7753599,False,0,0,0,Data_from_ARETT
1760984928541,True,True,0.08524743,1.696832,0.0374418,0.6315064,-0.004067844,0.7753599,False,0,0,0,Data_from_ARETT
1760984928541,True,True,0.08524743,1.696832,0.0374418,0.6315064,-0.004067844,0.7753599,False,0,0,0,Data_from_ARETT
1760984928575,True,True,0.08588784,1.696972,0.0370437,0.6339779,-0.002545763,0.773347,False,0,0,0,Data_from_ARETT
1760984928575,True,True,0.08588784,1.696972,0.0370437,0.6339779,-0.002545763,0.773347,False,0,0,0,Data_from_ARETT
1760984928575,True,True,0.08588784,1.696972,0.0370437,0.6339779,-0.002545763,0.773347,False,0,0,0,Data_from_ARETT
1760984928609,True,True,0.08598226,1.696922,0.03619842,0.6349096,-0.00304657,0.7725804,False,0,0,0,Data_from_ARETT
1760984928609,True,True,0.08598226,1.696922,0.03619842,0.6349096,-0.00304657,0.7725804,False,0,0,0,Data_from_ARETT
1760984928609,True,True,0.08598226,1.696922,0.03619842,0.6349096,-0.00304657,0.7725804,False,0,0,0,Data_from_ARETT
1760984928642,True,True,0.08579125,1.696709,0.03613564,0.6359972,-0.007681726,0.7716531,False,0,0,0,Data_from_ARETT
1760984928642,True,True,0.08579125,1.696709,0.03613564,0.6359972,-0.007681726,0.7716531,False,0,0,0,Data_from_ARETT
1760984928642,True,True,0.08579125,1.696709,0.03613564,0.6359972,-0.007681726,0.7716531,False,0,0,0,Data_from_ARETT
1760984928678,True,True,0.08662774,1.696514,0.03642269,0.6347696,-0.007131545,0.7726685,False,0,0,0,Data_from_ARETT
1760984928678,True,True,0.08662774,1.696514,0.03642269,0.6347696,-0.007131545,0.7726685,False,0,0,0,Data_from_ARETT
1760984928678,True,True,0.08662774,1.696514,0.03642269,0.6347696,-0.007131545,0.7726685,False,0,0,0,Data_from_ARETT
1760984928711,True,True,0.0858583,1.696837,0.03579205,0.6313464,-0.00570876,0.77548,False,0,0,0,Data_from_ARETT
1760984928711,True,True,0.0858583,1.696837,0.03579205,0.6313464,-0.00570876,0.77548,False,0,0,0,Data_from_ARETT
1760984928711,True,True,0.0858583,1.696837,0.03579205,0.6313464,-0.00570876,0.77548,False,0,0,0,Data_from_ARETT
1760984928745,True,True,0.08535741,1.69662,0.03583684,0.6316439,-0.00791857,0.7752182,False,0,0,0,Data_from_ARETT
1760984928745,True,True,0.08535741,1.69662,0.03583684,0.6316439,-0.00791857,0.7752182,False,0,0,0,Data_from_ARETT
1760984928745,True,True,0.08535741,1.69662,0.03583684,0.6316439,-0.00791857,0.7752182,False,0,0,0,Data_from_ARETT
1760984928779,True,True,0.08459823,1.697006,0.03551562,0.6325004,-0.01262861,0.774457,False,0,0,0,Data_from_ARETT
1760984928779,True,True,0.08459823,1.697006,0.03551562,0.6325004,-0.01262861,0.774457,False,0,0,0,Data_from_ARETT
1760984928779,True,True,0.08459823,1.697006,0.03551562,0.6325004,-0.01262861,0.774457,False,0,0,0,Data_from_ARETT
1760984928814,True,True,0.08417092,1.696779,0.03601971,0.6310957,-0.01040473,0.7756352,False,0,0,0,Data_from_ARETT
1760984928814,True,True,0.08417092,1.696779,0.03601971,0.6310957,-0.01040473,0.7756352,False,0,0,0,Data_from_ARETT
1760984928814,True,True,0.08417092,1.696779,0.03601971,0.6310957,-0.01040473,0.7756352,False,0,0,0,Data_from_ARETT
1760984928848,True,True,0.08278664,1.697477,0.03631546,0.6292812,-0.009624153,0.7771181,False,0,0,0,Data_from_ARETT
1760984928848,True,True,0.08278664,1.697477,0.03631546,0.6292812,-0.009624153,0.7771181,False,0,0,0,Data_from_ARETT
1760984928848,True,True,0.08278664,1.697477,0.03631546,0.6292812,-0.009624153,0.7771181,False,0,0,0,Data_from_ARETT
1760984928882,True,True,0.08335986,1.697646,0.03711279,0.6263947,-0.002684006,0.7795014,False,0,0,0,Data_from_ARETT
1760984928882,True,True,0.08335986,1.697646,0.03711279,0.6263947,-0.002684006,0.7795014,False,0,0,0,Data_from_ARETT
1760984928882,True,True,0.08335986,1.697646,0.03711279,0.6263947,-0.002684006,0.7795014,False,0,0,0,Data_from_ARETT
1760984928917,True,True,0.08235685,1.69862,0.0369533,0.6219309,0.005824134,0.7830505,False,0,0,0,Data_from_ARETT
1760984928917,True,True,0.08235685,1.69862,0.0369533,0.6219309,0.005824134,0.7830505,False,0,0,0,Data_from_ARETT
1760984928917,True,True,0.08235685,1.69862,0.0369533,0.6219309,0.005824134,0.7830505,False,0,0,0,Data_from_ARETT
1760984928950,True,True,0.08202657,1.698567,0.03700944,0.6192803,0.008933445,0.7851192,False,0,0,0,Data_from_ARETT
1760984928950,True,True,0.08202657,1.698567,0.03700944,0.6192803,0.008933445,0.7851192,False,0,0,0,Data_from_ARETT
1760984928950,True,True,0.08202657,1.698567,0.03700944,0.6192803,0.008933445,0.7851192,False,0,0,0,Data_from_ARETT
1760984928984,True,True,0.08177419,1.698618,0.03660689,0.6196647,0.006590735,0.784839,False,0,0,0,Data_from_ARETT
1760984928984,True,True,0.08177419,1.698618,0.03660689,0.6196647,0.006590735,0.784839,False,0,0,0,Data_from_ARETT
1760984928984,True,True,0.08177419,1.698618,0.03660689,0.6196647,0.006590735,0.784839,False,0,0,0,Data_from_ARETT
1760984929018,True,True,0.08219273,1.698918,0.03670556,0.6211567,0.007192234,0.7836534,False,0,0,0,Data_from_ARETT
1760984929018,True,True,0.08219273,1.698918,0.03670556,0.6211567,0.007192234,0.7836534,False,0,0,0,Data_from_ARETT
1760984929018,True,True,0.08219273,1.698918,0.03670556,0.6211567,0.007192234,0.7836534,False,0,0,0,Data_from_ARETT
1760984929053,True,True,0.08238326,1.699453,0.03667737,0.6217328,0.01321147,0.783118,False,0,0,0,Data_from_ARETT
1760984929053,True,True,0.08238326,1.699453,0.03667737,0.6217328,0.01321147,0.783118,False,0,0,0,Data_from_ARETT
1760984929053,True,True,0.08238326,1.699453,0.03667737,0.6217328,0.01321147,0.783118,False,0,0,0,Data_from_ARETT
1760984929086,True,True,0.08236304,1.700011,0.03574752,0.6202674,0.02081917,0.7841141,False,0,0,0,Data_from_ARETT
1760984929086,True,True,0.08236304,1.700011,0.03574752,0.6202674,0.02081917,0.7841141,False,0,0,0,Data_from_ARETT
1760984929086,True,True,0.08236304,1.700011,0.03574752,0.6202674,0.02081917,0.7841141,False,0,0,0,Data_from_ARETT
1760984929120,True,True,0.08224212,1.700505,0.03525981,0.618348,0.02428289,0.7855292,False,0,0,0,Data_from_ARETT
1760984929120,True,True,0.08224212,1.700505,0.03525981,0.618348,0.02428289,0.7855292,False,0,0,0,Data_from_ARETT
1760984929120,True,True,0.08224212,1.700505,0.03525981,0.618348,0.02428289,0.7855292,False,0,0,0,Data_from_ARETT
1760984929155,True,True,0.08187775,1.701192,0.03517898,0.6160861,0.03320331,0.7869787,False,0,0,0,Data_from_ARETT
1760984929155,True,True,0.08187775,1.701192,0.03517898,0.6160861,0.03320331,0.7869787,False,0,0,0,Data_from_ARETT
1760984929155,True,True,0.08187775,1.701192,0.03517898,0.6160861,0.03320331,0.7869787,False,0,0,0,Data_from_ARETT
1760984929189,True,True,0.08205774,1.70203,0.03465334,0.6135045,0.04616116,0.7883409,False,0,0,0,Data_from_ARETT
1760984929189,True,True,0.08205774,1.70203,0.03465334,0.6135045,0.04616116,0.7883409,False,0,0,0,Data_from_ARETT
1760984929189,True,True,0.08205774,1.70203,0.03465334,0.6135045,0.04616116,0.7883409,False,0,0,0,Data_from_ARETT
1760984929223,True,True,0.08180641,1.704393,0.03474696,0.6108412,0.06418181,0.7891475,False,0,0,0,Data_from_ARETT
1760984929223,True,True,0.08180641,1.704393,0.03474696,0.6108412,0.06418181,0.7891475,False,0,0,0,Data_from_ARETT
1760984929223,True,True,0.08180641,1.704393,0.03474696,0.6108412,0.06418181,0.7891475,False,0,0,0,Data_from_ARETT
1760984929256,True,True,0.08151959,1.706413,0.03446966,0.6066687,0.1030349,0.7882493,True,0.9124001,1.847527,1.114039,Data_from_ARETT
1760984929256,True,True,0.08151959,1.706413,0.03446966,0.6066687,0.1030349,0.7882493,True,0.9124001,1.847527,1.114039,Data_from_ARETT
1760984929256,True,True,0.08151959,1.706413,0.03446966,0.6066687,0.1030349,0.7882493,True,0.9124001,1.847527,1.114039,Data_from_ARETT
1760984929292,True,True,0.07901656,1.708803,0.03174041,0.6056587,0.1178375,0.786951,True,0.9080818,1.870106,1.10897,Data_from_ARETT
1760984929292,True,True,0.07901656,1.708803,0.03174041,0.6056587,0.1178375,0.786951,True,0.9080818,1.870106,1.10897,Data_from_ARETT
1760984929292,True,True,0.07901656,1.708803,0.03174041,0.6056587,0.1178375,0.786951,True,0.9080818,1.870106,1.10897,Data_from_ARETT
1760984929325,True,True,0.07835844,1.709794,0.0301341,0.6034694,0.1259712,0.7873728,False,0,0,0,Data_from_ARETT
1760984929325,True,True,0.07835844,1.709794,0.0301341,0.6034694,0.1259712,0.7873728,False,0,0,0,Data_from_ARETT
1760984929325,True,True,0.07835844,1.709794,0.0301341,0.6034694,0.1259712,0.7873728,False,0,0,0,Data_from_ARETT
1760984929360,True,True,0.07703797,1.710588,0.0293106,0.6014451,0.1350133,0.7874231,False,0,0,0,Data_from_ARETT
1760984929360,True,True,0.07703797,1.710588,0.0293106,0.6014451,0.1350133,0.7874231,False,0,0,0,Data_from_ARETT
1760984929360,True,True,0.07703797,1.710588,0.0293106,0.6014451,0.1350133,0.7874231,False,0,0,0,Data_from_ARETT
1760984929394,True,True,0.07593209,1.711917,0.0285373,0.5992526,0.1486903,0.7866305,False,0,0,0,Data_from_ARETT
1760984929394,True,True,0.07593209,1.711917,0.0285373,0.5992526,0.1486903,0.7866305,False,0,0,0,Data_from_ARETT
1760984929394,True,True,0.07593209,1.711917,0.0285373,0.5992526,0.1486903,0.7866305,False,0,0,0,Data_from_ARETT
1760984929428,True,True,0.07545938,1.7127,0.02902361,0.5961783,0.1661737,0.7854666,False,0,0,0,Data_from_ARETT
1760984929428,True,True,0.07545938,1.7127,0.02902361,0.5961783,0.1661737,0.7854666,False,0,0,0,Data_from_ARETT
1760984929428,True,True,0.07545938,1.7127,0.02902361,0.5961783,0.1661737,0.7854666,False,0,0,0,Data_from_ARETT
1760984929462,True,True,0.07312065,1.714042,0.02800996,0.5938453,0.1799599,0.7841952,False,0,0,0,Data_from_ARETT
1760984929462,True,True,0.07312065,1.714042,0.02800996,0.5938453,0.1799599,0.7841952,False,0,0,0,Data_from_ARETT
1760984929462,True,True,0.07312065,1.714042,0.02800996,0.5938453,0.1799599,0.7841952,False,0,0,0,Data_from_ARETT
1760984929497,True,True,0.07214482,1.714277,0.02692439,0.5922108,0.1828062,0.7847728,False,0,0,0,Data_from_ARETT
1760984929497,True,True,0.07214482,1.714277,0.02692439,0.5922108,0.1828062,0.7847728,False,0,0,0,Data_from_ARETT
1760984929497,True,True,0.07214482,1.714277,0.02692439,0.5922108,0.1828062,0.7847728,False,0,0,0,Data_from_ARETT
1760984929531,True,True,0.07147329,1.714082,0.0266198,0.5911764,0.1816665,0.7858167,False,0,0,0,Data_from_ARETT
1760984929531,True,True,0.07147329,1.714082,0.0266198,0.5911764,0.1816665,0.7858167,False,0,0,0,Data_from_ARETT
1760984929531,True,True,0.07147329,1.714082,0.0266198,0.5911764,0.1816665,0.7858167,False,0,0,0,Data_from_ARETT
1760984929565,True,True,0.07089534,1.71389,0.02659755,0.5907815,0.180067,0.7864815,False,0,0,0,Data_from_ARETT
1760984929565,True,True,0.07089534,1.71389,0.02659755,0.5907815,0.180067,0.7864815,False,0,0,0,Data_from_ARETT
1760984929565,True,True,0.07089534,1.71389,0.02659755,0.5907815,0.180067,0.7864815,False,0,0,0,Data_from_ARETT
1760984929599,True,True,0.07058989,1.713945,0.02683485,0.5906987,0.1814648,0.7862223,False,0,0,0,Data_from_ARETT
1760984929599,True,True,0.07058989,1.713945,0.02683485,0.5906987,0.1814648,0.7862223,False,0,0,0,Data_from_ARETT
1760984929599,True,True,0.07058989,1.713945,0.02683485,0.5906987,0.1814648,0.7862223,False,0,0,0,Data_from_ARETT
1760984929633,True,True,0.0708492,1.714504,0.02746819,0.5891305,0.1889029,0.7856469,False,0,0,0,Data_from_ARETT
1760984929633,True,True,0.0708492,1.714504,0.02746819,0.5891305,0.1889029,0.7856469,False,0,0,0,Data_from_ARETT
1760984929633,True,True,0.0708492,1.714504,0.02746819,0.5891305,0.1889029,0.7856469,False,0,0,0,Data_from_ARETT
1760984929668,True,True,0.07026315,1.715507,0.02701969,0.5871933,0.1994618,0.7844865,False,0,0,0,Data_from_ARETT
1760984929668,True,True,0.07026315,1.715507,0.02701969,0.5871933,0.1994618,0.7844865,False,0,0,0,Data_from_ARETT
1760984929668,True,True,0.07026315,1.715507,0.02701969,0.5871933,0.1994618,0.7844865,False,0,0,0,Data_from_ARETT
1760984929701,True,True,0.06967946,1.716035,0.0266811,0.585894,0.2035958,0.7843959,False,0,0,0,Data_from_ARETT
1760984929701,True,True,0.06967946,1.716035,0.0266811,0.585894,0.2035958,0.7843959,False,0,0,0,Data_from_ARETT
1760984929701,True,True,0.06967946,1.716035,0.0266811,0.585894,0.2035958,0.7843959,False,0,0,0,Data_from_ARETT
1760984929736,True,True,0.06948195,1.716758,0.02635722,0.5846668,0.2033011,0.7853875,False,0,0,0,Data_from_ARETT
1760984929736,True,True,0.06948195,1.716758,0.02635722,0.5846668,0.2033011,0.7853875,False,0,0,0,Data_from_ARETT
1760984929736,True,True,0.06948195,1.716758,0.02635722,0.5846668,0.2033011,0.7853875,False,0,0,0,Data_from_ARETT
1760984929771,True,True,0.0708174,1.71717,0.02809816,0.5812254,0.2202769,0.7833614,False,0,0,0,Data_from_ARETT
1760984929771,True,True,0.0708174,1.71717,0.02809816,0.5812254,0.2202769,0.7833614,False,0,0,0,Data_from_ARETT
1760984929771,True,True,0.0708174,1.71717,0.02809816,0.5812254,0.2202769,0.7833614,False,0,0,0,Data_from_ARETT
1760984929805,True,True,0.06946846,1.718295,0.02655837,0.5806634,0.2263678,0.7820407,False,0,0,0,Data_from_ARETT
1760984929805,True,True,0.06946846,1.718295,0.02655837,0.5806634,0.2263678,0.7820407,False,0,0,0,Data_from_ARETT
1760984929805,True,True,0.06946846,1.718295,0.02655837,0.5806634,0.2263678,0.7820407,False,0,0,0,Data_from_ARETT
1760984929839,True,True,0.06997158,1.718204,0.02630879,0.5806184,0.2250661,0.7824497,False,0,0,0,Data_from_ARETT
1760984929839,True,True,0.06997158,1.718204,0.02630879,0.5806184,0.2250661,0.7824497,False,0,0,0,Data_from_ARETT
1760984929839,True,True,0.06997158,1.718204,0.02630879,0.5806184,0.2250661,0.7824497,False,0,0,0,Data_from_ARETT
1760984929873,True,True,0.070543,1.717768,0.02713367,0.5803718,0.2260894,0.7823377,False,0,0,0,Data_from_ARETT
1760984929873,True,True,0.070543,1.717768,0.02713367,0.5803718,0.2260894,0.7823377,False,0,0,0,Data_from_ARETT
1760984929873,True,True,0.070543,1.717768,0.02713367,0.5803718,0.2260894,0.7823377,False,0,0,0,Data_from_ARETT
1760984929908,True,True,0.07039481,1.717464,0.02680795,0.5810751,0.2216503,0.7830855,False,0,0,0,Data_from_ARETT
1760984929908,True,True,0.07039481,1.717464,0.02680795,0.5810751,0.2216503,0.7830855,False,0,0,0,Data_from_ARETT
1760984929908,True,True,0.07039481,1.717464,0.02680795,0.5810751,0.2216503,0.7830855,False,0,0,0,Data_from_ARETT
1760984929941,True,True,0.07024664,1.717183,0.02671163,0.5817273,0.2157687,0.7842432,False,0,0,0,Data_from_ARETT
1760984929941,True,True,0.07024664,1.717183,0.02671163,0.5817273,0.2157687,0.7842432,False,0,0,0,Data_from_ARETT
1760984929941,True,True,0.07024664,1.717183,0.02671163,0.5817273,0.2157687,0.7842432,False,0,0,0,Data_from_ARETT
1760984929975,True,True,0.07192106,1.71686,0.02898614,0.5799612,0.217761,0.785,False,0,0,0,Data_from_ARETT
1760984929975,True,True,0.07192106,1.71686,0.02898614,0.5799612,0.217761,0.785,False,0,0,0,Data_from_ARETT
1760984929975,True,True,0.07192106,1.71686,0.02898614,0.5799612,0.217761,0.785,False,0,0,0,Data_from_ARETT
1760984930009,True,True,0.07081214,1.717669,0.02718489,0.5802581,0.2216534,0.7836902,False,0,0,0,Data_from_ARETT
1760984930009,True,True,0.07081214,1.717669,0.02718489,0.5802581,0.2216534,0.7836902,False,0,0,0,Data_from_ARETT
1760984930009,True,True,0.07081214,1.717669,0.02718489,0.5802581,0.2216534,0.7836902,False,0,0,0,Data_from_ARETT
1760984930043,True,True,0.0707185,1.717407,0.02683446,0.580833,0.2181627,0.7842436,False,0,0,0,Data_from_ARETT
1760984930043,True,True,0.0707185,1.717407,0.02683446,0.580833,0.2181627,0.7842436,False,0,0,0,Data_from_ARETT
1760984930043,True,True,0.0707185,1.717407,0.02683446,0.580833,0.2181627,0.7842436,False,0,0,0,Data_from_ARETT
1760984930078,True,True,0.07124899,1.717049,0.02707941,0.5793638,0.218757,0.7851643,False,0,0,0,Data_from_ARETT
1760984930078,True,True,0.07124899,1.717049,0.02707941,0.5793638,0.218757,0.7851643,False,0,0,0,Data_from_ARETT
1760984930078,True,True,0.07124899,1.717049,0.02707941,0.5793638,0.218757,0.7851643,False,0,0,0,Data_from_ARETT
1760984930112,True,True,0.07078163,1.717094,0.02685237,0.5784879,0.2191891,0.7856895,False,0,0,0,Data_from_ARETT
1760984930112,True,True,0.07078163,1.717094,0.02685237,0.5784879,0.2191891,0.7856895,False,0,0,0,Data_from_ARETT
1760984930112,True,True,0.07078163,1.717094,0.02685237,0.5784879,0.2191891,0.7856895,False,0,0,0,Data_from_ARETT
1760984930146,True,True,0.07044435,1.716984,0.02658207,0.5784562,0.2178013,0.7860986,False,0,0,0,Data_from_ARETT
1760984930146,True,True,0.07044435,1.716984,0.02658207,0.5784562,0.2178013,0.7860986,False,0,0,0,Data_from_ARETT
1760984930146,True,True,0.07044435,1.716984,0.02658207,0.5784562,0.2178013,0.7860986,False,0,0,0,Data_from_ARETT
1760984930179,True,True,0.07046334,1.716983,0.02642505,0.5787845,0.2161145,0.7863225,False,0,0,0,Data_from_ARETT
1760984930179,True,True,0.07046334,1.716983,0.02642505,0.5787845,0.2161145,0.7863225,False,0,0,0,Data_from_ARETT
1760984930179,True,True,0.07046334,1.716983,0.02642505,0.5787845,0.2161145,0.7863225,False,0,0,0,Data_from_ARETT
1760984930214,True,True,0.07076515,1.716947,0.02638551,0.5786371,0.2172178,0.786127,False,0,0,0,Data_from_ARETT
1760984930214,True,True,0.07076515,1.716947,0.02638551,0.5786371,0.2172178,0.786127,False,0,0,0,Data_from_ARETT
1760984930214,True,True,0.07076515,1.716947,0.02638551,0.5786371,0.2172178,0.786127,False,0,0,0,Data_from_ARETT
1760984930248,True,True,0.07055987,1.716793,0.02598398,0.5790494,0.2167888,0.7859417,False,0,0,0,Data_from_ARETT
1760984930248,True,True,0.07055987,1.716793,0.02598398,0.5790494,0.2167888,0.7859417,False,0,0,0,Data_from_ARETT
1760984930248,True,True,0.07055987,1.716793,0.02598398,0.5790494,0.2167888,0.7859417,False,0,0,0,Data_from_ARETT
1760984930282,True,True,0.07057482,1.716515,0.02601627,0.5794419,0.2151505,0.7861027,False,0,0,0,Data_from_ARETT
1760984930282,True,True,0.07057482,1.716515,0.02601627,0.5794419,0.2151505,0.7861027,False,0,0,0,Data_from_ARETT
1760984930282,True,True,0.07057482,1.716515,0.02601627,0.5794419,0.2151505,0.7861027,False,0,0,0,Data_from_ARETT
1760984930316,True,True,0.07026891,1.716232,0.02571869,0.5789996,0.2120374,0.7872736,False,0,0,0,Data_from_ARETT
1760984930316,True,True,0.07026891,1.716232,0.02571869,0.5789996,0.2120374,0.7872736,False,0,0,0,Data_from_ARETT
1760984930316,True,True,0.07026891,1.716232,0.02571869,0.5789996,0.2120374,0.7872736,False,0,0,0,Data_from_ARETT
1760984930350,True,True,0.07049434,1.71568,0.02620591,0.5777178,0.2075527,0.7894074,False,0,0,0,Data_from_ARETT
1760984930350,True,True,0.07049434,1.71568,0.02620591,0.5777178,0.2075527,0.7894074,False,0,0,0,Data_from_ARETT
1760984930350,True,True,0.07049434,1.71568,0.02620591,0.5777178,0.2075527,0.7894074,False,0,0,0,Data_from_ARETT
1760984930383,True,True,0.07006235,1.715431,0.02646702,0.5761256,0.2047313,0.7913055,False,0,0,0,Data_from_ARETT
1760984930383,True,True,0.07006235,1.715431,0.02646702,0.5761256,0.2047313,0.7913055,False,0,0,0,Data_from_ARETT
1760984930383,True,True,0.07006235,1.715431,0.02646702,0.5761256,0.2047313,0.7913055,False,0,0,0,Data_from_ARETT
1760984930418,True,True,0.0701732,1.715359,0.02673227,0.5748154,0.2006053,0.7933125,False,0,0,0,Data_from_ARETT
1760984930418,True,True,0.0701732,1.715359,0.02673227,0.5748154,0.2006053,0.7933125,False,0,0,0,Data_from_ARETT
1760984930418,True,True,0.0701732,1.715359,0.02673227,0.5748154,0.2006053,0.7933125,False,0,0,0,Data_from_ARETT
1760984930452,True,True,0.070467,1.715333,0.02724341,0.5736219,0.2033387,0.7934805,False,0,0,0,Data_from_ARETT
1760984930452,True,True,0.070467,1.715333,0.02724341,0.5736219,0.2033387,0.7934805,False,0,0,0,Data_from_ARETT
1760984930452,True,True,0.070467,1.715333,0.02724341,0.5736219,0.2033387,0.7934805,False,0,0,0,Data_from_ARETT
1760984930486,True,True,0.07013343,1.715593,0.02693181,0.5754551,0.2045309,0.791845,False,0,0,0,Data_from_ARETT
1760984930486,True,True,0.07013343,1.715593,0.02693181,0.5754551,0.2045309,0.791845,False,0,0,0,Data_from_ARETT
1760984930486,True,True,0.07013343,1.715593,0.02693181,0.5754551,0.2045309,0.791845,False,0,0,0,Data_from_ARETT
1760984930520,True,True,0.07006285,1.715471,0.02666277,0.5774781,0.2028001,0.7908168,False,0,0,0,Data_from_ARETT
1760984930520,True,True,0.07006285,1.715471,0.02666277,0.5774781,0.2028001,0.7908168,False,0,0,0,Data_from_ARETT
1760984930520,True,True,0.07006285,1.715471,0.02666277,0.5774781,0.2028001,0.7908168,False,0,0,0,Data_from_ARETT
1760984930555,True,True,0.07076204,1.71517,0.02682593,0.5775902,0.2009929,0.7911962,False,0,0,0,Data_from_ARETT
1760984930555,True,True,0.07076204,1.71517,0.02682593,0.5775902,0.2009929,0.7911962,False,0,0,0,Data_from_ARETT
1760984930555,True,True,0.07076204,1.71517,0.02682593,0.5775902,0.2009929,0.7911962,False,0,0,0,Data_from_ARETT
1760984930588,True,True,0.07018604,1.71515,0.02658188,0.5774071,0.1986615,0.7919183,False,0,0,0,Data_from_ARETT
1760984930588,True,True,0.07018604,1.71515,0.02658188,0.5774071,0.1986615,0.7919183,False,0,0,0,Data_from_ARETT
1760984930588,True,True,0.07018604,1.71515,0.02658188,0.5774071,0.1986615,0.7919183,False,0,0,0,Data_from_ARETT
1760984930622,True,True,0.07067444,1.714687,0.02701092,0.5769937,0.1952731,0.7930616,False,0,0,0,Data_from_ARETT
1760984930622,True,True,0.07067444,1.714687,0.02701092,0.5769937,0.1952731,0.7930616,False,0,0,0,Data_from_ARETT
1760984930622,True,True,0.07067444,1.714687,0.02701092,0.5769937,0.1952731,0.7930616,False,0,0,0,Data_from_ARETT
1760984930657,True,True,0.07093551,1.714371,0.0274955,0.5771126,0.1937228,0.7933552,False,0,0,0,Data_from_ARETT
1760984930657,True,True,0.07093551,1.714371,0.0274955,0.5771126,0.1937228,0.7933552,False,0,0,0,Data_from_ARETT
1760984930657,True,True,0.07093551,1.714371,0.0274955,0.5771126,0.1937228,0.7933552,False,0,0,0,Data_from_ARETT
1760984930690,True,True,0.07114726,1.714094,0.02729684,0.5799378,0.1899296,0.7922114,False,0,0,0,Data_from_ARETT
1760984930690,True,True,0.07114726,1.714094,0.02729684,0.5799378,0.1899296,0.7922114,False,0,0,0,Data_from_ARETT
1760984930690,True,True,0.07114726,1.714094,0.02729684,0.5799378,0.1899296,0.7922114,False,0,0,0,Data_from_ARETT
1760984930724,True,True,0.07147919,1.713436,0.02766003,0.5830421,0.1866066,0.7907211,False,0,0,0,Data_from_ARETT
1760984930724,True,True,0.07147919,1.713436,0.02766003,0.5830421,0.1866066,0.7907211,False,0,0,0,Data_from_ARETT
1760984930724,True,True,0.07147919,1.713436,0.02766003,0.5830421,0.1866066,0.7907211,False,0,0,0,Data_from_ARETT
1760984930758,True,True,0.07190785,1.71293,0.02767886,0.5861869,0.1808908,0.7897236,False,0,0,0,Data_from_ARETT
1760984930758,True,True,0.07190785,1.71293,0.02767886,0.5861869,0.1808908,0.7897236,False,0,0,0,Data_from_ARETT
1760984930758,True,True,0.07190785,1.71293,0.02767886,0.5861869,0.1808908,0.7897236,False,0,0,0,Data_from_ARETT
1760984930792,True,True,0.07233883,1.712616,0.02770515,0.5891232,0.1775352,0.7882988,False,0,0,0,Data_from_ARETT
1760984930792,True,True,0.07233883,1.712616,0.02770515,0.5891232,0.1775352,0.7882988,False,0,0,0,Data_from_ARETT
1760984930792,True,True,0.07233883,1.712616,0.02770515,0.5891232,0.1775352,0.7882988,False,0,0,0,Data_from_ARETT
1760984930826,True,True,0.07246985,1.712341,0.02805633,0.5912465,0.1744415,0.7873994,False,0,0,0,Data_from_ARETT
1760984930826,True,True,0.07246985,1.712341,0.02805633,0.5912465,0.1744415,0.7873994,False,0,0,0,Data_from_ARETT
1760984930826,True,True,0.07246985,1.712341,0.02805633,0.5912465,0.1744415,0.7873994,False,0,0,0,Data_from_ARETT
1760984930860,True,True,0.07252867,1.712341,0.02816271,0.592634,0.1713732,0.78703,False,0,0,0,Data_from_ARETT
1760984930860,True,True,0.07252867,1.712341,0.02816271,0.592634,0.1713732,0.78703,False,0,0,0,Data_from_ARETT
1760984930860,True,True,0.07252867,1.712341,0.02816271,0.592634,0.1713732,0.78703,False,0,0,0,Data_from_ARETT
1760984930894,True,True,0.07289129,1.712145,0.02856862,0.5925734,0.1706861,0.7872249,False,0,0,0,Data_from_ARETT
1760984930894,True,True,0.07289129,1.712145,0.02856862,0.5925734,0.1706861,0.7872249,False,0,0,0,Data_from_ARETT
1760984930894,True,True,0.07289129,1.712145,0.02856862,0.5925734,0.1706861,0.7872249,False,0,0,0,Data_from_ARETT
1760984930928,True,True,0.07230749,1.712233,0.02846063,0.5912007,0.1719783,0.7879754,False,0,0,0,Data_from_ARETT
1760984930928,True,True,0.07230749,1.712233,0.02846063,0.5912007,0.1719783,0.7879754,False,0,0,0,Data_from_ARETT
1760984930928,True,True,0.07230749,1.712233,0.02846063,0.5912007,0.1719783,0.7879754,False,0,0,0,Data_from_ARETT
1760984930962,True,True,0.07259273,1.71213,0.02886027,0.5903612,0.1710485,0.7888067,False,0,0,0,Data_from_ARETT
1760984930962,True,True,0.07259273,1.71213,0.02886027,0.5903612,0.1710485,0.7888067,False,0,0,0,Data_from_ARETT
1760984930962,True,True,0.07259273,1.71213,0.02886027,0.5903612,0.1710485,0.7888067,False,0,0,0,Data_from_ARETT
1760984930996,True,True,0.07252512,1.712156,0.02884976,0.5895272,0.1735167,0.7888914,False,0,0,0,Data_from_ARETT
1760984930996,True,True,0.07252512,1.712156,0.02884976,0.5895272,0.1735167,0.7888914,False,0,0,0,Data_from_ARETT
1760984930996,True,True,0.07252512,1.712156,0.02884976,0.5895272,0.1735167,0.7888914,False,0,0,0,Data_from_ARETT
1760984931031,True,True,0.07250487,1.712142,0.0289092,0.589806,0.1715767,0.7891073,False,0,0,0,Data_from_ARETT
1760984931031,True,True,0.07250487,1.712142,0.0289092,0.589806,0.1715767,0.7891073,False,0,0,0,Data_from_ARETT
1760984931031,True,True,0.07250487,1.712142,0.0289092,0.589806,0.1715767,0.7891073,False,0,0,0,Data_from_ARETT
1760984931065,True,True,0.07249,1.712156,0.0289562,0.5902911,0.1692914,0.7892382,False,0,0,0,Data_from_ARETT
1760984931065,True,True,0.07249,1.712156,0.0289562,0.5902911,0.1692914,0.7892382,False,0,0,0,Data_from_ARETT
1760984931065,True,True,0.07249,1.712156,0.0289562,0.5902911,0.1692914,0.7892382,False,0,0,0,Data_from_ARETT
1760984931099,True,True,0.07291047,1.712149,0.02937132,0.5912992,0.1693549,0.7884696,False,0,0,0,Data_from_ARETT
1760984931099,True,True,0.07291047,1.712149,0.02937132,0.5912992,0.1693549,0.7884696,False,0,0,0,Data_from_ARETT
1760984931099,True,True,0.07291047,1.712149,0.02937132,0.5912992,0.1693549,0.7884696,False,0,0,0,Data_from_ARETT
1760984931132,True,True,0.07295028,1.712158,0.02913671,0.5912167,0.170781,0.7882237,False,0,0,0,Data_from_ARETT
1760984931132,True,True,0.07295028,1.712158,0.02913671,0.5912167,0.170781,0.7882237,False,0,0,0,Data_from_ARETT
1760984931132,True,True,0.07295028,1.712158,0.02913671,0.5912167,0.170781,0.7882237,False,0,0,0,Data_from_ARETT
1760984931167,True,True,0.07286711,1.711902,0.02924516,0.590816,0.1700429,0.7886837,False,0,0,0,Data_from_ARETT
1760984931167,True,True,0.07286711,1.711902,0.02924516,0.590816,0.1700429,0.7886837,False,0,0,0,Data_from_ARETT
1760984931167,True,True,0.07286711,1.711902,0.02924516,0.590816,0.1700429,0.7886837,False,0,0,0,Data_from_ARETT
1760984931201,True,True,0.07261818,1.712075,0.02898464,0.5911256,0.1683162,0.7888221,False,0,0,0,Data_from_ARETT
1760984931201,True,True,0.07261818,1.712075,0.02898464,0.5911256,0.1683162,0.7888221,False,0,0,0,Data_from_ARETT
1760984931201,True,True,0.07261818,1.712075,0.02898464,0.5911256,0.1683162,0.7888221,False,0,0,0,Data_from_ARETT
1760984931235,True,True,0.07295996,1.711775,0.02922368,0.5899764,0.1681274,0.7897222,False,0,0,0,Data_from_ARETT
1760984931235,True,True,0.07295996,1.711775,0.02922368,0.5899764,0.1681274,0.7897222,False,0,0,0,Data_from_ARETT
1760984931235,True,True,0.07295996,1.711775,0.02922368,0.5899764,0.1681274,0.7897222,False,0,0,0,Data_from_ARETT
1760984931269,True,True,0.07270734,1.711966,0.02892767,0.5883732,0.1677356,0.7910005,False,0,0,0,Data_from_ARETT
1760984931269,True,True,0.07270734,1.711966,0.02892767,0.5883732,0.1677356,0.7910005,False,0,0,0,Data_from_ARETT
1760984931269,True,True,0.07270734,1.711966,0.02892767,0.5883732,0.1677356,0.7910005,False,0,0,0,Data_from_ARETT
1760984931303,True,True,0.07254218,1.712008,0.02886477,0.5871492,0.1689369,0.7916541,False,0,0,0,Data_from_ARETT
1760984931303,True,True,0.07254218,1.712008,0.02886477,0.5871492,0.1689369,0.7916541,False,0,0,0,Data_from_ARETT
1760984931303,True,True,0.07254218,1.712008,0.02886477,0.5871492,0.1689369,0.7916541,False,0,0,0,Data_from_ARETT
1760984931336,True,True,0.07265001,1.712088,0.02915533,0.5862664,0.1690965,0.7922741,False,0,0,0,Data_from_ARETT
1760984931336,True,True,0.07265001,1.712088,0.02915533,0.5862664,0.1690965,0.7922741,False,0,0,0,Data_from_ARETT
1760984931336,True,True,0.07265001,1.712088,0.02915533,0.5862664,0.1690965,0.7922741,False,0,0,0,Data_from_ARETT
1760984931371,True,True,0.07233024,1.712184,0.02865721,0.5851765,0.1700227,0.7928813,False,0,0,0,Data_from_ARETT
1760984931371,True,True,0.07233024,1.712184,0.02865721,0.5851765,0.1700227,0.7928813,False,0,0,0,Data_from_ARETT
1760984931371,True,True,0.07233024,1.712184,0.02865721,0.5851765,0.1700227,0.7928813,False,0,0,0,Data_from_ARETT
1760984931406,True,True,0.07233382,1.712036,0.02883344,0.5842648,0.1694141,0.7936835,False,0,0,0,Data_from_ARETT
1760984931406,True,True,0.07233382,1.712036,0.02883344,0.5842648,0.1694141,0.7936835,False,0,0,0,Data_from_ARETT
1760984931406,True,True,0.07233382,1.712036,0.02883344,0.5842648,0.1694141,0.7936835,False,0,0,0,Data_from_ARETT
1760984931439,True,True,0.07228708,1.712092,0.02881785,0.5835286,0.1698805,0.7941253,False,0,0,0,Data_from_ARETT
1760984931439,True,True,0.07228708,1.712092,0.02881785,0.5835286,0.1698805,0.7941253,False,0,0,0,Data_from_ARETT
1760984931439,True,True,0.07228708,1.712092,0.02881785,0.5835286,0.1698805,0.7941253,False,0,0,0,Data_from_ARETT
1760984931473,True,True,0.07194586,1.712505,0.02856595,0.5825638,0.1708709,0.794621,False,0,0,0,Data_from_ARETT
1760984931473,True,True,0.07194586,1.712505,0.02856595,0.5825638,0.1708709,0.794621,False,0,0,0,Data_from_ARETT
1760984931473,True,True,0.07194586,1.712505,0.02856595,0.5825638,0.1708709,0.794621,False,0,0,0,Data_from_ARETT
1760984931508,True,True,0.07205527,1.712729,0.0288988,0.5812652,0.1739092,0.7949128,False,0,0,0,Data_from_ARETT
1760984931508,True,True,0.07205527,1.712729,0.0288988,0.5812652,0.1739092,0.7949128,False,0,0,0,Data_from_ARETT
1760984931508,True,True,0.07205527,1.712729,0.0288988,0.5812652,0.1739092,0.7949128,False,0,0,0,Data_from_ARETT
1760984931542,True,True,0.07118792,1.713215,0.02862312,0.5800003,0.1767219,0.7952164,False,0,0,0,Data_from_ARETT
1760984931542,True,True,0.07118792,1.713215,0.02862312,0.5800003,0.1767219,0.7952164,False,0,0,0,Data_from_ARETT
1760984931542,True,True,0.07118792,1.713215,0.02862312,0.5800003,0.1767219,0.7952164,False,0,0,0,Data_from_ARETT
1760984931576,True,True,0.07139645,1.713077,0.02840503,0.5781499,0.176603,0.7965891,False,0,0,0,Data_from_ARETT
1760984931576,True,True,0.07139645,1.713077,0.02840503,0.5781499,0.176603,0.7965891,False,0,0,0,Data_from_ARETT
1760984931576,True,True,0.07139645,1.713077,0.02840503,0.5781499,0.176603,0.7965891,False,0,0,0,Data_from_ARETT
1760984931610,True,True,0.07078215,1.713221,0.0284038,0.575393,0.1761201,0.7986893,False,0,0,0,Data_from_ARETT
1760984931610,True,True,0.07078215,1.713221,0.0284038,0.575393,0.1761201,0.7986893,False,0,0,0,Data_from_ARETT
1760984931610,True,True,0.07078215,1.713221,0.0284038,0.575393,0.1761201,0.7986893,False,0,0,0,Data_from_ARETT
1760984931644,True,True,0.07030113,1.713253,0.02865416,0.5730182,0.1771296,0.800172,False,0,0,0,Data_from_ARETT
1760984931644,True,True,0.07030113,1.713253,0.02865416,0.5730182,0.1771296,0.800172,False,0,0,0,Data_from_ARETT
1760984931644,True,True,0.07030113,1.713253,0.02865416,0.5730182,0.1771296,0.800172,False,0,0,0,Data_from_ARETT
1760984931678,True,True,0.06920895,1.713428,0.02895292,0.5646588,0.1795619,0.8055544,False,0,0,0,Data_from_ARETT
1760984931678,True,True,0.06920895,1.713428,0.02895292,0.5646588,0.1795619,0.8055544,False,0,0,0,Data_from_ARETT
1760984931678,True,True,0.06920895,1.713428,0.02895292,0.5646588,0.1795619,0.8055544,False,0,0,0,Data_from_ARETT
1760984931712,True,True,0.06838744,1.713559,0.0293966,0.5555712,0.1796516,0.8118287,False,0,0,0,Data_from_ARETT
1760984931712,True,True,0.06838744,1.713559,0.0293966,0.5555712,0.1796516,0.8118287,False,0,0,0,Data_from_ARETT
1760984931712,True,True,0.06838744,1.713559,0.0293966,0.5555712,0.1796516,0.8118287,False,0,0,0,Data_from_ARETT
1760984931746,True,True,0.06762958,1.713748,0.02989662,0.5452134,0.1817853,0.8183498,False,0,0,0,Data_from_ARETT
1760984931746,True,True,0.06762958,1.713748,0.02989662,0.5452134,0.1817853,0.8183498,False,0,0,0,Data_from_ARETT
1760984931746,True,True,0.06762958,1.713748,0.02989662,0.5452134,0.1817853,0.8183498,False,0,0,0,Data_from_ARETT
1760984931780,True,True,0.06634832,1.714203,0.0297891,0.536761,0.1836128,0.8235132,False,0,0,0,Data_from_ARETT
1760984931780,True,True,0.06634832,1.714203,0.0297891,0.536761,0.1836128,0.8235132,False,0,0,0,Data_from_ARETT
1760984931780,True,True,0.06634832,1.714203,0.0297891,0.536761,0.1836128,0.8235132,False,0,0,0,Data_from_ARETT
1760984931814,True,True,0.06532393,1.714232,0.02987607,0.5277595,0.1837897,0.8292716,False,0,0,0,Data_from_ARETT
1760984931814,True,True,0.06532393,1.714232,0.02987607,0.5277595,0.1837897,0.8292716,False,0,0,0,Data_from_ARETT
1760984931814,True,True,0.06532393,1.714232,0.02987607,0.5277595,0.1837897,0.8292716,False,0,0,0,Data_from_ARETT
1760984931848,True,True,0.06456576,1.714287,0.03027398,0.5213622,0.1854969,0.83293,False,0,0,0,Data_from_ARETT
1760984931848,True,True,0.06456576,1.714287,0.03027398,0.5213622,0.1854969,0.83293,False,0,0,0,Data_from_ARETT
1760984931848,True,True,0.06456576,1.714287,0.03027398,0.5213622,0.1854969,0.83293,False,0,0,0,Data_from_ARETT
1760984931883,True,True,0.0639518,1.714708,0.03006621,0.5183055,0.1866632,0.8345755,False,0,0,0,Data_from_ARETT
1760984931883,True,True,0.0639518,1.714708,0.03006621,0.5183055,0.1866632,0.8345755,False,0,0,0,Data_from_ARETT
1760984931883,True,True,0.0639518,1.714708,0.03006621,0.5183055,0.1866632,0.8345755,False,0,0,0,Data_from_ARETT
1760984931916,True,True,0.06342969,1.715071,0.02978537,0.5174449,0.1896416,0.834438,False,0,0,0,Data_from_ARETT
1760984931916,True,True,0.06342969,1.715071,0.02978537,0.5174449,0.1896416,0.834438,False,0,0,0,Data_from_ARETT
1760984931916,True,True,0.06342969,1.715071,0.02978537,0.5174449,0.1896416,0.834438,False,0,0,0,Data_from_ARETT
1760984931951,True,True,0.06326877,1.715037,0.02982398,0.5167726,0.1904506,0.8346704,False,0,0,0,Data_from_ARETT
1760984931951,True,True,0.06326877,1.715037,0.02982398,0.5167726,0.1904506,0.8346704,False,0,0,0,Data_from_ARETT
1760984931951,True,True,0.06326877,1.715037,0.02982398,0.5167726,0.1904506,0.8346704,False,0,0,0,Data_from_ARETT
1760984931985,True,True,0.06277166,1.71506,0.02982614,0.5129883,0.1904388,0.8370042,False,0,0,0,Data_from_ARETT
1760984931985,True,True,0.06277166,1.71506,0.02982614,0.5129883,0.1904388,0.8370042,False,0,0,0,Data_from_ARETT
1760984931985,True,True,0.06277166,1.71506,0.02982614,0.5129883,0.1904388,0.8370042,False,0,0,0,Data_from_ARETT
1760984932019,True,True,0.06227123,1.715176,0.03013802,0.5085916,0.1908586,0.8395877,False,0,0,0,Data_from_ARETT
1760984932019,True,True,0.06227123,1.715176,0.03013802,0.5085916,0.1908586,0.8395877,False,0,0,0,Data_from_ARETT
1760984932019,True,True,0.06227123,1.715176,0.03013802,0.5085916,0.1908586,0.8395877,False,0,0,0,Data_from_ARETT
1760984932053,True,True,0.06193333,1.715294,0.02969317,0.5081227,0.1926146,0.8394706,False,0,0,0,Data_from_ARETT
1760984932053,True,True,0.06193333,1.715294,0.02969317,0.5081227,0.1926146,0.8394706,False,0,0,0,Data_from_ARETT
1760984932053,True,True,0.06193333,1.715294,0.02969317,0.5081227,0.1926146,0.8394706,False,0,0,0,Data_from_ARETT
1760984932088,True,True,0.06221205,1.715098,0.02954253,0.5085818,0.1911378,0.8395302,False,0,0,0,Data_from_ARETT
1760984932088,True,True,0.06221205,1.715098,0.02954253,0.5085818,0.1911378,0.8395302,False,0,0,0,Data_from_ARETT
1760984932088,True,True,0.06221205,1.715098,0.02954253,0.5085818,0.1911378,0.8395302,False,0,0,0,Data_from_ARETT
1760984932122,True,True,0.06243514,1.714965,0.02972816,0.5086588,0.1921818,0.8392451,False,0,0,0,Data_from_ARETT
1760984932122,True,True,0.06243514,1.714965,0.02972816,0.5086588,0.1921818,0.8392451,False,0,0,0,Data_from_ARETT
1760984932122,True,True,0.06243514,1.714965,0.02972816,0.5086588,0.1921818,0.8392451,False,0,0,0,Data_from_ARETT
1760984932155,True,True,0.06239089,1.715041,0.02904785,0.5101647,0.1921043,0.8383483,False,0,0,0,Data_from_ARETT
1760984932155,True,True,0.06239089,1.715041,0.02904785,0.5101647,0.1921043,0.8383483,False,0,0,0,Data_from_ARETT
1760984932155,True,True,0.06239089,1.715041,0.02904785,0.5101647,0.1921043,0.8383483,False,0,0,0,Data_from_ARETT
1760984932190,True,True,0.06268046,1.715004,0.0291261,0.5103577,0.1914114,0.8383893,False,0,0,0,Data_from_ARETT
1760984932190,True,True,0.06268046,1.715004,0.0291261,0.5103577,0.1914114,0.8383893,False,0,0,0,Data_from_ARETT
1760984932190,True,True,0.06268046,1.715004,0.0291261,0.5103577,0.1914114,0.8383893,False,0,0,0,Data_from_ARETT
1760984932224,True,True,0.06251049,1.71484,0.0296841,0.5091445,0.1927428,0.8388219,False,0,0,0,Data_from_ARETT
1760984932224,True,True,0.06251049,1.71484,0.0296841,0.5091445,0.1927428,0.8388219,False,0,0,0,Data_from_ARETT
1760984932224,True,True,0.06251049,1.71484,0.0296841,0.5091445,0.1927428,0.8388219,False,0,0,0,Data_from_ARETT
1760984932258,True,True,0.06241023,1.714946,0.02926078,0.5087883,0.1915836,0.8393034,False,0,0,0,Data_from_ARETT
1760984932258,True,True,0.06241023,1.714946,0.02926078,0.5087883,0.1915836,0.8393034,False,0,0,0,Data_from_ARETT
1760984932258,True,True,0.06241023,1.714946,0.02926078,0.5087883,0.1915836,0.8393034,False,0,0,0,Data_from_ARETT
1760984932292,True,True,0.06260035,1.714879,0.02944975,0.5083235,0.189883,0.8399712,False,0,0,0,Data_from_ARETT
1760984932292,True,True,0.06260035,1.714879,0.02944975,0.5083235,0.189883,0.8399712,False,0,0,0,Data_from_ARETT
1760984932292,True,True,0.06260035,1.714879,0.02944975,0.5083235,0.189883,0.8399712,False,0,0,0,Data_from_ARETT
1760984932326,True,True,0.06267161,1.714847,0.02968385,0.5075993,0.1901489,0.840349,False,0,0,0,Data_from_ARETT
1760984932326,True,True,0.06267161,1.714847,0.02968385,0.5075993,0.1901489,0.840349,False,0,0,0,Data_from_ARETT
1760984932326,True,True,0.06267161,1.714847,0.02968385,0.5075993,0.1901489,0.840349,False,0,0,0,Data_from_ARETT
1760984932361,True,True,0.06295662,1.715013,0.02976934,0.5076826,0.1917246,0.8399405,False,0,0,0,Data_from_ARETT
1760984932361,True,True,0.06295662,1.715013,0.02976934,0.5076826,0.1917246,0.8399405,False,0,0,0,Data_from_ARETT
1760984932361,True,True,0.06295662,1.715013,0.02976934,0.5076826,0.1917246,0.8399405,False,0,0,0,Data_from_ARETT
1760984932394,True,True,0.06304596,1.715066,0.02986087,0.5086546,0.1913738,0.8394323,False,0,0,0,Data_from_ARETT
1760984932394,True,True,0.06304596,1.715066,0.02986087,0.5086546,0.1913738,0.8394323,False,0,0,0,Data_from_ARETT
1760984932394,True,True,0.06304596,1.715066,0.02986087,0.5086546,0.1913738,0.8394323,False,0,0,0,Data_from_ARETT
1760984932429,True,True,0.06325091,1.715133,0.02993919,0.5094655,0.190563,0.8391249,False,0,0,0,Data_from_ARETT
1760984932429,True,True,0.06325091,1.715133,0.02993919,0.5094655,0.190563,0.8391249,False,0,0,0,Data_from_ARETT
1760984932429,True,True,0.06325091,1.715133,0.02993919,0.5094655,0.190563,0.8391249,False,0,0,0,Data_from_ARETT
1760984932462,True,True,0.06335255,1.715091,0.03020088,0.5101909,0.1897124,0.8388769,False,0,0,0,Data_from_ARETT
1760984932462,True,True,0.06335255,1.715091,0.03020088,0.5101909,0.1897124,0.8388769,False,0,0,0,Data_from_ARETT
1760984932462,True,True,0.06335255,1.715091,0.03020088,0.5101909,0.1897124,0.8388769,False,0,0,0,Data_from_ARETT
1760984932496,True,True,0.06361981,1.715139,0.03040843,0.5109513,0.1883385,0.8387237,False,0,0,0,Data_from_ARETT
1760984932496,True,True,0.06361981,1.715139,0.03040843,0.5109513,0.1883385,0.8387237,False,0,0,0,Data_from_ARETT
1760984932496,True,True,0.06361981,1.715139,0.03040843,0.5109513,0.1883385,0.8387237,False,0,0,0,Data_from_ARETT
1760984932530,True,True,0.06380549,1.714897,0.03073364,0.5107375,0.1879373,0.8389439,False,0,0,0,Data_from_ARETT
1760984932530,True,True,0.06380549,1.714897,0.03073364,0.5107375,0.1879373,0.8389439,False,0,0,0,Data_from_ARETT
1760984932530,True,True,0.06380549,1.714897,0.03073364,0.5107375,0.1879373,0.8389439,False,0,0,0,Data_from_ARETT
1760984932564,True,True,0.06373795,1.714806,0.03090897,0.5109196,0.1868842,0.8390682,False,0,0,0,Data_from_ARETT
1760984932564,True,True,0.06373795,1.714806,0.03090897,0.5109196,0.1868842,0.8390682,False,0,0,0,Data_from_ARETT
1760984932564,True,True,0.06373795,1.714806,0.03090897,0.5109196,0.1868842,0.8390682,False,0,0,0,Data_from_ARETT
1760984932598,True,True,0.0638503,1.714702,0.0308879,0.5110953,0.1861266,0.8391296,False,0,0,0,Data_from_ARETT
1760984932598,True,True,0.0638503,1.714702,0.0308879,0.5110953,0.1861266,0.8391296,False,0,0,0,Data_from_ARETT
1760984932598,True,True,0.0638503,1.714702,0.0308879,0.5110953,0.1861266,0.8391296,False,0,0,0,Data_from_ARETT
1760984932632,True,True,0.06399845,1.714488,0.03114005,0.511816,0.1849447,0.8389516,False,0,0,0,Data_from_ARETT
1760984932632,True,True,0.06399845,1.714488,0.03114005,0.511816,0.1849447,0.8389516,False,0,0,0,Data_from_ARETT
1760984932632,True,True,0.06399845,1.714488,0.03114005,0.511816,0.1849447,0.8389516,False,0,0,0,Data_from_ARETT
1760984932667,True,True,0.0639663,1.714444,0.03116709,0.5127192,0.1838107,0.8386493,False,0,0,0,Data_from_ARETT
1760984932667,True,True,0.0639663,1.714444,0.03116709,0.5127192,0.1838107,0.8386493,False,0,0,0,Data_from_ARETT
1760984932667,True,True,0.0639663,1.714444,0.03116709,0.5127192,0.1838107,0.8386493,False,0,0,0,Data_from_ARETT
1760984932701,True,True,0.06434828,1.714289,0.03121162,0.5132837,0.1827704,0.8385314,False,0,0,0,Data_from_ARETT
1760984932701,True,True,0.06434828,1.714289,0.03121162,0.5132837,0.1827704,0.8385314,False,0,0,0,Data_from_ARETT
1760984932701,True,True,0.06434828,1.714289,0.03121162,0.5132837,0.1827704,0.8385314,False,0,0,0,Data_from_ARETT
1760984932735,True,True,0.06425659,1.714355,0.03111057,0.5139406,0.1820198,0.8382922,False,0,0,0,Data_from_ARETT
1760984932735,True,True,0.06425659,1.714355,0.03111057,0.5139406,0.1820198,0.8382922,False,0,0,0,Data_from_ARETT
1760984932735,True,True,0.06425659,1.714355,0.03111057,0.5139406,0.1820198,0.8382922,False,0,0,0,Data_from_ARETT
1760984932769,True,True,0.06434285,1.714276,0.03116408,0.5144469,0.1822548,0.8379306,False,0,0,0,Data_from_ARETT
1760984932769,True,True,0.06434285,1.714276,0.03116408,0.5144469,0.1822548,0.8379306,False,0,0,0,Data_from_ARETT
1760984932769,True,True,0.06434285,1.714276,0.03116408,0.5144469,0.1822548,0.8379306,False,0,0,0,Data_from_ARETT
1760984932803,True,True,0.06459904,1.714364,0.03099628,0.5152102,0.1827095,0.8373623,False,0,0,0,Data_from_ARETT
1760984932803,True,True,0.06459904,1.714364,0.03099628,0.5152102,0.1827095,0.8373623,False,0,0,0,Data_from_ARETT
1760984932803,True,True,0.06459904,1.714364,0.03099628,0.5152102,0.1827095,0.8373623,False,0,0,0,Data_from_ARETT
1760984932837,True,True,0.06450409,1.714672,0.03064526,0.5154716,0.1842561,0.8368624,False,0,0,0,Data_from_ARETT
1760984932837,True,True,0.06450409,1.714672,0.03064526,0.5154716,0.1842561,0.8368624,False,0,0,0,Data_from_ARETT
1760984932837,True,True,0.06450409,1.714672,0.03064526,0.5154716,0.1842561,0.8368624,False,0,0,0,Data_from_ARETT
1760984932871,True,True,0.06468148,1.714756,0.03052163,0.5150882,0.1850692,0.8369191,False,0,0,0,Data_from_ARETT
1760984932871,True,True,0.06468148,1.714756,0.03052163,0.5150882,0.1850692,0.8369191,False,0,0,0,Data_from_ARETT
1760984932871,True,True,0.06468148,1.714756,0.03052163,0.5150882,0.1850692,0.8369191,False,0,0,0,Data_from_ARETT
1760984932905,True,True,0.06456042,1.714517,0.03070273,0.5149528,0.1873883,0.8364862,False,0,0,0,Data_from_ARETT
1760984932905,True,True,0.06456042,1.714517,0.03070273,0.5149528,0.1873883,0.8364862,False,0,0,0,Data_from_ARETT
1760984932905,True,True,0.06456042,1.714517,0.03070273,0.5149528,0.1873883,0.8364862,False,0,0,0,Data_from_ARETT
1760984932940,True,True,0.06437193,1.714655,0.03005713,0.515981,0.1848026,0.8364279,False,0,0,0,Data_from_ARETT
1760984932940,True,True,0.06437193,1.714655,0.03005713,0.515981,0.1848026,0.8364279,False,0,0,0,Data_from_ARETT
1760984932940,True,True,0.06437193,1.714655,0.03005713,0.515981,0.1848026,0.8364279,False,0,0,0,Data_from_ARETT
1760984932974,True,True,0.06482985,1.714505,0.03022892,0.5155426,0.1849011,0.8366764,False,0,0,0,Data_from_ARETT
1760984932974,True,True,0.06482985,1.714505,0.03022892,0.5155426,0.1849011,0.8366764,False,0,0,0,Data_from_ARETT
1760984932974,True,True,0.06482985,1.714505,0.03022892,0.5155426,0.1849011,0.8366764,False,0,0,0,Data_from_ARETT
1760984933008,True,True,0.06452808,1.714534,0.0300484,0.5150213,0.1866805,0.8366023,False,0,0,0,Data_from_ARETT
1760984933008,True,True,0.06452808,1.714534,0.0300484,0.5150213,0.1866805,0.8366023,False,0,0,0,Data_from_ARETT
1760984933008,True,True,0.06452808,1.714534,0.0300484,0.5150213,0.1866805,0.8366023,False,0,0,0,Data_from_ARETT
1760984933042,True,True,0.06434537,1.714623,0.02972753,0.5154794,0.1869871,0.8362517,False,0,0,0,Data_from_ARETT
1760984933042,True,True,0.06434537,1.714623,0.02972753,0.5154794,0.1869871,0.8362517,False,0,0,0,Data_from_ARETT
1760984933042,True,True,0.06434537,1.714623,0.02972753,0.5154794,0.1869871,0.8362517,False,0,0,0,Data_from_ARETT
1760984933075,True,True,0.06459451,1.71452,0.02993536,0.5150907,0.188196,0.83622,False,0,0,0,Data_from_ARETT
1760984933075,True,True,0.06459451,1.71452,0.02993536,0.5150907,0.188196,0.83622,False,0,0,0,Data_from_ARETT
1760984933075,True,True,0.06459451,1.71452,0.02993536,0.5150907,0.188196,0.83622,False,0,0,0,Data_from_ARETT
1760984933110,True,True,0.06442573,1.71463,0.02991914,0.5139704,0.1894644,0.8366228,False,0,0,0,Data_from_ARETT
1760984933110,True,True,0.06442573,1.71463,0.02991914,0.5139704,0.1894644,0.8366228,False,0,0,0,Data_from_ARETT
1760984933110,True,True,0.06442573,1.71463,0.02991914,0.5139704,0.1894644,0.8366228,False,0,0,0,Data_from_ARETT
1760984933144,True,True,0.06428331,1.714757,0.02967445,0.5136898,0.1893943,0.836811,False,0,0,0,Data_from_ARETT
1760984933144,True,True,0.06428331,1.714757,0.02967445,0.5136898,0.1893943,0.836811,False,0,0,0,Data_from_ARETT
1760984933144,True,True,0.06428331,1.714757,0.02967445,0.5136898,0.1893943,0.836811,False,0,0,0,Data_from_ARETT
1760984933177,True,True,0.06442544,1.714929,0.02957162,0.5140256,0.1885976,0.8367847,False,0,0,0,Data_from_ARETT
1760984933177,True,True,0.06442544,1.714929,0.02957162,0.5140256,0.1885976,0.8367847,False,0,0,0,Data_from_ARETT
1760984933177,True,True,0.06442544,1.714929,0.02957162,0.5140256,0.1885976,0.8367847,False,0,0,0,Data_from_ARETT
1760984933212,True,True,0.06460089,1.714887,0.0298065,0.5140638,0.189662,0.8365207,False,0,0,0,Data_from_ARETT
1760984933212,True,True,0.06460089,1.714887,0.0298065,0.5140638,0.189662,0.8365207,False,0,0,0,Data_from_ARETT
1760984933212,True,True,0.06460089,1.714887,0.0298065,0.5140638,0.189662,0.8365207,False,0,0,0,Data_from_ARETT
1760984933246,True,True,0.06451407,1.715066,0.02945355,0.5146715,0.1896524,0.8361491,False,0,0,0,Data_from_ARETT
1760984933246,True,True,0.06451407,1.715066,0.02945355,0.5146715,0.1896524,0.8361491,False,0,0,0,Data_from_ARETT
1760984933246,True,True,0.06451407,1.715066,0.02945355,0.5146715,0.1896524,0.8361491,False,0,0,0,Data_from_ARETT
1760984933280,True,True,0.06481614,1.714791,0.02964046,0.5149603,0.1894636,0.836014,False,0,0,0,Data_from_ARETT
1760984933280,True,True,0.06481614,1.714791,0.02964046,0.5149603,0.1894636,0.836014,False,0,0,0,Data_from_ARETT
1760984933280,True,True,0.06481614,1.714791,0.02964046,0.5149603,0.1894636,0.836014,False,0,0,0,Data_from_ARETT
1760984933315,True,True,0.06486902,1.714809,0.02962472,0.5153634,0.1888437,0.8359058,False,0,0,0,Data_from_ARETT
1760984933315,True,True,0.06486902,1.714809,0.02962472,0.5153634,0.1888437,0.8359058,False,0,0,0,Data_from_ARETT
1760984933315,True,True,0.06486902,1.714809,0.02962472,0.5153634,0.1888437,0.8359058,False,0,0,0,Data_from_ARETT
1760984933349,True,True,0.06484119,1.714868,0.02954164,0.5157036,0.1880448,0.8358761,False,0,0,0,Data_from_ARETT
1760984933349,True,True,0.06484119,1.714868,0.02954164,0.5157036,0.1880448,0.8358761,False,0,0,0,Data_from_ARETT
1760984933349,True,True,0.06484119,1.714868,0.02954164,0.5157036,0.1880448,0.8358761,False,0,0,0,Data_from_ARETT
1760984933383,True,True,0.06501628,1.714799,0.02964899,0.5154803,0.1878989,0.8360467,False,0,0,0,Data_from_ARETT
1760984933383,True,True,0.06501628,1.714799,0.02964899,0.5154803,0.1878989,0.8360467,False,0,0,0,Data_from_ARETT
1760984933383,True,True,0.06501628,1.714799,0.02964899,0.5154803,0.1878989,0.8360467,False,0,0,0,Data_from_ARETT
1760984933417,True,True,0.06491812,1.714828,0.02972426,0.5151625,0.1877481,0.8362765,False,0,0,0,Data_from_ARETT
1760984933417,True,True,0.06491812,1.714828,0.02972426,0.5151625,0.1877481,0.8362765,False,0,0,0,Data_from_ARETT
1760984933417,True,True,0.06491812,1.714828,0.02972426,0.5151625,0.1877481,0.8362765,False,0,0,0,Data_from_ARETT
1760984933450,True,True,0.06496139,1.714775,0.02974994,0.5147747,0.1878587,0.8364903,False,0,0,0,Data_from_ARETT
1760984933450,True,True,0.06496139,1.714775,0.02974994,0.5147747,0.1878587,0.8364903,False,0,0,0,Data_from_ARETT
1760984933450,True,True,0.06496139,1.714775,0.02974994,0.5147747,0.1878587,0.8364903,False,0,0,0,Data_from_ARETT
1760984933484,True,True,0.0649823,1.7147,0.02956122,0.514389,0.1873858,0.8368337,False,0,0,0,Data_from_ARETT
1760984933484,True,True,0.0649823,1.7147,0.02956122,0.514389,0.1873858,0.8368337,False,0,0,0,Data_from_ARETT
1760984933484,True,True,0.0649823,1.7147,0.02956122,0.514389,0.1873858,0.8368337,False,0,0,0,Data_from_ARETT
1760984933519,True,True,0.06512792,1.714518,0.02974311,0.5142459,0.1884745,0.8366771,False,0,0,0,Data_from_ARETT
1760984933519,True,True,0.06512792,1.714518,0.02974311,0.5142459,0.1884745,0.8366771,False,0,0,0,Data_from_ARETT
1760984933519,True,True,0.06512792,1.714518,0.02974311,0.5142459,0.1884745,0.8366771,False,0,0,0,Data_from_ARETT
1760984933553,True,True,0.0650543,1.714665,0.02949966,0.5143707,0.1880169,0.8367033,False,0,0,0,Data_from_ARETT
1760984933553,True,True,0.0650543,1.714665,0.02949966,0.5143707,0.1880169,0.8367033,False,0,0,0,Data_from_ARETT
1760984933553,True,True,0.0650543,1.714665,0.02949966,0.5143707,0.1880169,0.8367033,False,0,0,0,Data_from_ARETT
1760984933587,True,True,0.06505673,1.714737,0.02982594,0.5144433,0.1890092,0.8364351,False,0,0,0,Data_from_ARETT
1760984933587,True,True,0.06505673,1.714737,0.02982594,0.5144433,0.1890092,0.8364351,False,0,0,0,Data_from_ARETT
1760984933587,True,True,0.06505673,1.714737,0.02982594,0.5144433,0.1890092,0.8364351,False,0,0,0,Data_from_ARETT
1760984933620,True,True,0.06453653,1.715071,0.02961093,0.5138486,0.1892106,0.836755,False,0,0,0,Data_from_ARETT
1760984933620,True,True,0.06453653,1.715071,0.02961093,0.5138486,0.1892106,0.836755,False,0,0,0,Data_from_ARETT
1760984933620,True,True,0.06453653,1.715071,0.02961093,0.5138486,0.1892106,0.836755,False,0,0,0,Data_from_ARETT
1760984933655,True,True,0.06483424,1.715013,0.02945276,0.5135472,0.1883892,0.8371253,False,0,0,0,Data_from_ARETT
1760984933655,True,True,0.06483424,1.715013,0.02945276,0.5135472,0.1883892,0.8371253,False,0,0,0,Data_from_ARETT
1760984933655,True,True,0.06483424,1.715013,0.02945276,0.5135472,0.1883892,0.8371253,False,0,0,0,Data_from_ARETT
1760984933689,True,True,0.06489255,1.714691,0.02955546,0.5130262,0.1891572,0.8372716,False,0,0,0,Data_from_ARETT
1760984933689,True,True,0.06489255,1.714691,0.02955546,0.5130262,0.1891572,0.8372716,False,0,0,0,Data_from_ARETT
1760984933689,True,True,0.06489255,1.714691,0.02955546,0.5130262,0.1891572,0.8372716,False,0,0,0,Data_from_ARETT
1760984933723,True,True,0.06452674,1.714864,0.02912052,0.5151128,0.18694,0.836488,False,0,0,0,Data_from_ARETT
1760984933723,True,True,0.06452674,1.714864,0.02912052,0.5151128,0.18694,0.836488,False,0,0,0,Data_from_ARETT
1760984933723,True,True,0.06452674,1.714864,0.02912052,0.5151128,0.18694,0.836488,False,0,0,0,Data_from_ARETT
1760984933756,True,True,0.06485048,1.714759,0.02945847,0.5159966,0.1879305,0.835721,False,0,0,0,Data_from_ARETT
1760984933756,True,True,0.06485048,1.714759,0.02945847,0.5159966,0.1879305,0.835721,False,0,0,0,Data_from_ARETT
1760984933756,True,True,0.06485048,1.714759,0.02945847,0.5159966,0.1879305,0.835721,False,0,0,0,Data_from_ARETT
1760984933791,True,True,0.06501853,1.714821,0.02950289,0.5153135,0.1896433,0.8357556,False,0,0,0,Data_from_ARETT
1760984933791,True,True,0.06501853,1.714821,0.02950289,0.5153135,0.1896433,0.8357556,False,0,0,0,Data_from_ARETT
1760984933791,True,True,0.06501853,1.714821,0.02950289,0.5153135,0.1896433,0.8357556,False,0,0,0,Data_from_ARETT
1760984933826,True,True,0.0646912,1.714807,0.02930498,0.5132321,0.1908769,0.8367549,False,0,0,0,Data_from_ARETT
1760984933826,True,True,0.0646912,1.714807,0.02930498,0.5132321,0.1908769,0.8367549,False,0,0,0,Data_from_ARETT
1760984933826,True,True,0.0646912,1.714807,0.02930498,0.5132321,0.1908769,0.8367549,False,0,0,0,Data_from_ARETT
1760984933859,True,True,0.06437132,1.714909,0.02894503,0.5130847,0.1874416,0.8376215,False,0,0,0,Data_from_ARETT
1760984933859,True,True,0.06437132,1.714909,0.02894503,0.5130847,0.1874416,0.8376215,False,0,0,0,Data_from_ARETT
1760984933859,True,True,0.06437132,1.714909,0.02894503,0.5130847,0.1874416,0.8376215,False,0,0,0,Data_from_ARETT
1760984933893,True,True,0.06498203,1.714774,0.02936703,0.5139951,0.1860988,0.8373627,False,0,0,0,Data_from_ARETT
1760984933893,True,True,0.06498203,1.714774,0.02936703,0.5139951,0.1860988,0.8373627,False,0,0,0,Data_from_ARETT
1760984933893,True,True,0.06498203,1.714774,0.02936703,0.5139951,0.1860988,0.8373627,False,0,0,0,Data_from_ARETT
1760984933927,True,True,0.06508893,1.714955,0.02930504,0.5138218,0.1889219,0.8368367,False,0,0,0,Data_from_ARETT
1760984933927,True,True,0.06508893,1.714955,0.02930504,0.5138218,0.1889219,0.8368367,False,0,0,0,Data_from_ARETT
1760984933927,True,True,0.06508893,1.714955,0.02930504,0.5138218,0.1889219,0.8368367,False,0,0,0,Data_from_ARETT
1760984933962,True,True,0.06500746,1.714973,0.02888083,0.5150833,0.189186,0.8360012,False,0,0,0,Data_from_ARETT
1760984933962,True,True,0.06500746,1.714973,0.02888083,0.5150833,0.189186,0.8360012,False,0,0,0,Data_from_ARETT
1760984933962,True,True,0.06500746,1.714973,0.02888083,0.5150833,0.189186,0.8360012,False,0,0,0,Data_from_ARETT
1760984933995,True,True,0.06509403,1.714954,0.02896566,0.5156091,0.1882314,0.8358924,False,0,0,0,Data_from_ARETT
1760984933995,True,True,0.06509403,1.714954,0.02896566,0.5156091,0.1882314,0.8358924,False,0,0,0,Data_from_ARETT
1760984933995,True,True,0.06509403,1.714954,0.02896566,0.5156091,0.1882314,0.8358924,False,0,0,0,Data_from_ARETT
1760984934030,True,True,0.06537424,1.714913,0.02894036,0.5150633,0.1891372,0.8360245,False,0,0,0,Data_from_ARETT
1760984934030,True,True,0.06537424,1.714913,0.02894036,0.5150633,0.1891372,0.8360245,False,0,0,0,Data_from_ARETT
1760984934030,True,True,0.06537424,1.714913,0.02894036,0.5150633,0.1891372,0.8360245,False,0,0,0,Data_from_ARETT
1760984934064,True,True,0.06527001,1.714975,0.02892213,0.5148464,0.1888447,0.8362242,False,0,0,0,Data_from_ARETT
1760984934064,True,True,0.06527001,1.714975,0.02892213,0.5148464,0.1888447,0.8362242,False,0,0,0,Data_from_ARETT
1760984934064,True,True,0.06527001,1.714975,0.02892213,0.5148464,0.1888447,0.8362242,False,0,0,0,Data_from_ARETT
1760984934098,True,True,0.06504827,1.715081,0.02906715,0.5148447,0.1886008,0.8362803,False,0,0,0,Data_from_ARETT
1760984934098,True,True,0.06504827,1.715081,0.02906715,0.5148447,0.1886008,0.8362803,False,0,0,0,Data_from_ARETT
1760984934098,True,True,0.06504827,1.715081,0.02906715,0.5148447,0.1886008,0.8362803,False,0,0,0,Data_from_ARETT
1760984934133,True,True,0.06536014,1.714901,0.02909944,0.5146976,0.1890592,0.8362674,False,0,0,0,Data_from_ARETT
1760984934133,True,True,0.06536014,1.714901,0.02909944,0.5146976,0.1890592,0.8362674,False,0,0,0,Data_from_ARETT
1760984934133,True,True,0.06536014,1.714901,0.02909944,0.5146976,0.1890592,0.8362674,False,0,0,0,Data_from_ARETT
1760984934167,True,True,0.06494193,1.714904,0.02878175,0.5145548,0.1880143,0.8365907,False,0,0,0,Data_from_ARETT
1760984934167,True,True,0.06494193,1.714904,0.02878175,0.5145548,0.1880143,0.8365907,False,0,0,0,Data_from_ARETT
1760984934167,True,True,0.06494193,1.714904,0.02878175,0.5145548,0.1880143,0.8365907,False,0,0,0,Data_from_ARETT
1760984934201,True,True,0.06503098,1.714717,0.02894034,0.5149186,0.1865516,0.8366943,False,0,0,0,Data_from_ARETT
1760984934201,True,True,0.06503098,1.714717,0.02894034,0.5149186,0.1865516,0.8366943,False,0,0,0,Data_from_ARETT
1760984934201,True,True,0.06503098,1.714717,0.02894034,0.5149186,0.1865516,0.8366943,False,0,0,0,Data_from_ARETT
1760984934235,True,True,0.06511302,1.71489,0.02884003,0.5150746,0.1870031,0.8364974,False,0,0,0,Data_from_ARETT
1760984934235,True,True,0.06511302,1.71489,0.02884003,0.5150746,0.1870031,0.8364974,False,0,0,0,Data_from_ARETT
1760984934235,True,True,0.06511302,1.71489,0.02884003,0.5150746,0.1870031,0.8364974,False,0,0,0,Data_from_ARETT
1760984934269,True,True,0.06516473,1.714974,0.02914077,0.5141054,0.1894799,0.8365363,False,0,0,0,Data_from_ARETT
1760984934269,True,True,0.06516473,1.714974,0.02914077,0.5141054,0.1894799,0.8365363,False,0,0,0,Data_from_ARETT
1760984934269,True,True,0.06516473,1.714974,0.02914077,0.5141054,0.1894799,0.8365363,False,0,0,0,Data_from_ARETT
1760984934303,True,True,0.06473339,1.715003,0.02913257,0.5124485,0.1912484,0.8371503,False,0,0,0,Data_from_ARETT
1760984934303,True,True,0.06473339,1.715003,0.02913257,0.5124485,0.1912484,0.8371503,False,0,0,0,Data_from_ARETT
1760984934303,True,True,0.06473339,1.715003,0.02913257,0.5124485,0.1912484,0.8371503,False,0,0,0,Data_from_ARETT
1760984934337,True,True,0.06452642,1.715033,0.02846562,0.5120744,0.1873531,0.8382593,False,0,0,0,Data_from_ARETT
1760984934337,True,True,0.06452642,1.715033,0.02846562,0.5120744,0.1873531,0.8382593,False,0,0,0,Data_from_ARETT
1760984934337,True,True,0.06452642,1.715033,0.02846562,0.5120744,0.1873531,0.8382593,False,0,0,0,Data_from_ARETT
1760984934371,True,True,0.06490073,1.714701,0.02915905,0.5117001,0.1867076,0.8386318,False,0,0,0,Data_from_ARETT
1760984934371,True,True,0.06490073,1.714701,0.02915905,0.5117001,0.1867076,0.8386318,False,0,0,0,Data_from_ARETT
1760984934371,True,True,0.06490073,1.714701,0.02915905,0.5117001,0.1867076,0.8386318,False,0,0,0,Data_from_ARETT
1760984934406,True,True,0.06444872,1.714858,0.02914195,0.5117817,0.1887036,0.8381351,False,0,0,0,Data_from_ARETT
1760984934406,True,True,0.06444872,1.714858,0.02914195,0.5117817,0.1887036,0.8381351,False,0,0,0,Data_from_ARETT
1760984934406,True,True,0.06444872,1.714858,0.02914195,0.5117817,0.1887036,0.8381351,False,0,0,0,Data_from_ARETT
1760984934439,True,True,0.06451721,1.714897,0.02908538,0.5121936,0.1888289,0.8378552,False,0,0,0,Data_from_ARETT
1760984934439,True,True,0.06451721,1.714897,0.02908538,0.5121936,0.1888289,0.8378552,False,0,0,0,Data_from_ARETT
1760984934439,True,True,0.06451721,1.714897,0.02908538,0.5121936,0.1888289,0.8378552,False,0,0,0,Data_from_ARETT
1760984934473,True,True,0.06427005,1.714893,0.0288729,0.511862,0.1890205,0.8380146,False,0,0,0,Data_from_ARETT
1760984934473,True,True,0.06427005,1.714893,0.0288729,0.511862,0.1890205,0.8380146,False,0,0,0,Data_from_ARETT
1760984934473,True,True,0.06427005,1.714893,0.0288729,0.511862,0.1890205,0.8380146,False,0,0,0,Data_from_ARETT
1760984934508,True,True,0.06428954,1.714843,0.02921,0.5114061,0.1885457,0.8383998,False,0,0,0,Data_from_ARETT
1760984934508,True,True,0.06428954,1.714843,0.02921,0.5114061,0.1885457,0.8383998,False,0,0,0,Data_from_ARETT
1760984934508,True,True,0.06428954,1.714843,0.02921,0.5114061,0.1885457,0.8383998,False,0,0,0,Data_from_ARETT
1760984934542,True,True,0.06409135,1.71482,0.0293429,0.5105578,0.1876629,0.8391147,False,0,0,0,Data_from_ARETT
1760984934542,True,True,0.06409135,1.71482,0.0293429,0.5105578,0.1876629,0.8391147,False,0,0,0,Data_from_ARETT
1760984934542,True,True,0.06409135,1.71482,0.0293429,0.5105578,0.1876629,0.8391147,False,0,0,0,Data_from_ARETT
1760984934576,True,True,0.06434211,1.714838,0.02944792,0.5092736,0.1874183,0.8399493,False,0,0,0,Data_from_ARETT
1760984934576,True,True,0.06434211,1.714838,0.02944792,0.5092736,0.1874183,0.8399493,False,0,0,0,Data_from_ARETT
1760984934576,True,True,0.06434211,1.714838,0.02944792,0.5092736,0.1874183,0.8399493,False,0,0,0,Data_from_ARETT
1760984934610,True,True,0.06404776,1.7149,0.02915603,0.5081734,0.1874163,0.8406158,False,0,0,0,Data_from_ARETT
1760984934610,True,True,0.06404776,1.7149,0.02915603,0.5081734,0.1874163,0.8406158,False,0,0,0,Data_from_ARETT
1760984934610,True,True,0.06404776,1.7149,0.02915603,0.5081734,0.1874163,0.8406158,False,0,0,0,Data_from_ARETT
1760984934644,True,True,0.06413127,1.714669,0.0295541,0.5072896,0.1865275,0.841347,False,0,0,0,Data_from_ARETT
1760984934644,True,True,0.06413127,1.714669,0.0295541,0.5072896,0.1865275,0.841347,False,0,0,0,Data_from_ARETT
1760984934644,True,True,0.06413127,1.714669,0.0295541,0.5072896,0.1865275,0.841347,False,0,0,0,Data_from_ARETT
1760984934678,True,True,0.0638986,1.714449,0.02978345,0.5038496,0.1842568,0.8439106,False,0,0,0,Data_from_ARETT
1760984934678,True,True,0.0638986,1.714449,0.02978345,0.5038496,0.1842568,0.8439106,False,0,0,0,Data_from_ARETT
1760984934678,True,True,0.0638986,1.714449,0.02978345,0.5038496,0.1842568,0.8439106,False,0,0,0,Data_from_ARETT
1760984934713,True,True,0.0636105,1.714299,0.03001235,0.5003863,0.1817477,0.8465112,False,0,0,0,Data_from_ARETT
1760984934713,True,True,0.0636105,1.714299,0.03001235,0.5003863,0.1817477,0.8465112,False,0,0,0,Data_from_ARETT
1760984934713,True,True,0.0636105,1.714299,0.03001235,0.5003863,0.1817477,0.8465112,False,0,0,0,Data_from_ARETT
1760984934746,True,True,0.06297436,1.714222,0.03029333,0.4941286,0.1786126,0.8508434,False,0,0,0,Data_from_ARETT
1760984934746,True,True,0.06297436,1.714222,0.03029333,0.4941286,0.1786126,0.8508434,False,0,0,0,Data_from_ARETT
1760984934746,True,True,0.06297436,1.714222,0.03029333,0.4941286,0.1786126,0.8508434,False,0,0,0,Data_from_ARETT
1760984934781,True,True,0.06230906,1.71401,0.03092913,0.4848057,0.1757939,0.856773,False,0,0,0,Data_from_ARETT
1760984934781,True,True,0.06230906,1.71401,0.03092913,0.4848057,0.1757939,0.856773,False,0,0,0,Data_from_ARETT
1760984934781,True,True,0.06230906,1.71401,0.03092913,0.4848057,0.1757939,0.856773,False,0,0,0,Data_from_ARETT
1760984934814,True,True,0.06113799,1.713783,0.03145555,0.4734834,0.1729493,0.8636562,False,0,0,0,Data_from_ARETT
1760984934814,True,True,0.06113799,1.713783,0.03145555,0.4734834,0.1729493,0.8636562,False,0,0,0,Data_from_ARETT
1760984934814,True,True,0.06113799,1.713783,0.03145555,0.4734834,0.1729493,0.8636562,False,0,0,0,Data_from_ARETT
1760984934849,True,True,0.05979634,1.713541,0.03205769,0.4601438,0.168782,0.8716538,False,0,0,0,Data_from_ARETT
1760984934849,True,True,0.05979634,1.713541,0.03205769,0.4601438,0.168782,0.8716538,False,0,0,0,Data_from_ARETT
1760984934849,True,True,0.05979634,1.713541,0.03205769,0.4601438,0.168782,0.8716538,False,0,0,0,Data_from_ARETT
1760984934882,True,True,0.05847037,1.713121,0.03296008,0.4439657,0.1640244,0.8809032,False,0,0,0,Data_from_ARETT
1760984934882,True,True,0.05847037,1.713121,0.03296008,0.4439657,0.1640244,0.8809032,False,0,0,0,Data_from_ARETT
1760984934882,True,True,0.05847037,1.713121,0.03296008,0.4439657,0.1640244,0.8809032,False,0,0,0,Data_from_ARETT
1760984934917,True,True,0.05686924,1.712833,0.03383383,0.4275182,0.1618593,0.8893985,False,0,0,0,Data_from_ARETT
1760984934917,True,True,0.05686924,1.712833,0.03383383,0.4275182,0.1618593,0.8893985,False,0,0,0,Data_from_ARETT
1760984934917,True,True,0.05686924,1.712833,0.03383383,0.4275182,0.1618593,0.8893985,False,0,0,0,Data_from_ARETT
1760984934950,True,True,0.05531085,1.712763,0.03445966,0.4122575,0.1573227,0.8973814,False,0,0,0,Data_from_ARETT
1760984934950,True,True,0.05531085,1.712763,0.03445966,0.4122575,0.1573227,0.8973814,False,0,0,0,Data_from_ARETT
1760984934950,True,True,0.05531085,1.712763,0.03445966,0.4122575,0.1573227,0.8973814,False,0,0,0,Data_from_ARETT
1760984934984,True,True,0.0536011,1.712505,0.03531751,0.3958895,0.1537061,0.905343,False,0,0,0,Data_from_ARETT
1760984934984,True,True,0.0536011,1.712505,0.03531751,0.3958895,0.1537061,0.905343,False,0,0,0,Data_from_ARETT
1760984934984,True,True,0.0536011,1.712505,0.03531751,0.3958895,0.1537061,0.905343,False,0,0,0,Data_from_ARETT
1760984935018,True,True,0.05195685,1.712288,0.03616788,0.3778697,0.150224,0.9135903,False,0,0,0,Data_from_ARETT
1760984935018,True,True,0.05195685,1.712288,0.03616788,0.3778697,0.150224,0.9135903,False,0,0,0,Data_from_ARETT
1760984935018,True,True,0.05195685,1.712288,0.03616788,0.3778697,0.150224,0.9135903,False,0,0,0,Data_from_ARETT
1760984935052,True,True,0.05016787,1.712387,0.03654466,0.3609821,0.1487096,0.9206396,False,0,0,0,Data_from_ARETT
1760984935052,True,True,0.05016787,1.712387,0.03654466,0.3609821,0.1487096,0.9206396,False,0,0,0,Data_from_ARETT
1760984935052,True,True,0.05016787,1.712387,0.03654466,0.3609821,0.1487096,0.9206396,False,0,0,0,Data_from_ARETT
1760984935086,True,True,0.04838185,1.712143,0.03685663,0.3453473,0.1465324,0.9269647,False,0,0,0,Data_from_ARETT
1760984935086,True,True,0.04838185,1.712143,0.03685663,0.3453473,0.1465324,0.9269647,False,0,0,0,Data_from_ARETT
1760984935086,True,True,0.04838185,1.712143,0.03685663,0.3453473,0.1465324,0.9269647,False,0,0,0,Data_from_ARETT
1760984935120,True,True,0.04695249,1.711648,0.03728793,0.3307158,0.1424955,0.9329106,False,0,0,0,Data_from_ARETT
1760984935120,True,True,0.04695249,1.711648,0.03728793,0.3307158,0.1424955,0.9329106,False,0,0,0,Data_from_ARETT
1760984935120,True,True,0.04695249,1.711648,0.03728793,0.3307158,0.1424955,0.9329106,False,0,0,0,Data_from_ARETT
1760984935154,True,True,0.0453886,1.71167,0.03713679,0.3148908,0.1369176,0.9392004,False,0,0,0,Data_from_ARETT
1760984935154,True,True,0.0453886,1.71167,0.03713679,0.3148908,0.1369176,0.9392004,False,0,0,0,Data_from_ARETT
1760984935154,True,True,0.0453886,1.71167,0.03713679,0.3148908,0.1369176,0.9392004,False,0,0,0,Data_from_ARETT
1760984935189,True,True,0.04464929,1.711182,0.03828993,0.3002214,0.136764,0.9440141,False,0,0,0,Data_from_ARETT
1760984935189,True,True,0.04464929,1.711182,0.03828993,0.3002214,0.136764,0.9440141,False,0,0,0,Data_from_ARETT
1760984935189,True,True,0.04464929,1.711182,0.03828993,0.3002214,0.136764,0.9440141,False,0,0,0,Data_from_ARETT
1760984935222,True,True,0.04350841,1.711519,0.03807086,0.2921474,0.1381193,0.9463472,False,0,0,0,Data_from_ARETT
1760984935222,True,True,0.04350841,1.711519,0.03807086,0.2921474,0.1381193,0.9463472,False,0,0,0,Data_from_ARETT
1760984935222,True,True,0.04350841,1.711519,0.03807086,0.2921474,0.1381193,0.9463472,False,0,0,0,Data_from_ARETT
1760984935256,True,True,0.04270191,1.711647,0.03791311,0.285174,0.1369467,0.9486419,False,0,0,0,Data_from_ARETT
1760984935256,True,True,0.04270191,1.711647,0.03791311,0.285174,0.1369467,0.9486419,False,0,0,0,Data_from_ARETT
1760984935256,True,True,0.04270191,1.711647,0.03791311,0.285174,0.1369467,0.9486419,False,0,0,0,Data_from_ARETT
1760984935290,True,True,0.04274277,1.711555,0.03832263,0.2811221,0.1359989,0.9499866,False,0,0,0,Data_from_ARETT
1760984935290,True,True,0.04274277,1.711555,0.03832263,0.2811221,0.1359989,0.9499866,False,0,0,0,Data_from_ARETT
1760984935290,True,True,0.04274277,1.711555,0.03832263,0.2811221,0.1359989,0.9499866,False,0,0,0,Data_from_ARETT
1760984935324,True,True,0.04252962,1.711778,0.03781137,0.2821164,0.1368126,0.949575,False,0,0,0,Data_from_ARETT
1760984935324,True,True,0.04252962,1.711778,0.03781137,0.2821164,0.1368126,0.949575,False,0,0,0,Data_from_ARETT
1760984935324,True,True,0.04252962,1.711778,0.03781137,0.2821164,0.1368126,0.949575,False,0,0,0,Data_from_ARETT
1760984935359,True,True,0.04237223,1.711411,0.0380962,0.2816721,0.1353803,0.9499121,False,0,0,0,Data_from_ARETT
1760984935359,True,True,0.04237223,1.711411,0.0380962,0.2816721,0.1353803,0.9499121,False,0,0,0,Data_from_ARETT
1760984935359,True,True,0.04237223,1.711411,0.0380962,0.2816721,0.1353803,0.9499121,False,0,0,0,Data_from_ARETT
1760984935393,True,True,0.04210724,1.711141,0.03776646,0.2785186,0.1316603,0.9513637,False,0,0,0,Data_from_ARETT
1760984935393,True,True,0.04210724,1.711141,0.03776646,0.2785186,0.1316603,0.9513637,False,0,0,0,Data_from_ARETT
1760984935393,True,True,0.04210724,1.711141,0.03776646,0.2785186,0.1316603,0.9513637,False,0,0,0,Data_from_ARETT
1760984935426,True,True,0.04167474,1.711024,0.0379908,0.2721356,0.1268325,0.9538636,False,0,0,0,Data_from_ARETT
1760984935426,True,True,0.04167474,1.711024,0.0379908,0.2721356,0.1268325,0.9538636,False,0,0,0,Data_from_ARETT
1760984935426,True,True,0.04167474,1.711024,0.0379908,0.2721356,0.1268325,0.9538636,False,0,0,0,Data_from_ARETT
1760984935461,True,True,0.04048316,1.711008,0.03836123,0.258962,0.1249247,0.9577748,True,0.3949145,1.881988,1.34923,Data_from_ARETT
1760984935461,True,True,0.04048316,1.711008,0.03836123,0.258962,0.1249247,0.9577748,True,0.3949145,1.881988,1.34923,Data_from_ARETT
1760984935461,True,True,0.04048316,1.711008,0.03836123,0.258962,0.1249247,0.9577748,True,0.3949145,1.881988,1.34923,Data_from_ARETT
1760984935496,True,True,0.03998683,1.711008,0.03844413,0.2505822,0.1223088,0.9603381,True,0.3829666,1.878416,1.35289,Data_from_ARETT
1760984935496,True,True,0.03998683,1.711008,0.03844413,0.2505822,0.1223088,0.9603381,True,0.3829666,1.878416,1.35289,Data_from_ARETT
1760984935496,True,True,0.03998683,1.711008,0.03844413,0.2505822,0.1223088,0.9603381,True,0.3829666,1.878416,1.35289,Data_from_ARETT
1760984935530,True,True,0.03977007,1.711044,0.03863131,0.2465104,0.1212996,0.9615191,True,0.3771844,1.877074,1.354723,Data_from_ARETT
1760984935530,True,True,0.03977007,1.711044,0.03863131,0.2465104,0.1212996,0.9615191,True,0.3771844,1.877074,1.354723,Data_from_ARETT
1760984935530,True,True,0.03977007,1.711044,0.03863131,0.2465104,0.1212996,0.9615191,True,0.3771844,1.877074,1.354723,Data_from_ARETT
1760984935563,True,True,0.03868818,1.710915,0.03845781,0.2355521,0.1195009,0.9644868,True,0.3611178,1.874491,1.358672,Data_from_ARETT
1760984935563,True,True,0.03868818,1.710915,0.03845781,0.2355521,0.1195009,0.9644868,True,0.3611178,1.874491,1.358672,Data_from_ARETT
1760984935563,True,True,0.03868818,1.710915,0.03845781,0.2355521,0.1195009,0.9644868,True,0.3611178,1.874491,1.358672,Data_from_ARETT
1760984935598,True,True,0.03779989,1.710906,0.03894902,0.2282643,0.1149284,0.966792,True,0.3502932,1.868243,1.362485,Data_from_ARETT
1760984935598,True,True,0.03779989,1.710906,0.03894902,0.2282643,0.1149284,0.966792,True,0.3502932,1.868243,1.362485,Data_from_ARETT
1760984935598,True,True,0.03779989,1.710906,0.03894902,0.2282643,0.1149284,0.966792,True,0.3502932,1.868243,1.362485,Data_from_ARETT
1760984935632,True,True,0.03718348,1.711215,0.03994993,0.2173373,0.1165543,0.9691128,True,0.3347034,1.87077,1.366599,Data_from_ARETT
1760984935632,True,True,0.03718348,1.711215,0.03994993,0.2173373,0.1165543,0.9691128,True,0.3347034,1.87077,1.366599,Data_from_ARETT
1760984935632,True,True,0.03718348,1.711215,0.03994993,0.2173373,0.1165543,0.9691128,True,0.3347034,1.87077,1.366599,Data_from_ARETT
1760984935666,True,True,0.03634034,1.711799,0.03995002,0.2042082,0.1182343,0.9717611,True,0.3158752,1.873647,1.370166,Data_from_ARETT
1760984935666,True,True,0.03634034,1.711799,0.03995002,0.2042082,0.1182343,0.9717611,True,0.3158752,1.873647,1.370166,Data_from_ARETT
1760984935666,True,True,0.03634034,1.711799,0.03995002,0.2042082,0.1182343,0.9717611,True,0.3158752,1.873647,1.370166,Data_from_ARETT
1760984935700,True,True,0.03479228,1.712103,0.04044407,0.1901843,0.1197519,0.9744174,True,0.295186,1.876063,1.374582,Data_from_ARETT
1760984935700,True,True,0.03479228,1.712103,0.04044407,0.1901843,0.1197519,0.9744174,True,0.295186,1.876063,1.374582,Data_from_ARETT
1760984935700,True,True,0.03479228,1.712103,0.04044407,0.1901843,0.1197519,0.9744174,True,0.295186,1.876063,1.374582,Data_from_ARETT
1760984935734,True,True,0.03376168,1.712149,0.04099446,0.1767349,0.1193283,0.9769982,True,0.2756815,1.875489,1.378337,Data_from_ARETT
1760984935734,True,True,0.03376168,1.712149,0.04099446,0.1767349,0.1193283,0.9769982,True,0.2756815,1.875489,1.378337,Data_from_ARETT
1760984935734,True,True,0.03376168,1.712149,0.04099446,0.1767349,0.1193283,0.9769982,True,0.2756815,1.875489,1.378337,Data_from_ARETT
1760984935768,True,True,0.03255132,1.712238,0.04119166,0.1648865,0.1160118,0.979466,True,0.2582725,1.871052,1.38203,Data_from_ARETT
1760984935768,True,True,0.03255132,1.712238,0.04119166,0.1648865,0.1160118,0.979466,True,0.2582725,1.871052,1.38203,Data_from_ARETT
1760984935768,True,True,0.03255132,1.712238,0.04119166,0.1648865,0.1160118,0.979466,True,0.2582725,1.871052,1.38203,Data_from_ARETT
1760984935802,True,True,0.03134929,1.712428,0.04146997,0.150855,0.1129165,0.9820859,True,0.2378813,1.867019,1.38602,Data_from_ARETT
1760984935802,True,True,0.03134929,1.712428,0.04146997,0.150855,0.1129165,0.9820859,True,0.2378813,1.867019,1.38602,Data_from_ARETT
1760984935802,True,True,0.03134929,1.712428,0.04146997,0.150855,0.1129165,0.9820859,True,0.2378813,1.867019,1.38602,Data_from_ARETT
1760984935836,True,True,0.03046548,1.712498,0.04221505,0.1386813,0.1144954,0.9836962,True,0.2203215,1.869243,1.388905,Data_from_ARETT
1760984935836,True,True,0.03046548,1.712498,0.04221505,0.1386813,0.1144954,0.9836962,True,0.2203215,1.869243,1.388905,Data_from_ARETT
1760984935836,True,True,0.03046548,1.712498,0.04221505,0.1386813,0.1144954,0.9836962,True,0.2203215,1.869243,1.388905,Data_from_ARETT
1760984935870,True,True,0.02931294,1.712611,0.04216696,0.1261768,0.1143676,0.985393,True,0.2020512,1.869182,1.391188,Data_from_ARETT
1760984935870,True,True,0.02931294,1.712611,0.04216696,0.1261768,0.1143676,0.985393,True,0.2020512,1.869182,1.391188,Data_from_ARETT
1760984935870,True,True,0.02931294,1.712611,0.04216696,0.1261768,0.1143676,0.985393,True,0.2020512,1.869182,1.391188,Data_from_ARETT
1760984935905,True,True,0.0278588,1.712662,0.04233536,0.1112907,0.1128791,0.9873564,True,0.1802251,1.867203,1.394109,Data_from_ARETT
1760984935905,True,True,0.0278588,1.712662,0.04233536,0.1112907,0.1128791,0.9873564,True,0.1802251,1.867203,1.394109,Data_from_ARETT
1760984935905,True,True,0.0278588,1.712662,0.04233536,0.1112907,0.1128791,0.9873564,True,0.1802251,1.867203,1.394109,Data_from_ARETT
1760984935939,True,True,0.02631829,1.712845,0.04248375,0.09407028,0.1140816,0.9890077,True,0.1551028,1.869026,1.396459,Data_from_ARETT
1760984935939,True,True,0.02631829,1.712845,0.04248375,0.09407028,0.1140816,0.9890077,True,0.1551028,1.869026,1.396459,Data_from_ARETT
1760984935939,True,True,0.02631829,1.712845,0.04248375,0.09407028,0.1140816,0.9890077,True,0.1551028,1.869026,1.396459,Data_from_ARETT
1760984935973,True,True,0.02524128,1.713119,0.04246711,0.07731684,0.1185199,0.9899369,True,0.1310758,1.875354,1.397535,Data_from_ARETT
1760984935973,True,True,0.02524128,1.713119,0.04246711,0.07731684,0.1185199,0.9899369,True,0.1310758,1.875354,1.397535,Data_from_ARETT
1760984935973,True,True,0.02524128,1.713119,0.04246711,0.07731684,0.1185199,0.9899369,True,0.1310758,1.875354,1.397535,Data_from_ARETT
1760984936006,True,True,0.02424116,1.713538,0.04168705,0.06151556,0.1212867,0.9907095,True,0.1084403,1.879549,1.397715,Data_from_ARETT
1760984936006,True,True,0.02424116,1.713538,0.04168705,0.06151556,0.1212867,0.9907095,True,0.1084403,1.879549,1.397715,Data_from_ARETT
1760984936006,True,True,0.02424116,1.713538,0.04168705,0.06151556,0.1212867,0.9907095,True,0.1084403,1.879549,1.397715,Data_from_ARETT
1760984936040,True,True,0.02313282,1.713442,0.04180832,0.0459704,0.1235242,0.9912762,True,0.08605132,1.882507,1.398542,Data_from_ARETT
1760984936040,True,True,0.02313282,1.713442,0.04180832,0.0459704,0.1235242,0.9912762,True,0.08605132,1.882507,1.398542,Data_from_ARETT
1760984936040,True,True,0.02313282,1.713442,0.04180832,0.0459704,0.1235242,0.9912762,True,0.08605132,1.882507,1.398542,Data_from_ARETT
1760984936075,True,True,0.02156187,1.713811,0.04088015,0.02804785,0.1242544,0.9918539,True,0.05994954,1.883872,1.39838,Data_from_ARETT
1760984936075,True,True,0.02156187,1.713811,0.04088015,0.02804785,0.1242544,0.9918539,True,0.05994954,1.883872,1.39838,Data_from_ARETT
1760984936075,True,True,0.02156187,1.713811,0.04088015,0.02804785,0.1242544,0.9918539,True,0.05994954,1.883872,1.39838,Data_from_ARETT
1760984936109,True,True,0.01963973,1.713954,0.04087221,0.009188423,0.1244145,0.9921878,True,0.03221533,1.884232,1.398816,Data_from_ARETT
1760984936109,True,True,0.01963973,1.713954,0.04087221,0.009188423,0.1244145,0.9921878,True,0.03221533,1.884232,1.398816,Data_from_ARETT
1760984936109,True,True,0.01963973,1.713954,0.04087221,0.009188423,0.1244145,0.9921878,True,0.03221533,1.884232,1.398816,Data_from_ARETT
1760984936143,True,True,0.01809881,1.714088,0.04112834,-0.01839947,0.1318141,0.9911036,False,0,0,0,Data_from_ARETT
1760984936143,True,True,0.01809881,1.714088,0.04112834,-0.01839947,0.1318141,0.9911036,False,0,0,0,Data_from_ARETT
1760984936143,True,True,0.01809881,1.714088,0.04112834,-0.01839947,0.1318141,0.9911036,False,0,0,0,Data_from_ARETT
1760984936177,True,True,0.01526437,1.71466,0.0392654,-0.05698174,0.1360643,0.9890599,False,0,0,0,Data_from_ARETT
1760984936177,True,True,0.01526437,1.71466,0.0392654,-0.05698174,0.1360643,0.9890599,False,0,0,0,Data_from_ARETT
1760984936177,True,True,0.01526437,1.71466,0.0392654,-0.05698174,0.1360643,0.9890599,False,0,0,0,Data_from_ARETT
1760984936211,True,True,0.0113012,1.71518,0.03814454,-0.1132605,0.1398608,0.9836722,False,0,0,0,Data_from_ARETT
1760984936211,True,True,0.0113012,1.71518,0.03814454,-0.1132605,0.1398608,0.9836722,False,0,0,0,Data_from_ARETT
1760984936211,True,True,0.0113012,1.71518,0.03814454,-0.1132605,0.1398608,0.9836722,False,0,0,0,Data_from_ARETT
1760984936246,True,True,0.008689564,1.715563,0.0371625,-0.1531369,0.1469431,0.9772189,False,0,0,0,Data_from_ARETT
1760984936246,True,True,0.008689564,1.715563,0.0371625,-0.1531369,0.1469431,0.9772189,False,0,0,0,Data_from_ARETT
1760984936246,True,True,0.008689564,1.715563,0.0371625,-0.1531369,0.1469431,0.9772189,False,0,0,0,Data_from_ARETT
1760984936280,True,True,0.005768504,1.71613,0.03617749,-0.1943484,0.1555383,0.9685228,False,0,0,0,Data_from_ARETT
1760984936280,True,True,0.005768504,1.71613,0.03617749,-0.1943484,0.1555383,0.9685228,False,0,0,0,Data_from_ARETT
1760984936280,True,True,0.005768504,1.71613,0.03617749,-0.1943484,0.1555383,0.9685228,False,0,0,0,Data_from_ARETT
1760984936314,True,True,0.002465418,1.716674,0.03434916,-0.233386,0.162542,0.9587028,False,0,0,0,Data_from_ARETT
1760984936314,True,True,0.002465418,1.716674,0.03434916,-0.233386,0.162542,0.9587028,False,0,0,0,Data_from_ARETT
1760984936314,True,True,0.002465418,1.716674,0.03434916,-0.233386,0.162542,0.9587028,False,0,0,0,Data_from_ARETT
1760984936348,True,True,-9.742612E-05,1.717037,0.03313295,-0.2685552,0.1694574,0.9482417,False,0,0,0,Data_from_ARETT
1760984936348,True,True,-9.742612E-05,1.717037,0.03313295,-0.2685552,0.1694574,0.9482417,False,0,0,0,Data_from_ARETT
1760984936348,True,True,-9.742612E-05,1.717037,0.03313295,-0.2685552,0.1694574,0.9482417,False,0,0,0,Data_from_ARETT
1760984936382,True,True,-0.001746058,1.717733,0.03166445,-0.3047153,0.1755331,0.9361286,False,0,0,0,Data_from_ARETT
1760984936382,True,True,-0.001746058,1.717733,0.03166445,-0.3047153,0.1755331,0.9361286,False,0,0,0,Data_from_ARETT
1760984936382,True,True,-0.001746058,1.717733,0.03166445,-0.3047153,0.1755331,0.9361286,False,0,0,0,Data_from_ARETT
1760984936416,True,True,-0.004643658,1.718173,0.03037638,-0.3401744,0.1826285,0.9224577,False,0,0,0,Data_from_ARETT
1760984936416,True,True,-0.004643658,1.718173,0.03037638,-0.3401744,0.1826285,0.9224577,False,0,0,0,Data_from_ARETT
1760984936416,True,True,-0.004643658,1.718173,0.03037638,-0.3401744,0.1826285,0.9224577,False,0,0,0,Data_from_ARETT
1760984936450,True,True,-0.006194776,1.718376,0.02935776,-0.3602166,0.1890476,0.9135125,False,0,0,0,Data_from_ARETT
1760984936450,True,True,-0.006194776,1.718376,0.02935776,-0.3602166,0.1890476,0.9135125,False,0,0,0,Data_from_ARETT
1760984936450,True,True,-0.006194776,1.718376,0.02935776,-0.3602166,0.1890476,0.9135125,False,0,0,0,Data_from_ARETT
1760984936485,True,True,-0.005707297,1.718401,0.02842041,-0.3618827,0.189815,0.9126945,False,0,0,0,Data_from_ARETT
1760984936485,True,True,-0.005707297,1.718401,0.02842041,-0.3618827,0.189815,0.9126945,False,0,0,0,Data_from_ARETT
1760984936485,True,True,-0.005707297,1.718401,0.02842041,-0.3618827,0.189815,0.9126945,False,0,0,0,Data_from_ARETT
1760984936518,True,True,-0.005378151,1.718402,0.02922832,-0.3549328,0.1881702,0.9157591,False,0,0,0,Data_from_ARETT
1760984936518,True,True,-0.005378151,1.718402,0.02922832,-0.3549328,0.1881702,0.9157591,False,0,0,0,Data_from_ARETT
1760984936518,True,True,-0.005378151,1.718402,0.02922832,-0.3549328,0.1881702,0.9157591,False,0,0,0,Data_from_ARETT
1760984936552,True,True,-0.00295922,1.718407,0.0296575,-0.3327009,0.1903689,0.9236178,False,0,0,0,Data_from_ARETT
1760984936552,True,True,-0.00295922,1.718407,0.0296575,-0.3327009,0.1903689,0.9236178,False,0,0,0,Data_from_ARETT
1760984936552,True,True,-0.00295922,1.718407,0.0296575,-0.3327009,0.1903689,0.9236178,False,0,0,0,Data_from_ARETT
1760984936586,True,True,-0.0006372472,1.718412,0.0295085,-0.3003867,0.1894323,0.9348172,False,0,0,0,Data_from_ARETT
1760984936586,True,True,-0.0006372472,1.718412,0.0295085,-0.3003867,0.1894323,0.9348172,False,0,0,0,Data_from_ARETT
1760984936586,True,True,-0.0006372472,1.718412,0.0295085,-0.3003867,0.1894323,0.9348172,False,0,0,0,Data_from_ARETT
1760984936620,True,True,0.001577911,1.71773,0.03054443,-0.2672238,0.1864295,0.9454287,False,0,0,0,Data_from_ARETT
1760984936620,True,True,0.001577911,1.71773,0.03054443,-0.2672238,0.1864295,0.9454287,False,0,0,0,Data_from_ARETT
1760984936620,True,True,0.001577911,1.71773,0.03054443,-0.2672238,0.1864295,0.9454287,False,0,0,0,Data_from_ARETT
1760984936655,True,True,0.004212618,1.717397,0.03087718,-0.2349734,0.1834526,0.9545327,False,0,0,0,Data_from_ARETT
1760984936655,True,True,0.004212618,1.717397,0.03087718,-0.2349734,0.1834526,0.9545327,False,0,0,0,Data_from_ARETT
1760984936655,True,True,0.004212618,1.717397,0.03087718,-0.2349734,0.1834526,0.9545327,False,0,0,0,Data_from_ARETT
1760984936688,True,True,0.006660672,1.717276,0.03151022,-0.2053609,0.1830892,0.961408,False,0,0,0,Data_from_ARETT
1760984936688,True,True,0.006660672,1.717276,0.03151022,-0.2053609,0.1830892,0.961408,False,0,0,0,Data_from_ARETT
1760984936688,True,True,0.006660672,1.717276,0.03151022,-0.2053609,0.1830892,0.961408,False,0,0,0,Data_from_ARETT
1760984936723,True,True,0.008670008,1.717121,0.03123837,-0.1796362,0.1808904,0.9669589,False,0,0,0,Data_from_ARETT
1760984936723,True,True,0.008670008,1.717121,0.03123837,-0.1796362,0.1808904,0.9669589,False,0,0,0,Data_from_ARETT
1760984936723,True,True,0.008670008,1.717121,0.03123837,-0.1796362,0.1808904,0.9669589,False,0,0,0,Data_from_ARETT
1760984936756,True,True,0.01020284,1.716681,0.03155951,-0.1565202,0.1762766,0.9718168,False,0,0,0,Data_from_ARETT
1760984936756,True,True,0.01020284,1.716681,0.03155951,-0.1565202,0.1762766,0.9718168,False,0,0,0,Data_from_ARETT
1760984936756,True,True,0.01020284,1.716681,0.03155951,-0.1565202,0.1762766,0.9718168,False,0,0,0,Data_from_ARETT
1760984936791,True,True,0.01152901,1.71651,0.03188833,-0.1398265,0.1765194,0.9743149,False,0,0,0,Data_from_ARETT
1760984936791,True,True,0.01152901,1.71651,0.03188833,-0.1398265,0.1765194,0.9743149,False,0,0,0,Data_from_ARETT
1760984936791,True,True,0.01152901,1.71651,0.03188833,-0.1398265,0.1765194,0.9743149,False,0,0,0,Data_from_ARETT
1760984936824,True,True,0.01252593,1.716169,0.03175658,-0.1273541,0.1747434,0.976343,False,0,0,0,Data_from_ARETT
1760984936824,True,True,0.01252593,1.716169,0.03175658,-0.1273541,0.1747434,0.976343,False,0,0,0,Data_from_ARETT
1760984936824,True,True,0.01252593,1.716169,0.03175658,-0.1273541,0.1747434,0.976343,False,0,0,0,Data_from_ARETT
1760984936859,True,True,0.01351791,1.715952,0.03169632,-0.1129973,0.1706177,0.9788367,False,0,0,0,Data_from_ARETT
1760984936859,True,True,0.01351791,1.715952,0.03169632,-0.1129973,0.1706177,0.9788367,False,0,0,0,Data_from_ARETT
1760984936859,True,True,0.01351791,1.715952,0.03169632,-0.1129973,0.1706177,0.9788367,False,0,0,0,Data_from_ARETT
1760984936893,True,True,0.01399917,1.715961,0.03211843,-0.1046363,0.1705279,0.9797813,False,0,0,0,Data_from_ARETT
1760984936893,True,True,0.01399917,1.715961,0.03211843,-0.1046363,0.1705279,0.9797813,False,0,0,0,Data_from_ARETT
1760984936893,True,True,0.01399917,1.715961,0.03211843,-0.1046363,0.1705279,0.9797813,False,0,0,0,Data_from_ARETT
1760984936927,True,True,0.01452246,1.715915,0.03223618,-0.09693424,0.1715462,0.9803957,False,0,0,0,Data_from_ARETT
1760984936927,True,True,0.01452246,1.715915,0.03223618,-0.09693424,0.1715462,0.9803957,False,0,0,0,Data_from_ARETT
1760984936927,True,True,0.01452246,1.715915,0.03223618,-0.09693424,0.1715462,0.9803957,False,0,0,0,Data_from_ARETT
1760984936962,True,True,0.01543839,1.715322,0.03218256,-0.08927538,0.1705407,0.981298,False,0,0,0,Data_from_ARETT
1760984936962,True,True,0.01543839,1.715322,0.03218256,-0.08927538,0.1705407,0.981298,False,0,0,0,Data_from_ARETT
1760984936962,True,True,0.01543839,1.715322,0.03218256,-0.08927538,0.1705407,0.981298,False,0,0,0,Data_from_ARETT
1760984936996,True,True,0.01537886,1.71533,0.03191368,-0.08813298,0.1694105,0.981597,False,0,0,0,Data_from_ARETT
1760984936996,True,True,0.01537886,1.71533,0.03191368,-0.08813298,0.1694105,0.981597,False,0,0,0,Data_from_ARETT
1760984936996,True,True,0.01537886,1.71533,0.03191368,-0.08813298,0.1694105,0.981597,False,0,0,0,Data_from_ARETT
1760984937031,True,True,0.01637663,1.71524,0.03181333,-0.07935723,0.1674513,0.9826813,False,0,0,0,Data_from_ARETT
1760984937031,True,True,0.01637663,1.71524,0.03181333,-0.07935723,0.1674513,0.9826813,False,0,0,0,Data_from_ARETT
1760984937031,True,True,0.01637663,1.71524,0.03181333,-0.07935723,0.1674513,0.9826813,False,0,0,0,Data_from_ARETT
1760984937064,True,True,0.01701352,1.715298,0.03207539,-0.07863813,0.1705335,0.9822089,False,0,0,0,Data_from_ARETT
1760984937064,True,True,0.01701352,1.715298,0.03207539,-0.07863813,0.1705335,0.9822089,False,0,0,0,Data_from_ARETT
1760984937064,True,True,0.01701352,1.715298,0.03207539,-0.07863813,0.1705335,0.9822089,False,0,0,0,Data_from_ARETT
1760984937099,True,True,0.0172766,1.715395,0.03181151,-0.07896388,0.1742236,0.981535,False,0,0,0,Data_from_ARETT
1760984937099,True,True,0.0172766,1.715395,0.03181151,-0.07896388,0.1742236,0.981535,False,0,0,0,Data_from_ARETT
1760984937099,True,True,0.0172766,1.715395,0.03181151,-0.07896388,0.1742236,0.981535,False,0,0,0,Data_from_ARETT
1760984937133,True,True,0.01768338,1.715329,0.03115155,-0.07793298,0.1754337,0.9814018,False,0,0,0,Data_from_ARETT
1760984937133,True,True,0.01768338,1.715329,0.03115155,-0.07793298,0.1754337,0.9814018,False,0,0,0,Data_from_ARETT
1760984937133,True,True,0.01768338,1.715329,0.03115155,-0.07793298,0.1754337,0.9814018,False,0,0,0,Data_from_ARETT
1760984937167,True,True,0.01793597,1.715014,0.03072322,-0.07812709,0.1735782,0.9817162,False,0,0,0,Data_from_ARETT
1760984937167,True,True,0.01793597,1.715014,0.03072322,-0.07812709,0.1735782,0.9817162,False,0,0,0,Data_from_ARETT
1760984937167,True,True,0.01793597,1.715014,0.03072322,-0.07812709,0.1735782,0.9817162,False,0,0,0,Data_from_ARETT
1760984937202,True,True,0.01839468,1.714406,0.03065114,-0.07850017,0.172132,0.9819411,False,0,0,0,Data_from_ARETT
1760984937202,True,True,0.01839468,1.714406,0.03065114,-0.07850017,0.172132,0.9819411,False,0,0,0,Data_from_ARETT
1760984937202,True,True,0.01839468,1.714406,0.03065114,-0.07850017,0.172132,0.9819411,False,0,0,0,Data_from_ARETT
1760984937236,True,True,0.01899537,1.713919,0.03014744,-0.07590506,0.1716453,0.9822302,False,0,0,0,Data_from_ARETT
1760984937236,True,True,0.01899537,1.713919,0.03014744,-0.07590506,0.1716453,0.9822302,False,0,0,0,Data_from_ARETT
1760984937236,True,True,0.01899537,1.713919,0.03014744,-0.07590506,0.1716453,0.9822302,False,0,0,0,Data_from_ARETT
1760984937270,True,True,0.01962013,1.713811,0.02934886,-0.0734295,0.169291,0.9828269,False,0,0,0,Data_from_ARETT
1760984937270,True,True,0.01962013,1.713811,0.02934886,-0.0734295,0.169291,0.9828269,False,0,0,0,Data_from_ARETT
1760984937270,True,True,0.01962013,1.713811,0.02934886,-0.0734295,0.169291,0.9828269,False,0,0,0,Data_from_ARETT
1760984937304,True,True,0.02081976,1.713348,0.02964015,-0.06280302,0.1703853,0.9833741,False,0,0,0,Data_from_ARETT
1760984937304,True,True,0.02081976,1.713348,0.02964015,-0.06280302,0.1703853,0.9833741,False,0,0,0,Data_from_ARETT
1760984937304,True,True,0.02081976,1.713348,0.02964015,-0.06280302,0.1703853,0.9833741,False,0,0,0,Data_from_ARETT
1760984937337,True,True,0.02229757,1.713894,0.0287059,-0.04140164,0.1707075,0.9844515,False,0,0,0,Data_from_ARETT
1760984937337,True,True,0.02229757,1.713894,0.0287059,-0.04140164,0.1707075,0.9844515,False,0,0,0,Data_from_ARETT
1760984937337,True,True,0.02229757,1.713894,0.0287059,-0.04140164,0.1707075,0.9844515,False,0,0,0,Data_from_ARETT
1760984937372,True,True,0.02505698,1.714057,0.02864348,-0.01944372,0.173282,0.9846803,False,0,0,0,Data_from_ARETT
1760984937372,True,True,0.02505698,1.714057,0.02864348,-0.01944372,0.173282,0.9846803,False,0,0,0,Data_from_ARETT
1760984937372,True,True,0.02505698,1.714057,0.02864348,-0.01944372,0.173282,0.9846803,False,0,0,0,Data_from_ARETT
1760984937406,True,True,0.02801193,1.714371,0.02823114,0.015391,0.1776099,0.9839806,False,0,0,0,Data_from_ARETT
1760984937406,True,True,0.02801193,1.714371,0.02823114,0.015391,0.1776099,0.9839806,False,0,0,0,Data_from_ARETT
1760984937406,True,True,0.02801193,1.714371,0.02823114,0.015391,0.1776099,0.9839806,False,0,0,0,Data_from_ARETT
1760984937440,True,True,0.03161584,1.714743,0.02736202,0.059067,0.1789138,0.9820901,False,0,0,0,Data_from_ARETT
1760984937440,True,True,0.03161584,1.714743,0.02736202,0.059067,0.1789138,0.9820901,False,0,0,0,Data_from_ARETT
1760984937440,True,True,0.03161584,1.714743,0.02736202,0.059067,0.1789138,0.9820901,False,0,0,0,Data_from_ARETT
1760984937474,True,True,0.03619105,1.714628,0.0267998,0.1130319,0.1804956,0.9770594,False,0,0,0,Data_from_ARETT
1760984937474,True,True,0.03619105,1.714628,0.0267998,0.1130319,0.1804956,0.9770594,False,0,0,0,Data_from_ARETT
1760984937474,True,True,0.03619105,1.714628,0.0267998,0.1130319,0.1804956,0.9770594,False,0,0,0,Data_from_ARETT
1760984937508,True,True,0.04198376,1.714497,0.02608977,0.1822756,0.1810736,0.9664305,False,0,0,0,Data_from_ARETT
1760984937508,True,True,0.04198376,1.714497,0.02608977,0.1822756,0.1810736,0.9664305,False,0,0,0,Data_from_ARETT
1760984937508,True,True,0.04198376,1.714497,0.02608977,0.1822756,0.1810736,0.9664305,False,0,0,0,Data_from_ARETT
1760984937542,True,True,0.04778641,1.714821,0.0243246,0.2511663,0.1805188,0.9509619,False,0,0,0,Data_from_ARETT
1760984937542,True,True,0.04778641,1.714821,0.0243246,0.2511663,0.1805188,0.9509619,False,0,0,0,Data_from_ARETT
1760984937542,True,True,0.04778641,1.714821,0.0243246,0.2511663,0.1805188,0.9509619,False,0,0,0,Data_from_ARETT
1760984937576,True,True,0.05402964,1.714498,0.02318205,0.3257228,0.1826682,0.9276513,False,0,0,0,Data_from_ARETT
1760984937576,True,True,0.05402964,1.714498,0.02318205,0.3257228,0.1826682,0.9276513,False,0,0,0,Data_from_ARETT
1760984937576,True,True,0.05402964,1.714498,0.02318205,0.3257228,0.1826682,0.9276513,False,0,0,0,Data_from_ARETT
1760984937610,True,True,0.0598566,1.714209,0.02131225,0.3981559,0.1810957,0.8992643,False,0,0,0,Data_from_ARETT
1760984937610,True,True,0.0598566,1.714209,0.02131225,0.3981559,0.1810957,0.8992643,False,0,0,0,Data_from_ARETT
1760984937610,True,True,0.0598566,1.714209,0.02131225,0.3981559,0.1810957,0.8992643,False,0,0,0,Data_from_ARETT
1760984937645,True,True,0.06656826,1.713818,0.01914068,0.4695763,0.1797446,0.8644015,False,0,0,0,Data_from_ARETT
1760984937645,True,True,0.06656826,1.713818,0.01914068,0.4695763,0.1797446,0.8644015,False,0,0,0,Data_from_ARETT
1760984937645,True,True,0.06656826,1.713818,0.01914068,0.4695763,0.1797446,0.8644015,False,0,0,0,Data_from_ARETT
1760984937679,True,True,0.0744601,1.712569,0.01509285,0.5633594,0.1695128,0.8086357,False,0,0,0,Data_from_ARETT
1760984937679,True,True,0.0744601,1.712569,0.01509285,0.5633594,0.1695128,0.8086357,False,0,0,0,Data_from_ARETT
1760984937679,True,True,0.0744601,1.712569,0.01509285,0.5633594,0.1695128,0.8086357,False,0,0,0,Data_from_ARETT
1760984937713,True,True,0.07897758,1.710828,0.01308727,0.6133144,0.1571392,0.7740495,False,0,0,0,Data_from_ARETT
1760984937713,True,True,0.07897758,1.710828,0.01308727,0.6133144,0.1571392,0.7740495,False,0,0,0,Data_from_ARETT
1760984937713,True,True,0.07897758,1.710828,0.01308727,0.6133144,0.1571392,0.7740495,False,0,0,0,Data_from_ARETT
1760984937746,True,True,0.08490162,1.710262,0.01150052,0.6592755,0.146429,0.7375056,False,0,0,0,Data_from_ARETT
1760984937746,True,True,0.08490162,1.710262,0.01150052,0.6592755,0.146429,0.7375056,False,0,0,0,Data_from_ARETT
1760984937746,True,True,0.08490162,1.710262,0.01150052,0.6592755,0.146429,0.7375056,False,0,0,0,Data_from_ARETT
1760984937781,True,True,0.08762756,1.710856,0.01023885,0.6967467,0.1518789,0.7010541,False,0,0,0,Data_from_ARETT
1760984937781,True,True,0.08762756,1.710856,0.01023885,0.6967467,0.1518789,0.7010541,False,0,0,0,Data_from_ARETT
1760984937781,True,True,0.08762756,1.710856,0.01023885,0.6967467,0.1518789,0.7010541,False,0,0,0,Data_from_ARETT
1760984937815,True,True,0.08851617,1.710539,0.01033148,0.708084,0.1528392,0.689389,False,0,0,0,Data_from_ARETT
1760984937815,True,True,0.08851617,1.710539,0.01033148,0.708084,0.1528392,0.689389,False,0,0,0,Data_from_ARETT
1760984937815,True,True,0.08851617,1.710539,0.01033148,0.708084,0.1528392,0.689389,False,0,0,0,Data_from_ARETT
1760984937849,True,True,0.08788501,1.710133,0.01188728,0.6959472,0.1487062,0.7025268,False,0,0,0,Data_from_ARETT
1760984937849,True,True,0.08788501,1.710133,0.01188728,0.6959472,0.1487062,0.7025268,False,0,0,0,Data_from_ARETT
1760984937849,True,True,0.08788501,1.710133,0.01188728,0.6959472,0.1487062,0.7025268,False,0,0,0,Data_from_ARETT
1760984937882,True,True,0.084897,1.709612,0.01436225,0.664677,0.1419677,0.7335187,False,0,0,0,Data_from_ARETT
1760984937882,True,True,0.084897,1.709612,0.01436225,0.664677,0.1419677,0.7335187,False,0,0,0,Data_from_ARETT
1760984937882,True,True,0.084897,1.709612,0.01436225,0.664677,0.1419677,0.7335187,False,0,0,0,Data_from_ARETT
1760984937917,True,True,0.08150429,1.709774,0.01679253,0.6261056,0.1308915,0.7686737,False,0,0,0,Data_from_ARETT
1760984937917,True,True,0.08150429,1.709774,0.01679253,0.6261056,0.1308915,0.7686737,False,0,0,0,Data_from_ARETT
1760984937917,True,True,0.08150429,1.709774,0.01679253,0.6261056,0.1308915,0.7686737,False,0,0,0,Data_from_ARETT
1760984937951,True,True,0.07876199,1.710263,0.01946126,0.5854516,0.1378509,0.7989014,False,0,0,0,Data_from_ARETT
1760984937951,True,True,0.07876199,1.710263,0.01946126,0.5854516,0.1378509,0.7989014,False,0,0,0,Data_from_ARETT
1760984937951,True,True,0.07876199,1.710263,0.01946126,0.5854516,0.1378509,0.7989014,False,0,0,0,Data_from_ARETT
1760984937986,True,True,0.07632396,1.711647,0.0207392,0.5537231,0.1517022,0.8187656,False,0,0,0,Data_from_ARETT
1760984937986,True,True,0.07632396,1.711647,0.0207392,0.5537231,0.1517022,0.8187656,False,0,0,0,Data_from_ARETT
1760984937986,True,True,0.07632396,1.711647,0.0207392,0.5537231,0.1517022,0.8187656,False,0,0,0,Data_from_ARETT
1760984938020,True,True,0.07440022,1.712766,0.020905,0.5376795,0.165664,0.8267141,False,0,0,0,Data_from_ARETT
1760984938020,True,True,0.07440022,1.712766,0.020905,0.5376795,0.165664,0.8267141,False,0,0,0,Data_from_ARETT
1760984938020,True,True,0.07440022,1.712766,0.020905,0.5376795,0.165664,0.8267141,False,0,0,0,Data_from_ARETT
1760984938053,True,True,0.07354002,1.713699,0.01993218,0.5391445,0.1737447,0.8240971,False,0,0,0,Data_from_ARETT
1760984938053,True,True,0.07354002,1.713699,0.01993218,0.5391445,0.1737447,0.8240971,False,0,0,0,Data_from_ARETT
1760984938053,True,True,0.07354002,1.713699,0.01993218,0.5391445,0.1737447,0.8240971,False,0,0,0,Data_from_ARETT
1760984938088,True,True,0.07334729,1.713909,0.01923971,0.5508677,0.1734085,0.8163788,False,0,0,0,Data_from_ARETT
1760984938088,True,True,0.07334729,1.713909,0.01923971,0.5508677,0.1734085,0.8163788,False,0,0,0,Data_from_ARETT
1760984938088,True,True,0.07334729,1.713909,0.01923971,0.5508677,0.1734085,0.8163788,False,0,0,0,Data_from_ARETT
1760984938122,True,True,0.07390569,1.71363,0.01875421,0.561077,0.1728598,0.8095135,False,0,0,0,Data_from_ARETT
1760984938122,True,True,0.07390569,1.71363,0.01875421,0.561077,0.1728598,0.8095135,False,0,0,0,Data_from_ARETT
1760984938122,True,True,0.07390569,1.71363,0.01875421,0.561077,0.1728598,0.8095135,False,0,0,0,Data_from_ARETT
1760984938155,True,True,0.0734533,1.713511,0.01828459,0.5658054,0.1695465,0.806919,False,0,0,0,Data_from_ARETT
1760984938155,True,True,0.0734533,1.713511,0.01828459,0.5658054,0.1695465,0.806919,False,0,0,0,Data_from_ARETT
1760984938155,True,True,0.0734533,1.713511,0.01828459,0.5658054,0.1695465,0.806919,False,0,0,0,Data_from_ARETT
1760984938190,True,True,0.07294775,1.713216,0.01851236,0.5653505,0.1670698,0.8077539,False,0,0,0,Data_from_ARETT
1760984938190,True,True,0.07294775,1.713216,0.01851236,0.5653505,0.1670698,0.8077539,False,0,0,0,Data_from_ARETT
1760984938190,True,True,0.07294775,1.713216,0.01851236,0.5653505,0.1670698,0.8077539,False,0,0,0,Data_from_ARETT
