eyeDataTimestamp,isCalibrationValid,gazeHasValue,gazeOrigin_x,gazeOrigin_y,gazeOrigin_z,gazeDirection_x,gazeDirection_y,gazeDirection_z,gazePointHit,gazePoint_x,gazePoint_y,gazePoint_z,note
1760984938225,True,True,0.07229514,1.713045,0.0187116,0.5623983,0.1651041,0.8102152,False,0,0,0,Data_from_ARETT
1760984938225,True,True,0.07229514,1.713045,0.0187116,0.5623983,0.1651041,0.8102152,False,0,0,0,Data_from_ARETT
1760984938225,True,True,0.07229514,1.713045,0.0187116,0.5623983,0.1651041,0.8102152,False,0,0,0,Data_from_ARETT
1760984938259,True,True,0.07170185,1.713197,0.01899251,0.5587304,0.1664326,0.812478,False,0,0,0,Data_from_ARETT
1760984938259,True,True,0.07170185,1.713197,0.01899251,0.5587304,0.1664326,0.812478,False,0,0,0,Data_from_ARETT
1760984938259,True,True,0.07170185,1.713197,0.01899251,0.5587304,0.1664326,0.812478,False,0,0,0,Data_from_ARETT
1760984938292,True,True,0.07080257,1.713566,0.01891875,0.5554903,0.1703796,0.8138804,False,0,0,0,Data_from_ARETT
1760984938292,True,True,0.07080257,1.713566,0.01891875,0.5554903,0.1703796,0.8138804,False,0,0,0,Data_from_ARETT
1760984938292,True,True,0.07080257,1.713566,0.01891875,0.5554903,0.1703796,0.8138804,False,0,0,0,Data_from_ARETT
1760984938327,True,True,0.07067685,1.713437,0.01921635,0.5534366,0.172617,0.8148075,False,0,0,0,Data_from_ARETT
1760984938327,True,True,0.07067685,1.713437,0.01921635,0.5534366,0.172617,0.8148075,False,0,0,0,Data_from_ARETT
1760984938327,True,True,0.07067685,1.713437,0.01921635,0.5534366,0.172617,0.8148075,False,0,0,0,Data_from_ARETT
1760984938361,True,True,0.06974456,1.713865,0.01885812,0.5520533,0.1731295,0.8156367,False,0,0,0,Data_from_ARETT
1760984938361,True,True,0.06974456,1.713865,0.01885812,0.5520533,0.1731295,0.8156367,False,0,0,0,Data_from_ARETT
1760984938361,True,True,0.06974456,1.713865,0.01885812,0.5520533,0.1731295,0.8156367,False,0,0,0,Data_from_ARETT
1760984938395,True,True,0.06932297,1.714032,0.01879596,0.550563,0.1741583,0.8164247,False,0,0,0,Data_from_ARETT
1760984938395,True,True,0.06932297,1.714032,0.01879596,0.550563,0.1741583,0.8164247,False,0,0,0,Data_from_ARETT
1760984938395,True,True,0.06932297,1.714032,0.01879596,0.550563,0.1741583,0.8164247,False,0,0,0,Data_from_ARETT
1760984938431,True,True,0.06964781,1.713739,0.01904889,0.5498481,0.1746865,0.8167936,False,0,0,0,Data_from_ARETT
1760984938431,True,True,0.06964781,1.713739,0.01904889,0.5498481,0.1746865,0.8167936,False,0,0,0,Data_from_ARETT
1760984938431,True,True,0.06964781,1.713739,0.01904889,0.5498481,0.1746865,0.8167936,False,0,0,0,Data_from_ARETT
1760984938465,True,True,0.06915332,1.714063,0.01954832,0.5464665,0.1782966,0.8182815,False,0,0,0,Data_from_ARETT
1760984938465,True,True,0.06915332,1.714063,0.01954832,0.5464665,0.1782966,0.8182815,False,0,0,0,Data_from_ARETT
1760984938465,True,True,0.06915332,1.714063,0.01954832,0.5464665,0.1782966,0.8182815,False,0,0,0,Data_from_ARETT
1760984938498,True,True,0.06883409,1.714203,0.01950916,0.543156,0.1790507,0.8203185,False,0,0,0,Data_from_ARETT
1760984938498,True,True,0.06883409,1.714203,0.01950916,0.543156,0.1790507,0.8203185,False,0,0,0,Data_from_ARETT
1760984938498,True,True,0.06883409,1.714203,0.01950916,0.543156,0.1790507,0.8203185,False,0,0,0,Data_from_ARETT
1760984938533,True,True,0.06890848,1.714041,0.01971416,0.5410886,0.1770022,0.8221273,False,0,0,0,Data_from_ARETT
1760984938533,True,True,0.06890848,1.714041,0.01971416,0.5410886,0.1770022,0.8221273,False,0,0,0,Data_from_ARETT
1760984938533,True,True,0.06890848,1.714041,0.01971416,0.5410886,0.1770022,0.8221273,False,0,0,0,Data_from_ARETT
1760984938567,True,True,0.06899551,1.713562,0.02014254,0.540205,0.1742442,0.8232967,False,0,0,0,Data_from_ARETT
1760984938567,True,True,0.06899551,1.713562,0.02014254,0.540205,0.1742442,0.8232967,False,0,0,0,Data_from_ARETT
1760984938567,True,True,0.06899551,1.713562,0.02014254,0.540205,0.1742442,0.8232967,False,0,0,0,Data_from_ARETT
1760984938602,True,True,0.06917655,1.713194,0.02095476,0.5394453,0.1698014,0.8247219,False,0,0,0,Data_from_ARETT
1760984938602,True,True,0.06917655,1.713194,0.02095476,0.5394453,0.1698014,0.8247219,False,0,0,0,Data_from_ARETT
1760984938602,True,True,0.06917655,1.713194,0.02095476,0.5394453,0.1698014,0.8247219,False,0,0,0,Data_from_ARETT
1760984938635,True,True,0.06921738,1.712653,0.02151234,0.537776,0.1660328,0.8265773,False,0,0,0,Data_from_ARETT
1760984938635,True,True,0.06921738,1.712653,0.02151234,0.537776,0.1660328,0.8265773,False,0,0,0,Data_from_ARETT
1760984938635,True,True,0.06921738,1.712653,0.02151234,0.537776,0.1660328,0.8265773,False,0,0,0,Data_from_ARETT
1760984938670,True,True,0.06928071,1.712275,0.02189255,0.535781,0.158819,0.829286,False,0,0,0,Data_from_ARETT
1760984938670,True,True,0.06928071,1.712275,0.02189255,0.535781,0.158819,0.829286,False,0,0,0,Data_from_ARETT
1760984938670,True,True,0.06928071,1.712275,0.02189255,0.535781,0.158819,0.829286,False,0,0,0,Data_from_ARETT
1760984938703,True,True,0.06949251,1.711691,0.02299826,0.5338309,0.1524112,0.8317425,False,0,0,0,Data_from_ARETT
1760984938703,True,True,0.06949251,1.711691,0.02299826,0.5338309,0.1524112,0.8317425,False,0,0,0,Data_from_ARETT
1760984938703,True,True,0.06949251,1.711691,0.02299826,0.5338309,0.1524112,0.8317425,False,0,0,0,Data_from_ARETT
1760984938738,True,True,0.06942192,1.711472,0.02340156,0.5316084,0.1485602,0.8338599,False,0,0,0,Data_from_ARETT
1760984938738,True,True,0.06942192,1.711472,0.02340156,0.5316084,0.1485602,0.8338599,False,0,0,0,Data_from_ARETT
1760984938738,True,True,0.06942192,1.711472,0.02340156,0.5316084,0.1485602,0.8338599,False,0,0,0,Data_from_ARETT
1760984938772,True,True,0.0694652,1.711233,0.02372043,0.5293427,0.1441784,0.8360676,False,0,0,0,Data_from_ARETT
1760984938772,True,True,0.0694652,1.711233,0.02372043,0.5293427,0.1441784,0.8360676,False,0,0,0,Data_from_ARETT
1760984938772,True,True,0.0694652,1.711233,0.02372043,0.5293427,0.1441784,0.8360676,False,0,0,0,Data_from_ARETT
1760984938806,True,True,0.06954828,1.710846,0.02416741,0.5281021,0.1410089,0.8373916,False,0,0,0,Data_from_ARETT
1760984938806,True,True,0.06954828,1.710846,0.02416741,0.5281021,0.1410089,0.8373916,False,0,0,0,Data_from_ARETT
1760984938806,True,True,0.06954828,1.710846,0.02416741,0.5281021,0.1410089,0.8373916,False,0,0,0,Data_from_ARETT
1760984938840,True,True,0.06968965,1.710524,0.02493927,0.5285372,0.1395604,0.8373597,False,0,0,0,Data_from_ARETT
1760984938840,True,True,0.06968965,1.710524,0.02493927,0.5285372,0.1395604,0.8373597,False,0,0,0,Data_from_ARETT
1760984938840,True,True,0.06968965,1.710524,0.02493927,0.5285372,0.1395604,0.8373597,False,0,0,0,Data_from_ARETT
1760984938874,True,True,0.06944319,1.710885,0.02498204,0.5293066,0.140416,0.8367305,False,0,0,0,Data_from_ARETT
1760984938874,True,True,0.06944319,1.710885,0.02498204,0.5293066,0.140416,0.8367305,False,0,0,0,Data_from_ARETT
1760984938874,True,True,0.06944319,1.710885,0.02498204,0.5293066,0.140416,0.8367305,False,0,0,0,Data_from_ARETT
1760984938908,True,True,0.06946453,1.710941,0.02498506,0.528551,0.1427381,0.8368152,False,0,0,0,Data_from_ARETT
1760984938908,True,True,0.06946453,1.710941,0.02498506,0.528551,0.1427381,0.8368152,False,0,0,0,Data_from_ARETT
1760984938908,True,True,0.06946453,1.710941,0.02498506,0.528551,0.1427381,0.8368152,False,0,0,0,Data_from_ARETT
1760984938943,True,True,0.06916279,1.711012,0.02487981,0.5271527,0.1430874,0.8376372,False,0,0,0,Data_from_ARETT
1760984938943,True,True,0.06916279,1.711012,0.02487981,0.5271527,0.1430874,0.8376372,False,0,0,0,Data_from_ARETT
1760984938943,True,True,0.06916279,1.711012,0.02487981,0.5271527,0.1430874,0.8376372,False,0,0,0,Data_from_ARETT
1760984938976,True,True,0.06889954,1.71108,0.02506696,0.525204,0.1430328,0.8388698,False,0,0,0,Data_from_ARETT
1760984938976,True,True,0.06889954,1.71108,0.02506696,0.525204,0.1430328,0.8388698,False,0,0,0,Data_from_ARETT
1760984938976,True,True,0.06889954,1.71108,0.02506696,0.525204,0.1430328,0.8388698,False,0,0,0,Data_from_ARETT
1760984939011,True,True,0.06877498,1.711103,0.02519972,0.5234817,0.144785,0.8396453,False,0,0,0,Data_from_ARETT
1760984939011,True,True,0.06877498,1.711103,0.02519972,0.5234817,0.144785,0.8396453,False,0,0,0,Data_from_ARETT
1760984939011,True,True,0.06877498,1.711103,0.02519972,0.5234817,0.144785,0.8396453,False,0,0,0,Data_from_ARETT
1760984939045,True,True,0.06827763,1.711125,0.02468919,0.5224042,0.146253,0.8400618,False,0,0,0,Data_from_ARETT
1760984939045,True,True,0.06827763,1.711125,0.02468919,0.5224042,0.146253,0.8400618,False,0,0,0,Data_from_ARETT
1760984939045,True,True,0.06827763,1.711125,0.02468919,0.5224042,0.146253,0.8400618,False,0,0,0,Data_from_ARETT
1760984939079,True,True,0.06805898,1.711209,0.02435608,0.5224136,0.1454877,0.840189,False,0,0,0,Data_from_ARETT
1760984939079,True,True,0.06805898,1.711209,0.02435608,0.5224136,0.1454877,0.840189,False,0,0,0,Data_from_ARETT
1760984939079,True,True,0.06805898,1.711209,0.02435608,0.5224136,0.1454877,0.840189,False,0,0,0,Data_from_ARETT
1760984939113,True,True,0.06816429,1.711192,0.02449996,0.5222496,0.1457545,0.8402446,False,0,0,0,Data_from_ARETT
1760984939113,True,True,0.06816429,1.711192,0.02449996,0.5222496,0.1457545,0.8402446,False,0,0,0,Data_from_ARETT
1760984939113,True,True,0.06816429,1.711192,0.02449996,0.5222496,0.1457545,0.8402446,False,0,0,0,Data_from_ARETT
1760984939147,True,True,0.06784287,1.711177,0.02471435,0.5216688,0.1489988,0.8400363,False,0,0,0,Data_from_ARETT
1760984939147,True,True,0.06784287,1.711177,0.02471435,0.5216688,0.1489988,0.8400363,False,0,0,0,Data_from_ARETT
1760984939147,True,True,0.06784287,1.711177,0.02471435,0.5216688,0.1489988,0.8400363,False,0,0,0,Data_from_ARETT
1760984939181,True,True,0.06741692,1.711256,0.02403081,0.5219701,0.1487289,0.8398969,False,0,0,0,Data_from_ARETT
1760984939181,True,True,0.06741692,1.711256,0.02403081,0.5219701,0.1487289,0.8398969,False,0,0,0,Data_from_ARETT
1760984939181,True,True,0.06741692,1.711256,0.02403081,0.5219701,0.1487289,0.8398969,False,0,0,0,Data_from_ARETT
1760984939214,True,True,0.06755288,1.710984,0.02394707,0.5222974,0.1459336,0.8401838,False,0,0,0,Data_from_ARETT
1760984939214,True,True,0.06755288,1.710984,0.02394707,0.5222974,0.1459336,0.8401838,False,0,0,0,Data_from_ARETT
1760984939214,True,True,0.06755288,1.710984,0.02394707,0.5222974,0.1459336,0.8401838,False,0,0,0,Data_from_ARETT
1760984939249,True,True,0.06724259,1.710998,0.02391125,0.5218624,0.1466364,0.8403317,False,0,0,0,Data_from_ARETT
1760984939249,True,True,0.06724259,1.710998,0.02391125,0.5218624,0.1466364,0.8403317,False,0,0,0,Data_from_ARETT
1760984939249,True,True,0.06724259,1.710998,0.02391125,0.5218624,0.1466364,0.8403317,False,0,0,0,Data_from_ARETT
1760984939283,True,True,0.06725153,1.711038,0.02384967,0.5214895,0.1492869,0.8400965,False,0,0,0,Data_from_ARETT
1760984939283,True,True,0.06725153,1.711038,0.02384967,0.5214895,0.1492869,0.8400965,False,0,0,0,Data_from_ARETT
1760984939283,True,True,0.06725153,1.711038,0.02384967,0.5214895,0.1492869,0.8400965,False,0,0,0,Data_from_ARETT
1760984939317,True,True,0.0670029,1.710971,0.02354791,0.5206157,0.1515759,0.8402286,False,0,0,0,Data_from_ARETT
1760984939317,True,True,0.0670029,1.710971,0.02354791,0.5206157,0.1515759,0.8402286,False,0,0,0,Data_from_ARETT
1760984939317,True,True,0.0670029,1.710971,0.02354791,0.5206157,0.1515759,0.8402286,False,0,0,0,Data_from_ARETT
1760984939352,True,True,0.0667916,1.711078,0.02320145,0.5196471,0.1509621,0.8409384,False,0,0,0,Data_from_ARETT
1760984939352,True,True,0.0667916,1.711078,0.02320145,0.5196471,0.1509621,0.8409384,False,0,0,0,Data_from_ARETT
1760984939352,True,True,0.0667916,1.711078,0.02320145,0.5196471,0.1509621,0.8409384,False,0,0,0,Data_from_ARETT
1760984939385,True,True,0.06656882,1.711424,0.02305623,0.5187306,0.1526957,0.8411911,False,0,0,0,Data_from_ARETT
1760984939385,True,True,0.06656882,1.711424,0.02305623,0.5187306,0.1526957,0.8411911,False,0,0,0,Data_from_ARETT
1760984939385,True,True,0.06656882,1.711424,0.02305623,0.5187306,0.1526957,0.8411911,False,0,0,0,Data_from_ARETT
1760984939420,True,True,0.06626067,1.712077,0.0226535,0.51807,0.1579193,0.8406337,False,0,0,0,Data_from_ARETT
1760984939420,True,True,0.06626067,1.712077,0.0226535,0.51807,0.1579193,0.8406337,False,0,0,0,Data_from_ARETT
1760984939420,True,True,0.06626067,1.712077,0.0226535,0.51807,0.1579193,0.8406337,False,0,0,0,Data_from_ARETT
1760984939454,True,True,0.06630413,1.712561,0.02220459,0.5162221,0.1651209,0.8403867,False,0,0,0,Data_from_ARETT
1760984939454,True,True,0.06630413,1.712561,0.02220459,0.5162221,0.1651209,0.8403867,False,0,0,0,Data_from_ARETT
1760984939454,True,True,0.06630413,1.712561,0.02220459,0.5162221,0.1651209,0.8403867,False,0,0,0,Data_from_ARETT
1760984939488,True,True,0.06570268,1.713268,0.02141342,0.5138029,0.1713023,0.840632,False,0,0,0,Data_from_ARETT
1760984939488,True,True,0.06570268,1.713268,0.02141342,0.5138029,0.1713023,0.840632,False,0,0,0,Data_from_ARETT
1760984939488,True,True,0.06570268,1.713268,0.02141342,0.5138029,0.1713023,0.840632,False,0,0,0,Data_from_ARETT
1760984939522,True,True,0.06529903,1.713605,0.02062492,0.5112991,0.1773456,0.8409053,False,0,0,0,Data_from_ARETT
1760984939522,True,True,0.06529903,1.713605,0.02062492,0.5112991,0.1773456,0.8409053,False,0,0,0,Data_from_ARETT
1760984939522,True,True,0.06529903,1.713605,0.02062492,0.5112991,0.1773456,0.8409053,False,0,0,0,Data_from_ARETT
1760984939555,True,True,0.06492816,1.714054,0.01992623,0.5093545,0.1826689,0.840946,False,0,0,0,Data_from_ARETT
1760984939555,True,True,0.06492816,1.714054,0.01992623,0.5093545,0.1826689,0.840946,False,0,0,0,Data_from_ARETT
1760984939555,True,True,0.06492816,1.714054,0.01992623,0.5093545,0.1826689,0.840946,False,0,0,0,Data_from_ARETT
1760984939590,True,True,0.06462266,1.714549,0.01910358,0.5071735,0.1896702,0.8407142,False,0,0,0,Data_from_ARETT
1760984939590,True,True,0.06462266,1.714549,0.01910358,0.5071735,0.1896702,0.8407142,False,0,0,0,Data_from_ARETT
1760984939590,True,True,0.06462266,1.714549,0.01910358,0.5071735,0.1896702,0.8407142,False,0,0,0,Data_from_ARETT
1760984939624,True,True,0.06415386,1.715213,0.01840768,0.5055144,0.1987293,0.8396201,False,0,0,0,Data_from_ARETT
1760984939624,True,True,0.06415386,1.715213,0.01840768,0.5055144,0.1987293,0.8396201,False,0,0,0,Data_from_ARETT
1760984939624,True,True,0.06415386,1.715213,0.01840768,0.5055144,0.1987293,0.8396201,False,0,0,0,Data_from_ARETT
1760984939658,True,True,0.06375727,1.716105,0.01748128,0.50387,0.2092251,0.8380572,False,0,0,0,Data_from_ARETT
1760984939658,True,True,0.06375727,1.716105,0.01748128,0.50387,0.2092251,0.8380572,False,0,0,0,Data_from_ARETT
1760984939658,True,True,0.06375727,1.716105,0.01748128,0.50387,0.2092251,0.8380572,False,0,0,0,Data_from_ARETT
1760984939692,True,True,0.0630815,1.717093,0.01641915,0.5016313,0.2223329,0.8360228,False,0,0,0,Data_from_ARETT
1760984939692,True,True,0.0630815,1.717093,0.01641915,0.5016313,0.2223329,0.8360228,False,0,0,0,Data_from_ARETT
1760984939692,True,True,0.0630815,1.717093,0.01641915,0.5016313,0.2223329,0.8360228,False,0,0,0,Data_from_ARETT
1760984939726,True,True,0.06230007,1.718151,0.01503737,0.4989527,0.2337414,0.8345125,False,0,0,0,Data_from_ARETT
1760984939726,True,True,0.06230007,1.718151,0.01503737,0.4989527,0.2337414,0.8345125,False,0,0,0,Data_from_ARETT
1760984939726,True,True,0.06230007,1.718151,0.01503737,0.4989527,0.2337414,0.8345125,False,0,0,0,Data_from_ARETT
1760984939760,True,True,0.0619517,1.719067,0.01500714,0.4953599,0.2505364,0.8317752,False,0,0,0,Data_from_ARETT
1760984939760,True,True,0.0619517,1.719067,0.01500714,0.4953599,0.2505364,0.8317752,False,0,0,0,Data_from_ARETT
1760984939760,True,True,0.0619517,1.719067,0.01500714,0.4953599,0.2505364,0.8317752,False,0,0,0,Data_from_ARETT
1760984939795,True,True,0.05986287,1.721428,0.01210068,0.4914027,0.2752498,0.8262935,False,0,0,0,Data_from_ARETT
1760984939795,True,True,0.05986287,1.721428,0.01210068,0.4914027,0.2752498,0.8262935,False,0,0,0,Data_from_ARETT
1760984939795,True,True,0.05986287,1.721428,0.01210068,0.4914027,0.2752498,0.8262935,False,0,0,0,Data_from_ARETT
1760984939829,True,True,0.05932918,1.722731,0.01112084,0.4876209,0.2894103,0.8236914,False,0,0,0,Data_from_ARETT
1760984939829,True,True,0.05932918,1.722731,0.01112084,0.4876209,0.2894103,0.8236914,False,0,0,0,Data_from_ARETT
1760984939829,True,True,0.05932918,1.722731,0.01112084,0.4876209,0.2894103,0.8236914,False,0,0,0,Data_from_ARETT
1760984939862,True,True,0.05828335,1.723823,0.01076768,0.482346,0.3090422,0.8196555,False,0,0,0,Data_from_ARETT
1760984939862,True,True,0.05828335,1.723823,0.01076768,0.482346,0.3090422,0.8196555,False,0,0,0,Data_from_ARETT
1760984939862,True,True,0.05828335,1.723823,0.01076768,0.482346,0.3090422,0.8196555,False,0,0,0,Data_from_ARETT
1760984939897,True,True,0.05746687,1.724564,0.009813307,0.480421,0.3171261,0.817696,False,0,0,0,Data_from_ARETT
1760984939897,True,True,0.05746687,1.724564,0.009813307,0.480421,0.3171261,0.817696,False,0,0,0,Data_from_ARETT
1760984939897,True,True,0.05746687,1.724564,0.009813307,0.480421,0.3171261,0.817696,False,0,0,0,Data_from_ARETT
1760984939930,True,True,0.05646656,1.72538,0.007605151,0.4763074,0.3308138,0.8146738,False,0,0,0,Data_from_ARETT
1760984939930,True,True,0.05646656,1.72538,0.007605151,0.4763074,0.3308138,0.8146738,False,0,0,0,Data_from_ARETT
1760984939930,True,True,0.05646656,1.72538,0.007605151,0.4763074,0.3308138,0.8146738,False,0,0,0,Data_from_ARETT
1760984939965,True,True,0.05547757,1.725187,0.006403502,0.4749515,0.3289466,0.8162201,False,0,0,0,Data_from_ARETT
1760984939965,True,True,0.05547757,1.725187,0.006403502,0.4749515,0.3289466,0.8162201,False,0,0,0,Data_from_ARETT
1760984939965,True,True,0.05547757,1.725187,0.006403502,0.4749515,0.3289466,0.8162201,False,0,0,0,Data_from_ARETT
1760984939999,True,True,0.05565846,1.724822,0.006510084,0.4751791,0.3275655,0.8166429,False,0,0,0,Data_from_ARETT
1760984939999,True,True,0.05565846,1.724822,0.006510084,0.4751791,0.3275655,0.8166429,False,0,0,0,Data_from_ARETT
1760984939999,True,True,0.05565846,1.724822,0.006510084,0.4751791,0.3275655,0.8166429,False,0,0,0,Data_from_ARETT
1760984940033,True,True,0.05499052,1.724884,0.005580884,0.4758489,0.3313949,0.8147056,False,0,0,0,Data_from_ARETT
1760984940033,True,True,0.05499052,1.724884,0.005580884,0.4758489,0.3313949,0.8147056,False,0,0,0,Data_from_ARETT
1760984940033,True,True,0.05499052,1.724884,0.005580884,0.4758489,0.3313949,0.8147056,False,0,0,0,Data_from_ARETT
1760984940067,True,True,0.05460283,1.725679,0.004688934,0.4768546,0.3315623,0.8140492,False,0,0,0,Data_from_ARETT
1760984940067,True,True,0.05460283,1.725679,0.004688934,0.4768546,0.3315623,0.8140492,False,0,0,0,Data_from_ARETT
1760984940067,True,True,0.05460283,1.725679,0.004688934,0.4768546,0.3315623,0.8140492,False,0,0,0,Data_from_ARETT
1760984940101,True,True,0.05640854,1.726763,0.006606824,0.4727306,0.3543963,0.8068017,False,0,0,0,Data_from_ARETT
1760984940101,True,True,0.05640854,1.726763,0.006606824,0.4727306,0.3543963,0.8068017,False,0,0,0,Data_from_ARETT
1760984940101,True,True,0.05640854,1.726763,0.006606824,0.4727306,0.3543963,0.8068017,False,0,0,0,Data_from_ARETT
1760984940135,True,True,0.05311448,1.729062,0.001520527,0.4728909,0.3790828,0.7954059,False,0,0,0,Data_from_ARETT
1760984940135,True,True,0.05311448,1.729062,0.001520527,0.4728909,0.3790828,0.7954059,False,0,0,0,Data_from_ARETT
1760984940135,True,True,0.05311448,1.729062,0.001520527,0.4728909,0.3790828,0.7954059,False,0,0,0,Data_from_ARETT
1760984940169,True,True,0.05356473,1.728962,-0.001242137,0.4767101,0.3808023,0.7922986,False,0,0,0,Data_from_ARETT
1760984940169,True,True,0.05356473,1.728962,-0.001242137,0.4767101,0.3808023,0.7922986,False,0,0,0,Data_from_ARETT
1760984940169,True,True,0.05356473,1.728962,-0.001242137,0.4767101,0.3808023,0.7922986,False,0,0,0,Data_from_ARETT
1760984940203,True,True,0.05403855,1.729477,-0.001118354,0.4753631,0.38557,0.7908007,False,0,0,0,Data_from_ARETT
1760984940203,True,True,0.05403855,1.729477,-0.001118354,0.4753631,0.38557,0.7908007,False,0,0,0,Data_from_ARETT
1760984940203,True,True,0.05403855,1.729477,-0.001118354,0.4753631,0.38557,0.7908007,False,0,0,0,Data_from_ARETT
1760984940237,True,True,0.05284575,1.730091,-0.003235587,0.4732357,0.4022631,0.7837298,False,0,0,0,Data_from_ARETT
1760984940237,True,True,0.05284575,1.730091,-0.003235587,0.4732357,0.4022631,0.7837298,False,0,0,0,Data_from_ARETT
1760984940237,True,True,0.05284575,1.730091,-0.003235587,0.4732357,0.4022631,0.7837298,False,0,0,0,Data_from_ARETT
1760984940272,True,True,0.05263654,1.730219,-0.005642956,0.4751323,0.4051957,0.7810671,False,0,0,0,Data_from_ARETT
1760984940272,True,True,0.05263654,1.730219,-0.005642956,0.4751323,0.4051957,0.7810671,False,0,0,0,Data_from_ARETT
1760984940272,True,True,0.05263654,1.730219,-0.005642956,0.4751323,0.4051957,0.7810671,False,0,0,0,Data_from_ARETT
1760984940307,True,True,0.05235695,1.73063,-0.007183915,0.4738602,0.4100963,0.7792802,False,0,0,0,Data_from_ARETT
1760984940307,True,True,0.05235695,1.73063,-0.007183915,0.4738602,0.4100963,0.7792802,False,0,0,0,Data_from_ARETT
1760984940307,True,True,0.05235695,1.73063,-0.007183915,0.4738602,0.4100963,0.7792802,False,0,0,0,Data_from_ARETT
1760984940341,True,True,0.05220821,1.730793,-0.008603187,0.4696823,0.4188308,0.7771611,False,0,0,0,Data_from_ARETT
1760984940341,True,True,0.05220821,1.730793,-0.008603187,0.4696823,0.4188308,0.7771611,False,0,0,0,Data_from_ARETT
1760984940341,True,True,0.05220821,1.730793,-0.008603187,0.4696823,0.4188308,0.7771611,False,0,0,0,Data_from_ARETT
1760984940375,True,True,0.05172814,1.731025,-0.01055755,0.4676072,0.4220323,0.7766803,False,0,0,0,Data_from_ARETT
1760984940375,True,True,0.05172814,1.731025,-0.01055755,0.4676072,0.4220323,0.7766803,False,0,0,0,Data_from_ARETT
1760984940375,True,True,0.05172814,1.731025,-0.01055755,0.4676072,0.4220323,0.7766803,False,0,0,0,Data_from_ARETT
1760984940409,True,True,0.05122603,1.731031,-0.0123025,0.4655367,0.4263213,0.7755809,False,0,0,0,Data_from_ARETT
1760984940409,True,True,0.05122603,1.731031,-0.0123025,0.4655367,0.4263213,0.7755809,False,0,0,0,Data_from_ARETT
1760984940409,True,True,0.05122603,1.731031,-0.0123025,0.4655367,0.4263213,0.7755809,False,0,0,0,Data_from_ARETT
1760984940443,True,True,0.0504257,1.73116,-0.0140712,0.4647985,0.4302484,0.7738532,False,0,0,0,Data_from_ARETT
1760984940443,True,True,0.0504257,1.73116,-0.0140712,0.4647985,0.4302484,0.7738532,False,0,0,0,Data_from_ARETT
1760984940443,True,True,0.0504257,1.73116,-0.0140712,0.4647985,0.4302484,0.7738532,False,0,0,0,Data_from_ARETT
1760984940476,True,True,0.04986709,1.731065,-0.01631844,0.4627772,0.4355649,0.7720883,False,0,0,0,Data_from_ARETT
1760984940476,True,True,0.04986709,1.731065,-0.01631844,0.4627772,0.4355649,0.7720883,False,0,0,0,Data_from_ARETT
1760984940476,True,True,0.04986709,1.731065,-0.01631844,0.4627772,0.4355649,0.7720883,False,0,0,0,Data_from_ARETT
1760984940511,True,True,0.04907978,1.731005,-0.01826761,0.4606765,0.4381683,0.7718715,False,0,0,0,Data_from_ARETT
1760984940511,True,True,0.04907978,1.731005,-0.01826761,0.4606765,0.4381683,0.7718715,False,0,0,0,Data_from_ARETT
1760984940511,True,True,0.04907978,1.731005,-0.01826761,0.4606765,0.4381683,0.7718715,False,0,0,0,Data_from_ARETT
1760984940545,True,True,0.04826573,1.730731,-0.01988987,0.4580703,0.4438393,0.7701808,False,0,0,0,Data_from_ARETT
1760984940545,True,True,0.04826573,1.730731,-0.01988987,0.4580703,0.4438393,0.7701808,False,0,0,0,Data_from_ARETT
1760984940545,True,True,0.04826573,1.730731,-0.01988987,0.4580703,0.4438393,0.7701808,False,0,0,0,Data_from_ARETT
1760984940579,True,True,0.04677565,1.729129,-0.02263348,0.4571853,0.4333972,0.7766264,False,0,0,0,Data_from_ARETT
1760984940579,True,True,0.04677565,1.729129,-0.02263348,0.4571853,0.4333972,0.7766264,False,0,0,0,Data_from_ARETT
1760984940579,True,True,0.04677565,1.729129,-0.02263348,0.4571853,0.4333972,0.7766264,False,0,0,0,Data_from_ARETT
1760984940613,True,True,0.04701209,1.727893,-0.02236249,0.4578289,0.4181376,0.7845723,False,0,0,0,Data_from_ARETT
1760984940613,True,True,0.04701209,1.727893,-0.02236249,0.4578289,0.4181376,0.7845723,False,0,0,0,Data_from_ARETT
1760984940613,True,True,0.04701209,1.727893,-0.02236249,0.4578289,0.4181376,0.7845723,False,0,0,0,Data_from_ARETT
1760984940647,True,True,0.04583821,1.726864,-0.02282785,0.4589521,0.41302,0.7866241,False,0,0,0,Data_from_ARETT
1760984940647,True,True,0.04583821,1.726864,-0.02282785,0.4589521,0.41302,0.7866241,False,0,0,0,Data_from_ARETT
1760984940647,True,True,0.04583821,1.726864,-0.02282785,0.4589521,0.41302,0.7866241,False,0,0,0,Data_from_ARETT
1760984940681,True,True,0.04575788,1.726264,-0.02393044,0.4608963,0.4058884,0.7891954,False,0,0,0,Data_from_ARETT
1760984940681,True,True,0.04575788,1.726264,-0.02393044,0.4608963,0.4058884,0.7891954,False,0,0,0,Data_from_ARETT
1760984940681,True,True,0.04575788,1.726264,-0.02393044,0.4608963,0.4058884,0.7891954,False,0,0,0,Data_from_ARETT
1760984940716,True,True,0.04651204,1.7253,-0.02295118,0.4607212,0.3943358,0.7951322,False,0,0,0,Data_from_ARETT
1760984940716,True,True,0.04651204,1.7253,-0.02295118,0.4607212,0.3943358,0.7951322,False,0,0,0,Data_from_ARETT
1760984940716,True,True,0.04651204,1.7253,-0.02295118,0.4607212,0.3943358,0.7951322,False,0,0,0,Data_from_ARETT
1760984940749,True,True,0.04600744,1.725009,-0.02322464,0.4597208,0.3954162,0.7951747,False,0,0,0,Data_from_ARETT
1760984940749,True,True,0.04600744,1.725009,-0.02322464,0.4597208,0.3954162,0.7951747,False,0,0,0,Data_from_ARETT
1760984940749,True,True,0.04600744,1.725009,-0.02322464,0.4597208,0.3954162,0.7951747,False,0,0,0,Data_from_ARETT
1760984940783,True,True,0.04599041,1.724511,-0.02264151,0.459425,0.3880501,0.7989654,False,0,0,0,Data_from_ARETT
1760984940783,True,True,0.04599041,1.724511,-0.02264151,0.459425,0.3880501,0.7989654,False,0,0,0,Data_from_ARETT
1760984940783,True,True,0.04599041,1.724511,-0.02264151,0.459425,0.3880501,0.7989654,False,0,0,0,Data_from_ARETT
1760984940818,True,True,0.04604511,1.723948,-0.02096795,0.4583989,0.3831538,0.8019125,False,0,0,0,Data_from_ARETT
1760984940818,True,True,0.04604511,1.723948,-0.02096795,0.4583989,0.3831538,0.8019125,False,0,0,0,Data_from_ARETT
1760984940818,True,True,0.04604511,1.723948,-0.02096795,0.4583989,0.3831538,0.8019125,False,0,0,0,Data_from_ARETT
1760984940852,True,True,0.04654581,1.723246,-0.0204548,0.4589762,0.3739966,0.8058954,False,0,0,0,Data_from_ARETT
1760984940852,True,True,0.04654581,1.723246,-0.0204548,0.4589762,0.3739966,0.8058954,False,0,0,0,Data_from_ARETT
1760984940852,True,True,0.04654581,1.723246,-0.0204548,0.4589762,0.3739966,0.8058954,False,0,0,0,Data_from_ARETT
1760984940886,True,True,0.04652864,1.722564,-0.01889888,0.4597589,0.3593882,0.8120726,False,0,0,0,Data_from_ARETT
1760984940886,True,True,0.04652864,1.722564,-0.01889888,0.4597589,0.3593882,0.8120726,False,0,0,0,Data_from_ARETT
1760984940886,True,True,0.04652864,1.722564,-0.01889888,0.4597589,0.3593882,0.8120726,False,0,0,0,Data_from_ARETT
1760984940920,True,True,0.04730782,1.721788,-0.01598563,0.4599303,0.3466948,0.8174759,False,0,0,0,Data_from_ARETT
1760984940920,True,True,0.04730782,1.721788,-0.01598563,0.4599303,0.3466948,0.8174759,False,0,0,0,Data_from_ARETT
1760984940920,True,True,0.04730782,1.721788,-0.01598563,0.4599303,0.3466948,0.8174759,False,0,0,0,Data_from_ARETT
1760984940954,True,True,0.04760473,1.721056,-0.01383771,0.4600028,0.3363919,0.8217286,False,0,0,0,Data_from_ARETT
1760984940954,True,True,0.04760473,1.721056,-0.01383771,0.4600028,0.3363919,0.8217286,False,0,0,0,Data_from_ARETT
1760984940954,True,True,0.04760473,1.721056,-0.01383771,0.4600028,0.3363919,0.8217286,False,0,0,0,Data_from_ARETT
1760984940988,True,True,0.04821813,1.720123,-0.01121272,0.4619623,0.3172334,0.8282233,False,0,0,0,Data_from_ARETT
1760984940988,True,True,0.04821813,1.720123,-0.01121272,0.4619623,0.3172334,0.8282233,False,0,0,0,Data_from_ARETT
1760984940988,True,True,0.04821813,1.720123,-0.01121272,0.4619623,0.3172334,0.8282233,False,0,0,0,Data_from_ARETT
1760984941023,True,True,0.04951233,1.719327,-0.007456514,0.4624262,0.3017699,0.8337247,False,0,0,0,Data_from_ARETT
1760984941023,True,True,0.04951233,1.719327,-0.007456514,0.4624262,0.3017699,0.8337247,False,0,0,0,Data_from_ARETT
1760984941023,True,True,0.04951233,1.719327,-0.007456514,0.4624262,0.3017699,0.8337247,False,0,0,0,Data_from_ARETT
1760984941057,True,True,0.05061159,1.718739,-0.003784753,0.4624343,0.2908156,0.8376042,False,0,0,0,Data_from_ARETT
1760984941057,True,True,0.05061159,1.718739,-0.003784753,0.4624343,0.2908156,0.8376042,False,0,0,0,Data_from_ARETT
1760984941057,True,True,0.05061159,1.718739,-0.003784753,0.4624343,0.2908156,0.8376042,False,0,0,0,Data_from_ARETT
1760984941090,True,True,0.05161494,1.718388,-0.0009316741,0.4652146,0.279042,0.840066,False,0,0,0,Data_from_ARETT
1760984941090,True,True,0.05161494,1.718388,-0.0009316741,0.4652146,0.279042,0.840066,False,0,0,0,Data_from_ARETT
1760984941090,True,True,0.05161494,1.718388,-0.0009316741,0.4652146,0.279042,0.840066,False,0,0,0,Data_from_ARETT
1760984941125,True,True,0.05283994,1.717784,0.002631265,0.4674571,0.2661023,0.8430145,False,0,0,0,Data_from_ARETT
1760984941125,True,True,0.05283994,1.717784,0.002631265,0.4674571,0.2661023,0.8430145,False,0,0,0,Data_from_ARETT
1760984941125,True,True,0.05283994,1.717784,0.002631265,0.4674571,0.2661023,0.8430145,False,0,0,0,Data_from_ARETT
1760984941159,True,True,0.0541859,1.717282,0.006283128,0.4675015,0.2550175,0.8464091,False,0,0,0,Data_from_ARETT
1760984941159,True,True,0.0541859,1.717282,0.006283128,0.4675015,0.2550175,0.8464091,False,0,0,0,Data_from_ARETT
1760984941159,True,True,0.0541859,1.717282,0.006283128,0.4675015,0.2550175,0.8464091,False,0,0,0,Data_from_ARETT
1760984941193,True,True,0.05512943,1.716817,0.00953373,0.4664122,0.2476545,0.849192,False,0,0,0,Data_from_ARETT
1760984941193,True,True,0.05512943,1.716817,0.00953373,0.4664122,0.2476545,0.849192,False,0,0,0,Data_from_ARETT
1760984941193,True,True,0.05512943,1.716817,0.00953373,0.4664122,0.2476545,0.849192,False,0,0,0,Data_from_ARETT
1760984941227,True,True,0.05609251,1.716249,0.01255621,0.4670124,0.2365208,0.8520312,False,0,0,0,Data_from_ARETT
1760984941227,True,True,0.05609251,1.716249,0.01255621,0.4670124,0.2365208,0.8520312,False,0,0,0,Data_from_ARETT
1760984941227,True,True,0.05609251,1.716249,0.01255621,0.4670124,0.2365208,0.8520312,False,0,0,0,Data_from_ARETT
1760984941262,True,True,0.05693385,1.7158,0.01570438,0.4673362,0.2234956,0.8553634,False,0,0,0,Data_from_ARETT
1760984941262,True,True,0.05693385,1.7158,0.01570438,0.4673362,0.2234956,0.8553634,False,0,0,0,Data_from_ARETT
1760984941262,True,True,0.05693385,1.7158,0.01570438,0.4673362,0.2234956,0.8553634,False,0,0,0,Data_from_ARETT
1760984941295,True,True,0.05827702,1.714891,0.0217097,0.4614199,0.212615,0.8613284,False,0,0,0,Data_from_ARETT
1760984941295,True,True,0.05827702,1.714891,0.0217097,0.4614199,0.212615,0.8613284,False,0,0,0,Data_from_ARETT
1760984941295,True,True,0.05827702,1.714891,0.0217097,0.4614199,0.212615,0.8613284,False,0,0,0,Data_from_ARETT
1760984941329,True,True,0.05803864,1.714101,0.02428971,0.4574813,0.2018269,0.866012,False,0,0,0,Data_from_ARETT
1760984941329,True,True,0.05803864,1.714101,0.02428971,0.4574813,0.2018269,0.866012,False,0,0,0,Data_from_ARETT
1760984941329,True,True,0.05803864,1.714101,0.02428971,0.4574813,0.2018269,0.866012,False,0,0,0,Data_from_ARETT
1760984941364,True,True,0.05855169,1.713226,0.02689462,0.4546155,0.1832399,0.8716352,False,0,0,0,Data_from_ARETT
1760984941364,True,True,0.05855169,1.713226,0.02689462,0.4546155,0.1832399,0.8716352,False,0,0,0,Data_from_ARETT
1760984941364,True,True,0.05855169,1.713226,0.02689462,0.4546155,0.1832399,0.8716352,False,0,0,0,Data_from_ARETT
1760984941398,True,True,0.05946641,1.712323,0.03033005,0.4513764,0.1754403,0.8749172,False,0,0,0,Data_from_ARETT
1760984941398,True,True,0.05946641,1.712323,0.03033005,0.4513764,0.1754403,0.8749172,False,0,0,0,Data_from_ARETT
1760984941398,True,True,0.05946641,1.712323,0.03033005,0.4513764,0.1754403,0.8749172,False,0,0,0,Data_from_ARETT
1760984941432,True,True,0.05961654,1.711825,0.03241644,0.4496361,0.1688232,0.8771123,False,0,0,0,Data_from_ARETT
1760984941432,True,True,0.05961654,1.711825,0.03241644,0.4496361,0.1688232,0.8771123,False,0,0,0,Data_from_ARETT
1760984941432,True,True,0.05961654,1.711825,0.03241644,0.4496361,0.1688232,0.8771123,False,0,0,0,Data_from_ARETT
1760984941466,True,True,0.05952838,1.711674,0.03301569,0.4485142,0.1640559,0.8785902,False,0,0,0,Data_from_ARETT
1760984941466,True,True,0.05952838,1.711674,0.03301569,0.4485142,0.1640559,0.8785902,False,0,0,0,Data_from_ARETT
1760984941466,True,True,0.05952838,1.711674,0.03301569,0.4485142,0.1640559,0.8785902,False,0,0,0,Data_from_ARETT
1760984941499,True,True,0.0603625,1.711075,0.03695613,0.4446419,0.1556556,0.8820799,False,0,0,0,Data_from_ARETT
1760984941499,True,True,0.0603625,1.711075,0.03695613,0.4446419,0.1556556,0.8820799,False,0,0,0,Data_from_ARETT
1760984941499,True,True,0.0603625,1.711075,0.03695613,0.4446419,0.1556556,0.8820799,False,0,0,0,Data_from_ARETT
1760984941534,True,True,0.06017557,1.711586,0.03796493,0.4436477,0.1595495,0.8818848,False,0,0,0,Data_from_ARETT
1760984941534,True,True,0.06017557,1.711586,0.03796493,0.4436477,0.1595495,0.8818848,False,0,0,0,Data_from_ARETT
1760984941534,True,True,0.06017557,1.711586,0.03796493,0.4436477,0.1595495,0.8818848,False,0,0,0,Data_from_ARETT
1760984941568,True,True,0.059848,1.711745,0.03837408,0.4422522,0.1569494,0.8830515,False,0,0,0,Data_from_ARETT
1760984941568,True,True,0.059848,1.711745,0.03837408,0.4422522,0.1569494,0.8830515,False,0,0,0,Data_from_ARETT
1760984941568,True,True,0.059848,1.711745,0.03837408,0.4422522,0.1569494,0.8830515,False,0,0,0,Data_from_ARETT
1760984941602,True,True,0.05994356,1.711357,0.03922637,0.440368,0.1523684,0.8847938,False,0,0,0,Data_from_ARETT
1760984941602,True,True,0.05994356,1.711357,0.03922637,0.440368,0.1523684,0.8847938,False,0,0,0,Data_from_ARETT
1760984941602,True,True,0.05994356,1.711357,0.03922637,0.440368,0.1523684,0.8847938,False,0,0,0,Data_from_ARETT
1760984941636,True,True,0.05980155,1.710967,0.03969095,0.4379406,0.1460363,0.8870634,False,0,0,0,Data_from_ARETT
1760984941636,True,True,0.05980155,1.710967,0.03969095,0.4379406,0.1460363,0.8870634,False,0,0,0,Data_from_ARETT
1760984941636,True,True,0.05980155,1.710967,0.03969095,0.4379406,0.1460363,0.8870634,False,0,0,0,Data_from_ARETT
1760984941670,True,True,0.0595284,1.710763,0.04076635,0.4345901,0.1423002,0.8893155,False,0,0,0,Data_from_ARETT
1760984941670,True,True,0.0595284,1.710763,0.04076635,0.4345901,0.1423002,0.8893155,False,0,0,0,Data_from_ARETT
1760984941670,True,True,0.0595284,1.710763,0.04076635,0.4345901,0.1423002,0.8893155,False,0,0,0,Data_from_ARETT
1760984941705,True,True,0.05908424,1.711003,0.04093391,0.4328896,0.1454696,0.8896321,False,0,0,0,Data_from_ARETT
1760984941705,True,True,0.05908424,1.711003,0.04093391,0.4328896,0.1454696,0.8896321,False,0,0,0,Data_from_ARETT
1760984941705,True,True,0.05908424,1.711003,0.04093391,0.4328896,0.1454696,0.8896321,False,0,0,0,Data_from_ARETT
1760984941739,True,True,0.0591135,1.710932,0.04058683,0.4314301,0.1461712,0.8902258,False,0,0,0,Data_from_ARETT
1760984941739,True,True,0.0591135,1.710932,0.04058683,0.4314301,0.1461712,0.8902258,False,0,0,0,Data_from_ARETT
1760984941739,True,True,0.0591135,1.710932,0.04058683,0.4314301,0.1461712,0.8902258,False,0,0,0,Data_from_ARETT
1760984941773,True,True,0.05885439,1.710857,0.04021494,0.4283642,0.144975,0.8919004,False,0,0,0,Data_from_ARETT
1760984941773,True,True,0.05885439,1.710857,0.04021494,0.4283642,0.144975,0.8919004,False,0,0,0,Data_from_ARETT
1760984941773,True,True,0.05885439,1.710857,0.04021494,0.4283642,0.144975,0.8919004,False,0,0,0,Data_from_ARETT
1760984941807,True,True,0.0585508,1.71086,0.03984448,0.4227691,0.1429703,0.8948887,False,0,0,0,Data_from_ARETT
1760984941807,True,True,0.0585508,1.71086,0.03984448,0.4227691,0.1429703,0.8948887,False,0,0,0,Data_from_ARETT
1760984941807,True,True,0.0585508,1.71086,0.03984448,0.4227691,0.1429703,0.8948887,False,0,0,0,Data_from_ARETT
1760984941841,True,True,0.05810775,1.710727,0.03966385,0.416037,0.1433374,0.8979797,False,0,0,0,Data_from_ARETT
1760984941841,True,True,0.05810775,1.710727,0.03966385,0.416037,0.1433374,0.8979797,False,0,0,0,Data_from_ARETT
1760984941841,True,True,0.05810775,1.710727,0.03966385,0.416037,0.1433374,0.8979797,False,0,0,0,Data_from_ARETT
1760984941874,True,True,0.05743957,1.710558,0.0393349,0.4097952,0.1430226,0.9008954,False,0,0,0,Data_from_ARETT
1760984941874,True,True,0.05743957,1.710558,0.0393349,0.4097952,0.1430226,0.9008954,False,0,0,0,Data_from_ARETT
1760984941874,True,True,0.05743957,1.710558,0.0393349,0.4097952,0.1430226,0.9008954,False,0,0,0,Data_from_ARETT
1760984941909,True,True,0.05665924,1.710787,0.03857398,0.4015772,0.1424701,0.9046757,False,0,0,0,Data_from_ARETT
1760984941909,True,True,0.05665924,1.710787,0.03857398,0.4015772,0.1424701,0.9046757,False,0,0,0,Data_from_ARETT
1760984941909,True,True,0.05665924,1.710787,0.03857398,0.4015772,0.1424701,0.9046757,False,0,0,0,Data_from_ARETT
1760984941943,True,True,0.05632214,1.710898,0.03854387,0.3969983,0.1467261,0.9060153,False,0,0,0,Data_from_ARETT
1760984941943,True,True,0.05632214,1.710898,0.03854387,0.3969983,0.1467261,0.9060153,False,0,0,0,Data_from_ARETT
1760984941943,True,True,0.05632214,1.710898,0.03854387,0.3969983,0.1467261,0.9060153,False,0,0,0,Data_from_ARETT
1760984941977,True,True,0.05630501,1.711439,0.03729107,0.3956962,0.1520497,0.9057072,False,0,0,0,Data_from_ARETT
1760984941977,True,True,0.05630501,1.711439,0.03729107,0.3956962,0.1520497,0.9057072,False,0,0,0,Data_from_ARETT
1760984941977,True,True,0.05630501,1.711439,0.03729107,0.3956962,0.1520497,0.9057072,False,0,0,0,Data_from_ARETT
1760984942012,True,True,0.05578578,1.71231,0.0358524,0.3943144,0.1593611,0.9050526,False,0,0,0,Data_from_ARETT
1760984942012,True,True,0.05578578,1.71231,0.0358524,0.3943144,0.1593611,0.9050526,False,0,0,0,Data_from_ARETT
1760984942012,True,True,0.05578578,1.71231,0.0358524,0.3943144,0.1593611,0.9050526,False,0,0,0,Data_from_ARETT
1760984942045,True,True,0.05557008,1.71266,0.03555967,0.3942428,0.1648326,0.9041033,False,0,0,0,Data_from_ARETT
1760984942045,True,True,0.05557008,1.71266,0.03555967,0.3942428,0.1648326,0.9041033,False,0,0,0,Data_from_ARETT
1760984942045,True,True,0.05557008,1.71266,0.03555967,0.3942428,0.1648326,0.9041033,False,0,0,0,Data_from_ARETT
1760984942081,True,True,0.05519722,1.713207,0.03442077,0.3937941,0.1693459,0.9034646,False,0,0,0,Data_from_ARETT
1760984942081,True,True,0.05519722,1.713207,0.03442077,0.3937941,0.1693459,0.9034646,False,0,0,0,Data_from_ARETT
1760984942081,True,True,0.05519722,1.713207,0.03442077,0.3937941,0.1693459,0.9034646,False,0,0,0,Data_from_ARETT
1760984942115,True,True,0.05485887,1.71338,0.03346254,0.3927339,0.1720048,0.9034237,False,0,0,0,Data_from_ARETT
1760984942115,True,True,0.05485887,1.71338,0.03346254,0.3927339,0.1720048,0.9034237,False,0,0,0,Data_from_ARETT
1760984942115,True,True,0.05485887,1.71338,0.03346254,0.3927339,0.1720048,0.9034237,False,0,0,0,Data_from_ARETT
1760984942149,True,True,0.05453904,1.713658,0.03287915,0.3921532,0.1737587,0.9033403,False,0,0,0,Data_from_ARETT
1760984942149,True,True,0.05453904,1.713658,0.03287915,0.3921532,0.1737587,0.9033403,False,0,0,0,Data_from_ARETT
1760984942149,True,True,0.05453904,1.713658,0.03287915,0.3921532,0.1737587,0.9033403,False,0,0,0,Data_from_ARETT
1760984942182,True,True,0.05433346,1.713841,0.03267335,0.3896476,0.1793783,0.9033262,False,0,0,0,Data_from_ARETT
1760984942182,True,True,0.05433346,1.713841,0.03267335,0.3896476,0.1793783,0.9033262,False,0,0,0,Data_from_ARETT
1760984942182,True,True,0.05433346,1.713841,0.03267335,0.3896476,0.1793783,0.9033262,False,0,0,0,Data_from_ARETT
1760984942217,True,True,0.0538558,1.714169,0.03179212,0.3855891,0.1829706,0.9043466,False,0,0,0,Data_from_ARETT
1760984942217,True,True,0.0538558,1.714169,0.03179212,0.3855891,0.1829706,0.9043466,False,0,0,0,Data_from_ARETT
1760984942217,True,True,0.0538558,1.714169,0.03179212,0.3855891,0.1829706,0.9043466,False,0,0,0,Data_from_ARETT
1760984942251,True,True,0.05317654,1.714385,0.03113078,0.3818121,0.1848091,0.9055744,False,0,0,0,Data_from_ARETT
1760984942251,True,True,0.05317654,1.714385,0.03113078,0.3818121,0.1848091,0.9055744,False,0,0,0,Data_from_ARETT
1760984942251,True,True,0.05317654,1.714385,0.03113078,0.3818121,0.1848091,0.9055744,False,0,0,0,Data_from_ARETT
1760984942285,True,True,0.05259987,1.714547,0.03064415,0.3787692,0.1855189,0.9067065,False,0,0,0,Data_from_ARETT
1760984942285,True,True,0.05259987,1.714547,0.03064415,0.3787692,0.1855189,0.9067065,False,0,0,0,Data_from_ARETT
1760984942285,True,True,0.05259987,1.714547,0.03064415,0.3787692,0.1855189,0.9067065,False,0,0,0,Data_from_ARETT
1760984942318,True,True,0.05232179,1.714638,0.03002401,0.3766033,0.1866315,0.9073801,False,0,0,0,Data_from_ARETT
1760984942318,True,True,0.05232179,1.714638,0.03002401,0.3766033,0.1866315,0.9073801,False,0,0,0,Data_from_ARETT
1760984942318,True,True,0.05232179,1.714638,0.03002401,0.3766033,0.1866315,0.9073801,False,0,0,0,Data_from_ARETT
1760984942352,True,True,0.05230292,1.7145,0.0298259,0.3753137,0.1874758,0.9077403,False,0,0,0,Data_from_ARETT
1760984942352,True,True,0.05230292,1.7145,0.0298259,0.3753137,0.1874758,0.9077403,False,0,0,0,Data_from_ARETT
1760984942352,True,True,0.05230292,1.7145,0.0298259,0.3753137,0.1874758,0.9077403,False,0,0,0,Data_from_ARETT
1760984942386,True,True,0.05200775,1.714554,0.02946048,0.3738775,0.188785,0.9080616,False,0,0,0,Data_from_ARETT
1760984942386,True,True,0.05200775,1.714554,0.02946048,0.3738775,0.188785,0.9080616,False,0,0,0,Data_from_ARETT
1760984942386,True,True,0.05200775,1.714554,0.02946048,0.3738775,0.188785,0.9080616,False,0,0,0,Data_from_ARETT
1760984942421,True,True,0.05173836,1.714559,0.02908976,0.3727877,0.1888588,0.9084942,False,0,0,0,Data_from_ARETT
1760984942421,True,True,0.05173836,1.714559,0.02908976,0.3727877,0.1888588,0.9084942,False,0,0,0,Data_from_ARETT
1760984942421,True,True,0.05173836,1.714559,0.02908976,0.3727877,0.1888588,0.9084942,False,0,0,0,Data_from_ARETT
1760984942455,True,True,0.05160337,1.714466,0.02891593,0.3717742,0.1888929,0.9089023,False,0,0,0,Data_from_ARETT
1760984942455,True,True,0.05160337,1.714466,0.02891593,0.3717742,0.1888929,0.9089023,False,0,0,0,Data_from_ARETT
1760984942455,True,True,0.05160337,1.714466,0.02891593,0.3717742,0.1888929,0.9089023,False,0,0,0,Data_from_ARETT
1760984942489,True,True,0.05147977,1.714602,0.02881134,0.3715324,0.1884011,0.9091032,False,0,0,0,Data_from_ARETT
1760984942489,True,True,0.05147977,1.714602,0.02881134,0.3715324,0.1884011,0.9091032,False,0,0,0,Data_from_ARETT
1760984942489,True,True,0.05147977,1.714602,0.02881134,0.3715324,0.1884011,0.9091032,False,0,0,0,Data_from_ARETT
1760984942523,True,True,0.05164639,1.714729,0.02861541,0.3708905,0.1898074,0.9090728,False,0,0,0,Data_from_ARETT
1760984942523,True,True,0.05164639,1.714729,0.02861541,0.3708905,0.1898074,0.9090728,False,0,0,0,Data_from_ARETT
1760984942523,True,True,0.05164639,1.714729,0.02861541,0.3708905,0.1898074,0.9090728,False,0,0,0,Data_from_ARETT
1760984942557,True,True,0.0515342,1.714913,0.02861459,0.3693454,0.1909764,0.909457,False,0,0,0,Data_from_ARETT
1760984942557,True,True,0.0515342,1.714913,0.02861459,0.3693454,0.1909764,0.909457,False,0,0,0,Data_from_ARETT
1760984942557,True,True,0.0515342,1.714913,0.02861459,0.3693454,0.1909764,0.909457,False,0,0,0,Data_from_ARETT
1760984942591,True,True,0.05151822,1.714878,0.02847911,0.3664728,0.1912246,0.9105662,False,0,0,0,Data_from_ARETT
1760984942591,True,True,0.05151822,1.714878,0.02847911,0.3664728,0.1912246,0.9105662,False,0,0,0,Data_from_ARETT
1760984942591,True,True,0.05151822,1.714878,0.02847911,0.3664728,0.1912246,0.9105662,False,0,0,0,Data_from_ARETT
1760984942624,True,True,0.05124117,1.714896,0.02837294,0.3639645,0.1900752,0.9118121,False,0,0,0,Data_from_ARETT
1760984942624,True,True,0.05124117,1.714896,0.02837294,0.3639645,0.1900752,0.9118121,False,0,0,0,Data_from_ARETT
1760984942624,True,True,0.05124117,1.714896,0.02837294,0.3639645,0.1900752,0.9118121,False,0,0,0,Data_from_ARETT
1760984942659,True,True,0.05103655,1.714639,0.02873756,0.3581526,0.1881801,0.9145026,False,0,0,0,Data_from_ARETT
1760984942659,True,True,0.05103655,1.714639,0.02873756,0.3581526,0.1881801,0.9145026,False,0,0,0,Data_from_ARETT
1760984942659,True,True,0.05103655,1.714639,0.02873756,0.3581526,0.1881801,0.9145026,False,0,0,0,Data_from_ARETT
1760984942692,True,True,0.05067311,1.714255,0.02900312,0.3496496,0.18464,0.918506,False,0,0,0,Data_from_ARETT
1760984942692,True,True,0.05067311,1.714255,0.02900312,0.3496496,0.18464,0.918506,False,0,0,0,Data_from_ARETT
1760984942692,True,True,0.05067311,1.714255,0.02900312,0.3496496,0.18464,0.918506,False,0,0,0,Data_from_ARETT
1760984942727,True,True,0.05007628,1.714054,0.0291907,0.3396676,0.1797306,0.9232133,False,0,0,0,Data_from_ARETT
1760984942727,True,True,0.05007628,1.714054,0.0291907,0.3396676,0.1797306,0.9232133,False,0,0,0,Data_from_ARETT
1760984942727,True,True,0.05007628,1.714054,0.0291907,0.3396676,0.1797306,0.9232133,False,0,0,0,Data_from_ARETT
1760984942762,True,True,0.04904535,1.713821,0.03009759,0.3278508,0.1764268,0.9281096,False,0,0,0,Data_from_ARETT
1760984942762,True,True,0.04904535,1.713821,0.03009759,0.3278508,0.1764268,0.9281096,False,0,0,0,Data_from_ARETT
1760984942762,True,True,0.04904535,1.713821,0.03009759,0.3278508,0.1764268,0.9281096,False,0,0,0,Data_from_ARETT
1760984942796,True,True,0.04768408,1.7139,0.02970668,0.3092331,0.1730015,0.9351178,False,0,0,0,Data_from_ARETT
1760984942796,True,True,0.04768408,1.7139,0.02970668,0.3092331,0.1730015,0.9351178,False,0,0,0,Data_from_ARETT
1760984942796,True,True,0.04768408,1.7139,0.02970668,0.3092331,0.1730015,0.9351178,False,0,0,0,Data_from_ARETT
1760984942830,True,True,0.04628535,1.713281,0.03043423,0.2858951,0.1700405,0.9430537,False,0,0,0,Data_from_ARETT
1760984942830,True,True,0.04628535,1.713281,0.03043423,0.2858951,0.1700405,0.9430537,False,0,0,0,Data_from_ARETT
1760984942830,True,True,0.04628535,1.713281,0.03043423,0.2858951,0.1700405,0.9430537,False,0,0,0,Data_from_ARETT
1760984942864,True,True,0.04568851,1.71304,0.0302844,0.2772666,0.1659864,0.9463465,False,0,0,0,Data_from_ARETT
1760984942864,True,True,0.04568851,1.71304,0.0302844,0.2772666,0.1659864,0.9463465,False,0,0,0,Data_from_ARETT
1760984942864,True,True,0.04568851,1.71304,0.0302844,0.2772666,0.1659864,0.9463465,False,0,0,0,Data_from_ARETT
1760984942898,True,True,0.0452532,1.712548,0.03054891,0.2682417,0.1624388,0.9495578,False,0,0,0,Data_from_ARETT
1760984942898,True,True,0.0452532,1.712548,0.03054891,0.2682417,0.1624388,0.9495578,False,0,0,0,Data_from_ARETT
1760984942898,True,True,0.0452532,1.712548,0.03054891,0.2682417,0.1624388,0.9495578,False,0,0,0,Data_from_ARETT
1760984942932,True,True,0.04448634,1.712162,0.03065908,0.2578456,0.158262,0.9531363,False,0,0,0,Data_from_ARETT
1760984942932,True,True,0.04448634,1.712162,0.03065908,0.2578456,0.158262,0.9531363,False,0,0,0,Data_from_ARETT
1760984942932,True,True,0.04448634,1.712162,0.03065908,0.2578456,0.158262,0.9531363,False,0,0,0,Data_from_ARETT
1760984942966,True,True,0.04350029,1.711945,0.03086757,0.2455854,0.153733,0.9571071,False,0,0,0,Data_from_ARETT
1760984942966,True,True,0.04350029,1.711945,0.03086757,0.2455854,0.153733,0.9571071,False,0,0,0,Data_from_ARETT
1760984942966,True,True,0.04350029,1.711945,0.03086757,0.2455854,0.153733,0.9571071,False,0,0,0,Data_from_ARETT
1760984943001,True,True,0.04233966,1.711771,0.03086753,0.232445,0.1492011,0.9610975,False,0,0,0,Data_from_ARETT
1760984943001,True,True,0.04233966,1.711771,0.03086753,0.232445,0.1492011,0.9610975,False,0,0,0,Data_from_ARETT
1760984943001,True,True,0.04233966,1.711771,0.03086753,0.232445,0.1492011,0.9610975,False,0,0,0,Data_from_ARETT
1760984943034,True,True,0.04136435,1.711531,0.03111758,0.2175708,0.1449731,0.9652179,False,0,0,0,Data_from_ARETT
1760984943034,True,True,0.04136435,1.711531,0.03111758,0.2175708,0.1449731,0.9652179,False,0,0,0,Data_from_ARETT
1760984943034,True,True,0.04136435,1.711531,0.03111758,0.2175708,0.1449731,0.9652179,False,0,0,0,Data_from_ARETT
1760984943068,True,True,0.04065271,1.711122,0.03225096,0.2051422,0.1456911,0.9678279,False,0,0,0,Data_from_ARETT
1760984943068,True,True,0.04065271,1.711122,0.03225096,0.2051422,0.1456911,0.9678279,False,0,0,0,Data_from_ARETT
1760984943068,True,True,0.04065271,1.711122,0.03225096,0.2051422,0.1456911,0.9678279,False,0,0,0,Data_from_ARETT
1760984943103,True,True,0.04000499,1.711573,0.03167909,0.201684,0.1466193,0.9684144,False,0,0,0,Data_from_ARETT
1760984943103,True,True,0.04000499,1.711573,0.03167909,0.201684,0.1466193,0.9684144,False,0,0,0,Data_from_ARETT
1760984943103,True,True,0.04000499,1.711573,0.03167909,0.201684,0.1466193,0.9684144,False,0,0,0,Data_from_ARETT
1760984943136,True,True,0.03957526,1.711194,0.0321814,0.1966516,0.146502,0.9694665,False,0,0,0,Data_from_ARETT
1760984943136,True,True,0.03957526,1.711194,0.0321814,0.1966516,0.146502,0.9694665,False,0,0,0,Data_from_ARETT
1760984943136,True,True,0.03957526,1.711194,0.0321814,0.1966516,0.146502,0.9694665,False,0,0,0,Data_from_ARETT
1760984943170,True,True,0.03855505,1.711526,0.03129632,0.1841147,0.1414024,0.9726804,False,0,0,0,Data_from_ARETT
1760984943170,True,True,0.03855505,1.711526,0.03129632,0.1841147,0.1414024,0.9726804,False,0,0,0,Data_from_ARETT
1760984943170,True,True,0.03855505,1.711526,0.03129632,0.1841147,0.1414024,0.9726804,False,0,0,0,Data_from_ARETT
1760984943205,True,True,0.0377537,1.71108,0.03279223,0.1745687,0.1434773,0.9741355,False,0,0,0,Data_from_ARETT
1760984943205,True,True,0.0377537,1.71108,0.03279223,0.1745687,0.1434773,0.9741355,False,0,0,0,Data_from_ARETT
1760984943205,True,True,0.0377537,1.71108,0.03279223,0.1745687,0.1434773,0.9741355,False,0,0,0,Data_from_ARETT
1760984943239,True,True,0.03670304,1.711264,0.03263727,0.1614949,0.1442672,0.9762717,False,0,0,0,Data_from_ARETT
1760984943239,True,True,0.03670304,1.711264,0.03263727,0.1614949,0.1442672,0.9762717,False,0,0,0,Data_from_ARETT
1760984943239,True,True,0.03670304,1.711264,0.03263727,0.1614949,0.1442672,0.9762717,False,0,0,0,Data_from_ARETT
1760984943274,True,True,0.03514298,1.711456,0.032571,0.1477232,0.1433151,0.9785901,False,0,0,0,Data_from_ARETT
1760984943274,True,True,0.03514298,1.711456,0.032571,0.1477232,0.1433151,0.9785901,False,0,0,0,Data_from_ARETT
1760984943274,True,True,0.03514298,1.711456,0.032571,0.1477232,0.1433151,0.9785901,False,0,0,0,Data_from_ARETT
1760984943308,True,True,0.03346694,1.711237,0.03284988,0.128972,0.1424124,0.9813689,False,0,0,0,Data_from_ARETT
1760984943308,True,True,0.03346694,1.711237,0.03284988,0.128972,0.1424124,0.9813689,False,0,0,0,Data_from_ARETT
1760984943308,True,True,0.03346694,1.711237,0.03284988,0.128972,0.1424124,0.9813689,False,0,0,0,Data_from_ARETT
1760984943342,True,True,0.0316452,1.710903,0.0325784,0.1054528,0.1384718,0.9847361,False,0,0,0,Data_from_ARETT
1760984943342,True,True,0.0316452,1.710903,0.0325784,0.1054528,0.1384718,0.9847361,False,0,0,0,Data_from_ARETT
1760984943342,True,True,0.0316452,1.710903,0.0325784,0.1054528,0.1384718,0.9847361,False,0,0,0,Data_from_ARETT
1760984943376,True,True,0.02997484,1.710418,0.03244926,0.08261806,0.1321528,0.9877803,False,0,0,0,Data_from_ARETT
1760984943376,True,True,0.02997484,1.710418,0.03244926,0.08261806,0.1321528,0.9877803,False,0,0,0,Data_from_ARETT
1760984943376,True,True,0.02997484,1.710418,0.03244926,0.08261806,0.1321528,0.9877803,False,0,0,0,Data_from_ARETT
1760984943410,True,True,0.02792006,1.709929,0.03255986,0.06300914,0.1271665,0.9898781,False,0,0,0,Data_from_ARETT
1760984943410,True,True,0.02792006,1.709929,0.03255986,0.06300914,0.1271665,0.9898781,False,0,0,0,Data_from_ARETT
1760984943410,True,True,0.02792006,1.709929,0.03255986,0.06300914,0.1271665,0.9898781,False,0,0,0,Data_from_ARETT
1760984943443,True,True,0.02692539,1.709391,0.03248544,0.04675522,0.1214868,0.9914913,True,0.09092027,1.875673,1.389561,Data_from_ARETT
1760984943443,True,True,0.02692539,1.709391,0.03248544,0.04675522,0.1214868,0.9914913,True,0.09092027,1.875673,1.389561,Data_from_ARETT
1760984943443,True,True,0.02692539,1.709391,0.03248544,0.04675522,0.1214868,0.9914913,True,0.09092027,1.875673,1.389561,Data_from_ARETT
1760984943478,True,True,0.02543058,1.708747,0.03237839,0.03253674,0.113952,0.9929533,True,0.06997362,1.864748,1.391739,Data_from_ARETT
1760984943478,True,True,0.02543058,1.708747,0.03237839,0.03253674,0.113952,0.9929533,True,0.06997362,1.864748,1.391739,Data_from_ARETT
1760984943478,True,True,0.02543058,1.708747,0.03237839,0.03253674,0.113952,0.9929533,True,0.06997362,1.864748,1.391739,Data_from_ARETT
1760984943512,True,True,0.02428753,1.707656,0.0324096,0.02190002,0.1037415,0.9943632,True,0.05428002,1.849731,1.394208,Data_from_ARETT
1760984943512,True,True,0.02428753,1.707656,0.0324096,0.02190002,0.1037415,0.9943632,True,0.05428002,1.849731,1.394208,Data_from_ARETT
1760984943512,True,True,0.02428753,1.707656,0.0324096,0.02190002,0.1037415,0.9943632,True,0.05428002,1.849731,1.394208,Data_from_ARETT
1760984943545,True,True,0.02377395,1.706551,0.03222832,0.01755048,0.09271113,0.9955384,False,0,0,0,Data_from_ARETT
1760984943545,True,True,0.02377395,1.706551,0.03222832,0.01755048,0.09271113,0.9955384,False,0,0,0,Data_from_ARETT
1760984943545,True,True,0.02377395,1.706551,0.03222832,0.01755048,0.09271113,0.9955384,False,0,0,0,Data_from_ARETT
1760984943580,True,True,0.02345388,1.705358,0.0324999,0.01609231,0.0798178,0.9966795,False,0,0,0,Data_from_ARETT
1760984943580,True,True,0.02345388,1.705358,0.0324999,0.01609231,0.0798178,0.9966795,False,0,0,0,Data_from_ARETT
1760984943580,True,True,0.02345388,1.705358,0.0324999,0.01609231,0.0798178,0.9966795,False,0,0,0,Data_from_ARETT
1760984943614,True,True,0.02325858,1.704158,0.0330895,0.01772996,0.06989779,0.9973966,False,0,0,0,Data_from_ARETT
1760984943614,True,True,0.02325858,1.704158,0.0330895,0.01772996,0.06989779,0.9973966,False,0,0,0,Data_from_ARETT
1760984943614,True,True,0.02325858,1.704158,0.0330895,0.01772996,0.06989779,0.9973966,False,0,0,0,Data_from_ARETT
1760984943648,True,True,0.0234914,1.703012,0.03331247,0.02064123,0.05703369,0.9981589,False,0,0,0,Data_from_ARETT
1760984943648,True,True,0.0234914,1.703012,0.03331247,0.02064123,0.05703369,0.9981589,False,0,0,0,Data_from_ARETT
1760984943648,True,True,0.0234914,1.703012,0.03331247,0.02064123,0.05703369,0.9981589,False,0,0,0,Data_from_ARETT
1760984943682,True,True,0.02361558,1.701899,0.03388706,0.02356835,0.04265105,0.998812,False,0,0,0,Data_from_ARETT
1760984943682,True,True,0.02361558,1.701899,0.03388706,0.02356835,0.04265105,0.998812,False,0,0,0,Data_from_ARETT
1760984943682,True,True,0.02361558,1.701899,0.03388706,0.02356835,0.04265105,0.998812,False,0,0,0,Data_from_ARETT
1760984943716,True,True,0.02379207,1.700503,0.03496896,0.02763324,0.02974264,0.9991755,False,0,0,0,Data_from_ARETT
1760984943716,True,True,0.02379207,1.700503,0.03496896,0.02763324,0.02974264,0.9991755,False,0,0,0,Data_from_ARETT
1760984943716,True,True,0.02379207,1.700503,0.03496896,0.02763324,0.02974264,0.9991755,False,0,0,0,Data_from_ARETT
1760984943751,True,True,0.02420584,1.699057,0.03595024,0.03184873,0.01414984,0.9993925,False,0,0,0,Data_from_ARETT
1760984943751,True,True,0.02420584,1.699057,0.03595024,0.03184873,0.01414984,0.9993925,False,0,0,0,Data_from_ARETT
1760984943751,True,True,0.02420584,1.699057,0.03595024,0.03184873,0.01414984,0.9993925,False,0,0,0,Data_from_ARETT
1760984943785,True,True,0.02454709,1.697224,0.03704736,0.03533123,-0.003285734,0.9993703,False,0,0,0,Data_from_ARETT
1760984943785,True,True,0.02454709,1.697224,0.03704736,0.03533123,-0.003285734,0.9993703,False,0,0,0,Data_from_ARETT
1760984943785,True,True,0.02454709,1.697224,0.03704736,0.03533123,-0.003285734,0.9993703,False,0,0,0,Data_from_ARETT
1760984943819,True,True,0.02492818,1.695396,0.03796136,0.03831809,-0.02568756,0.9989353,False,0,0,0,Data_from_ARETT
1760984943819,True,True,0.02492818,1.695396,0.03796136,0.03831809,-0.02568756,0.9989353,False,0,0,0,Data_from_ARETT
1760984943819,True,True,0.02492818,1.695396,0.03796136,0.03831809,-0.02568756,0.9989353,False,0,0,0,Data_from_ARETT
1760984943852,True,True,0.02490608,1.693343,0.04007465,0.04040001,-0.04610977,0.9981191,False,0,0,0,Data_from_ARETT
1760984943852,True,True,0.02490608,1.693343,0.04007465,0.04040001,-0.04610977,0.9981191,False,0,0,0,Data_from_ARETT
1760984943852,True,True,0.02490608,1.693343,0.04007465,0.04040001,-0.04610977,0.9981191,False,0,0,0,Data_from_ARETT
1760984943887,True,True,0.02500802,1.691483,0.04221678,0.04147051,-0.06241399,0.9971884,False,0,0,0,Data_from_ARETT
1760984943887,True,True,0.02500802,1.691483,0.04221678,0.04147051,-0.06241399,0.9971884,False,0,0,0,Data_from_ARETT
1760984943887,True,True,0.02500802,1.691483,0.04221678,0.04147051,-0.06241399,0.9971884,False,0,0,0,Data_from_ARETT
1760984943920,True,True,0.02504564,1.690117,0.04379664,0.04091928,-0.07838976,0.9960827,False,0,0,0,Data_from_ARETT
1760984943920,True,True,0.02504564,1.690117,0.04379664,0.04091928,-0.07838976,0.9960827,False,0,0,0,Data_from_ARETT
1760984943920,True,True,0.02504564,1.690117,0.04379664,0.04091928,-0.07838976,0.9960827,False,0,0,0,Data_from_ARETT
1760984943955,True,True,0.02487378,1.688552,0.04549828,0.03992134,-0.09563144,0.994616,False,0,0,0,Data_from_ARETT
1760984943955,True,True,0.02487378,1.688552,0.04549828,0.03992134,-0.09563144,0.994616,False,0,0,0,Data_from_ARETT
1760984943955,True,True,0.02487378,1.688552,0.04549828,0.03992134,-0.09563144,0.994616,False,0,0,0,Data_from_ARETT
1760984943989,True,True,0.02465975,1.686432,0.04760493,0.03786966,-0.112578,0.992921,False,0,0,0,Data_from_ARETT
1760984943989,True,True,0.02465975,1.686432,0.04760493,0.03786966,-0.112578,0.992921,False,0,0,0,Data_from_ARETT
1760984943989,True,True,0.02465975,1.686432,0.04760493,0.03786966,-0.112578,0.992921,False,0,0,0,Data_from_ARETT
1760984944024,True,True,0.02441666,1.685008,0.04791556,0.03431613,-0.1335305,0.9904504,False,0,0,0,Data_from_ARETT
1760984944024,True,True,0.02441666,1.685008,0.04791556,0.03431613,-0.1335305,0.9904504,False,0,0,0,Data_from_ARETT
1760984944024,True,True,0.02441666,1.685008,0.04791556,0.03431613,-0.1335305,0.9904504,False,0,0,0,Data_from_ARETT
1760984944058,True,True,0.02377179,1.682852,0.0500485,0.02844787,-0.1577772,0.9870649,False,0,0,0,Data_from_ARETT
1760984944058,True,True,0.02377179,1.682852,0.0500485,0.02844787,-0.1577772,0.9870649,False,0,0,0,Data_from_ARETT
1760984944058,True,True,0.02377179,1.682852,0.0500485,0.02844787,-0.1577772,0.9870649,False,0,0,0,Data_from_ARETT
1760984944092,True,True,0.02304785,1.681838,0.05206164,0.02026142,-0.1665687,0.9858217,False,0,0,0,Data_from_ARETT
1760984944092,True,True,0.02304785,1.681838,0.05206164,0.02026142,-0.1665687,0.9858217,False,0,0,0,Data_from_ARETT
1760984944092,True,True,0.02304785,1.681838,0.05206164,0.02026142,-0.1665687,0.9858217,False,0,0,0,Data_from_ARETT
1760984944126,True,True,0.02239215,1.680895,0.0538482,0.01177317,-0.1718885,0.9850461,False,0,0,0,Data_from_ARETT
1760984944126,True,True,0.02239215,1.680895,0.0538482,0.01177317,-0.1718885,0.9850461,False,0,0,0,Data_from_ARETT
1760984944126,True,True,0.02239215,1.680895,0.0538482,0.01177317,-0.1718885,0.9850461,False,0,0,0,Data_from_ARETT
1760984944159,True,True,0.02149813,1.680353,0.05479025,0.003092064,-0.1785723,0.9839219,False,0,0,0,Data_from_ARETT
1760984944159,True,True,0.02149813,1.680353,0.05479025,0.003092064,-0.1785723,0.9839219,False,0,0,0,Data_from_ARETT
1760984944159,True,True,0.02149813,1.680353,0.05479025,0.003092064,-0.1785723,0.9839219,False,0,0,0,Data_from_ARETT
1760984944194,True,True,0.01966985,1.679031,0.05664985,-0.009578702,-0.1906936,0.9816028,False,0,0,0,Data_from_ARETT
1760984944194,True,True,0.01966985,1.679031,0.05664985,-0.009578702,-0.1906936,0.9816028,False,0,0,0,Data_from_ARETT
1760984944194,True,True,0.01966985,1.679031,0.05664985,-0.009578702,-0.1906936,0.9816028,False,0,0,0,Data_from_ARETT
1760984944228,True,True,0.0186746,1.678514,0.0572663,-0.01765271,-0.1968815,0.9802684,False,0,0,0,Data_from_ARETT
1760984944228,True,True,0.0186746,1.678514,0.0572663,-0.01765271,-0.1968815,0.9802684,False,0,0,0,Data_from_ARETT
1760984944228,True,True,0.0186746,1.678514,0.0572663,-0.01765271,-0.1968815,0.9802684,False,0,0,0,Data_from_ARETT
1760984944262,True,True,0.01809993,1.678383,0.05743124,-0.02194696,-0.2003601,0.9794765,False,0,0,0,Data_from_ARETT
1760984944262,True,True,0.01809993,1.678383,0.05743124,-0.02194696,-0.2003601,0.9794765,False,0,0,0,Data_from_ARETT
1760984944262,True,True,0.01809993,1.678383,0.05743124,-0.02194696,-0.2003601,0.9794765,False,0,0,0,Data_from_ARETT
1760984944296,True,True,0.01640524,1.677675,0.05830316,-0.03497053,-0.208123,0.9774773,False,0,0,0,Data_from_ARETT
1760984944296,True,True,0.01640524,1.677675,0.05830316,-0.03497053,-0.208123,0.9774773,False,0,0,0,Data_from_ARETT
1760984944296,True,True,0.01640524,1.677675,0.05830316,-0.03497053,-0.208123,0.9774773,False,0,0,0,Data_from_ARETT
1760984944330,True,True,0.01537429,1.676894,0.0591086,-0.0416499,-0.2117017,0.9764464,False,0,0,0,Data_from_ARETT
1760984944330,True,True,0.01537429,1.676894,0.0591086,-0.0416499,-0.2117017,0.9764464,False,0,0,0,Data_from_ARETT
1760984944330,True,True,0.01537429,1.676894,0.0591086,-0.0416499,-0.2117017,0.9764464,False,0,0,0,Data_from_ARETT
1760984944365,True,True,0.01465749,1.676653,0.05917571,-0.04891882,-0.2139473,0.9756196,False,0,0,0,Data_from_ARETT
1760984944365,True,True,0.01465749,1.676653,0.05917571,-0.04891882,-0.2139473,0.9756196,False,0,0,0,Data_from_ARETT
1760984944365,True,True,0.01465749,1.676653,0.05917571,-0.04891882,-0.2139473,0.9756196,False,0,0,0,Data_from_ARETT
1760984944398,True,True,0.01360599,1.676336,0.0589666,-0.05579692,-0.2201082,0.9738784,False,0,0,0,Data_from_ARETT
1760984944398,True,True,0.01360599,1.676336,0.0589666,-0.05579692,-0.2201082,0.9738784,False,0,0,0,Data_from_ARETT
1760984944398,True,True,0.01360599,1.676336,0.0589666,-0.05579692,-0.2201082,0.9738784,False,0,0,0,Data_from_ARETT
1760984944432,True,True,0.01260005,1.676136,0.05940394,-0.06070654,-0.2248358,0.9725038,False,0,0,0,Data_from_ARETT
1760984944432,True,True,0.01260005,1.676136,0.05940394,-0.06070654,-0.2248358,0.9725038,False,0,0,0,Data_from_ARETT
1760984944432,True,True,0.01260005,1.676136,0.05940394,-0.06070654,-0.2248358,0.9725038,False,0,0,0,Data_from_ARETT
1760984944466,True,True,0.01197092,1.676456,0.05960341,-0.06541965,-0.2212152,0.9730283,False,0,0,0,Data_from_ARETT
1760984944466,True,True,0.01197092,1.676456,0.05960341,-0.06541965,-0.2212152,0.9730283,False,0,0,0,Data_from_ARETT
1760984944466,True,True,0.01197092,1.676456,0.05960341,-0.06541965,-0.2212152,0.9730283,False,0,0,0,Data_from_ARETT
1760984944501,True,True,0.01128549,1.67655,0.05953826,-0.07002048,-0.2194744,0.9731023,False,0,0,0,Data_from_ARETT
1760984944501,True,True,0.01128549,1.67655,0.05953826,-0.07002048,-0.2194744,0.9731023,False,0,0,0,Data_from_ARETT
1760984944501,True,True,0.01128549,1.67655,0.05953826,-0.07002048,-0.2194744,0.9731023,False,0,0,0,Data_from_ARETT
1760984944536,True,True,0.01022299,1.676751,0.05925741,-0.07460316,-0.2183151,0.9730226,False,0,0,0,Data_from_ARETT
1760984944536,True,True,0.01022299,1.676751,0.05925741,-0.07460316,-0.2183151,0.9730226,False,0,0,0,Data_from_ARETT
1760984944536,True,True,0.01022299,1.676751,0.05925741,-0.07460316,-0.2183151,0.9730226,False,0,0,0,Data_from_ARETT
1760984944569,True,True,0.009495955,1.677052,0.05877255,-0.07993971,-0.2175511,0.9727699,False,0,0,0,Data_from_ARETT
1760984944569,True,True,0.009495955,1.677052,0.05877255,-0.07993971,-0.2175511,0.9727699,False,0,0,0,Data_from_ARETT
1760984944569,True,True,0.009495955,1.677052,0.05877255,-0.07993971,-0.2175511,0.9727699,False,0,0,0,Data_from_ARETT
1760984944603,True,True,0.008949524,1.677127,0.05847151,-0.0866628,-0.2163385,0.9724645,False,0,0,0,Data_from_ARETT
1760984944603,True,True,0.008949524,1.677127,0.05847151,-0.0866628,-0.2163385,0.9724645,False,0,0,0,Data_from_ARETT
1760984944603,True,True,0.008949524,1.677127,0.05847151,-0.0866628,-0.2163385,0.9724645,False,0,0,0,Data_from_ARETT
1760984944638,True,True,0.008254418,1.677196,0.05839067,-0.09221011,-0.2136101,0.9725575,False,0,0,0,Data_from_ARETT
1760984944638,True,True,0.008254418,1.677196,0.05839067,-0.09221011,-0.2136101,0.9725575,False,0,0,0,Data_from_ARETT
1760984944638,True,True,0.008254418,1.677196,0.05839067,-0.09221011,-0.2136101,0.9725575,False,0,0,0,Data_from_ARETT
1760984944671,True,True,0.007748368,1.67793,0.05760746,-0.09606521,-0.2113731,0.9726731,False,0,0,0,Data_from_ARETT
1760984944671,True,True,0.007748368,1.67793,0.05760746,-0.09606521,-0.2113731,0.9726731,False,0,0,0,Data_from_ARETT
1760984944671,True,True,0.007748368,1.67793,0.05760746,-0.09606521,-0.2113731,0.9726731,False,0,0,0,Data_from_ARETT
1760984944705,True,True,0.007518544,1.678075,0.05735939,-0.09847141,-0.2082164,0.9731132,False,0,0,0,Data_from_ARETT
1760984944705,True,True,0.007518544,1.678075,0.05735939,-0.09847141,-0.2082164,0.9731132,False,0,0,0,Data_from_ARETT
1760984944705,True,True,0.007518544,1.678075,0.05735939,-0.09847141,-0.2082164,0.9731132,False,0,0,0,Data_from_ARETT
1760984944741,True,True,0.0072495,1.678666,0.05702233,-0.09902167,-0.2037071,0.9740114,False,0,0,0,Data_from_ARETT
1760984944741,True,True,0.0072495,1.678666,0.05702233,-0.09902167,-0.2037071,0.9740114,False,0,0,0,Data_from_ARETT
1760984944741,True,True,0.0072495,1.678666,0.05702233,-0.09902167,-0.2037071,0.9740114,False,0,0,0,Data_from_ARETT
1760984944774,True,True,0.007492204,1.679467,0.05674174,-0.09751691,-0.195238,0.9758958,False,0,0,0,Data_from_ARETT
1760984944774,True,True,0.007492204,1.679467,0.05674174,-0.09751691,-0.195238,0.9758958,False,0,0,0,Data_from_ARETT
1760984944774,True,True,0.007492204,1.679467,0.05674174,-0.09751691,-0.195238,0.9758958,False,0,0,0,Data_from_ARETT
1760984944808,True,True,0.007760415,1.680863,0.05569455,-0.09418389,-0.1871984,0.9777966,False,0,0,0,Data_from_ARETT
1760984944808,True,True,0.007760415,1.680863,0.05569455,-0.09418389,-0.1871984,0.9777966,False,0,0,0,Data_from_ARETT
1760984944808,True,True,0.007760415,1.680863,0.05569455,-0.09418389,-0.1871984,0.9777966,False,0,0,0,Data_from_ARETT
1760984944842,True,True,0.008206187,1.6816,0.05576992,-0.09007828,-0.1789088,0.9797334,False,0,0,0,Data_from_ARETT
1760984944842,True,True,0.008206187,1.6816,0.05576992,-0.09007828,-0.1789088,0.9797334,False,0,0,0,Data_from_ARETT
1760984944842,True,True,0.008206187,1.6816,0.05576992,-0.09007828,-0.1789088,0.9797334,False,0,0,0,Data_from_ARETT
1760984944877,True,True,0.008582611,1.683144,0.05582049,-0.08254188,-0.1625579,0.9832404,False,0,0,0,Data_from_ARETT
1760984944877,True,True,0.008582611,1.683144,0.05582049,-0.08254188,-0.1625579,0.9832404,False,0,0,0,Data_from_ARETT
1760984944877,True,True,0.008582611,1.683144,0.05582049,-0.08254188,-0.1625579,0.9832404,False,0,0,0,Data_from_ARETT
1760984944911,True,True,0.0100256,1.685663,0.05472578,-0.06655507,-0.1438449,0.9873596,False,0,0,0,Data_from_ARETT
1760984944911,True,True,0.0100256,1.685663,0.05472578,-0.06655507,-0.1438449,0.9873596,False,0,0,0,Data_from_ARETT
1760984944911,True,True,0.0100256,1.685663,0.05472578,-0.06655507,-0.1438449,0.9873596,False,0,0,0,Data_from_ARETT
1760984944945,True,True,0.01329196,1.689079,0.05608961,-0.03636502,-0.1037691,0.9939364,False,0,0,0,Data_from_ARETT
1760984944945,True,True,0.01329196,1.689079,0.05608961,-0.03636502,-0.1037691,0.9939364,False,0,0,0,Data_from_ARETT
1760984944945,True,True,0.01329196,1.689079,0.05608961,-0.03636502,-0.1037691,0.9939364,False,0,0,0,Data_from_ARETT
1760984944980,True,True,0.01553878,1.694002,0.05415824,-0.005370801,-0.06277288,0.9980134,False,0,0,0,Data_from_ARETT
1760984944980,True,True,0.01553878,1.694002,0.05415824,-0.005370801,-0.06277288,0.9980134,False,0,0,0,Data_from_ARETT
1760984944980,True,True,0.01553878,1.694002,0.05415824,-0.005370801,-0.06277288,0.9980134,False,0,0,0,Data_from_ARETT
1760984945013,True,True,0.01881299,1.697085,0.05358502,0.0309044,-0.0246358,0.9992187,False,0,0,0,Data_from_ARETT
1760984945013,True,True,0.01881299,1.697085,0.05358502,0.0309044,-0.0246358,0.9992187,False,0,0,0,Data_from_ARETT
1760984945013,True,True,0.01881299,1.697085,0.05358502,0.0309044,-0.0246358,0.9992187,False,0,0,0,Data_from_ARETT
1760984945047,True,True,0.02270706,1.700666,0.05254776,0.06688268,0.01213176,0.9976871,False,0,0,0,Data_from_ARETT
1760984945047,True,True,0.02270706,1.700666,0.05254776,0.06688268,0.01213176,0.9976871,False,0,0,0,Data_from_ARETT
1760984945047,True,True,0.02270706,1.700666,0.05254776,0.06688268,0.01213176,0.9976871,False,0,0,0,Data_from_ARETT
1760984945081,True,True,0.02581581,1.703976,0.05048689,0.1023549,0.04625031,0.9936722,False,0,0,0,Data_from_ARETT
1760984945081,True,True,0.02581581,1.703976,0.05048689,0.1023549,0.04625031,0.9936722,False,0,0,0,Data_from_ARETT
1760984945081,True,True,0.02581581,1.703976,0.05048689,0.1023549,0.04625031,0.9936722,False,0,0,0,Data_from_ARETT
1760984945115,True,True,0.02924661,1.70645,0.04910661,0.1364648,0.07437327,0.9878492,False,0,0,0,Data_from_ARETT
1760984945115,True,True,0.02924661,1.70645,0.04910661,0.1364648,0.07437327,0.9878492,False,0,0,0,Data_from_ARETT
1760984945115,True,True,0.02924661,1.70645,0.04910661,0.1364648,0.07437327,0.9878492,False,0,0,0,Data_from_ARETT
1760984945149,True,True,0.03275656,1.708846,0.04825854,0.1701673,0.1002932,0.9802981,True,0.2705827,1.849016,1.418326,Data_from_ARETT
1760984945149,True,True,0.03275656,1.708846,0.04825854,0.1701673,0.1002932,0.9802981,True,0.2705827,1.849016,1.418326,Data_from_ARETT
1760984945149,True,True,0.03275656,1.708846,0.04825854,0.1701673,0.1002932,0.9802981,True,0.2705827,1.849016,1.418326,Data_from_ARETT
1760984945183,True,True,0.0358853,1.711324,0.04634485,0.1987823,0.1311769,0.9712251,False,0,0,0,Data_from_ARETT
1760984945183,True,True,0.0358853,1.711324,0.04634485,0.1987823,0.1311769,0.9712251,False,0,0,0,Data_from_ARETT
1760984945183,True,True,0.0358853,1.711324,0.04634485,0.1987823,0.1311769,0.9712251,False,0,0,0,Data_from_ARETT
1760984945218,True,True,0.03859502,1.712798,0.0447175,0.2254785,0.1499768,0.9626352,False,0,0,0,Data_from_ARETT
1760984945218,True,True,0.03859502,1.712798,0.0447175,0.2254785,0.1499768,0.9626352,False,0,0,0,Data_from_ARETT
1760984945218,True,True,0.03859502,1.712798,0.0447175,0.2254785,0.1499768,0.9626352,False,0,0,0,Data_from_ARETT
1760984945252,True,True,0.04135472,1.71426,0.04418767,0.2503724,0.1677414,0.9535075,False,0,0,0,Data_from_ARETT
1760984945252,True,True,0.04135472,1.71426,0.04418767,0.2503724,0.1677414,0.9535075,False,0,0,0,Data_from_ARETT
1760984945252,True,True,0.04135472,1.71426,0.04418767,0.2503724,0.1677414,0.9535075,False,0,0,0,Data_from_ARETT
1760984945286,True,True,0.04393623,1.71602,0.0427839,0.2700482,0.193158,0.943273,False,0,0,0,Data_from_ARETT
1760984945286,True,True,0.04393623,1.71602,0.0427839,0.2700482,0.193158,0.943273,False,0,0,0,Data_from_ARETT
1760984945286,True,True,0.04393623,1.71602,0.0427839,0.2700482,0.193158,0.943273,False,0,0,0,Data_from_ARETT
1760984945321,True,True,0.0454929,1.717268,0.04137086,0.2892165,0.2079795,0.9343973,False,0,0,0,Data_from_ARETT
1760984945321,True,True,0.0454929,1.717268,0.04137086,0.2892165,0.2079795,0.9343973,False,0,0,0,Data_from_ARETT
1760984945321,True,True,0.0454929,1.717268,0.04137086,0.2892165,0.2079795,0.9343973,False,0,0,0,Data_from_ARETT
1760984945354,True,True,0.04675635,1.717792,0.04110851,0.3052256,0.2220245,0.9260359,False,0,0,0,Data_from_ARETT
1760984945354,True,True,0.04675635,1.717792,0.04110851,0.3052256,0.2220245,0.9260359,False,0,0,0,Data_from_ARETT
1760984945354,True,True,0.04675635,1.717792,0.04110851,0.3052256,0.2220245,0.9260359,False,0,0,0,Data_from_ARETT
1760984945388,True,True,0.04763193,1.718365,0.03930475,0.3183326,0.226043,0.920635,False,0,0,0,Data_from_ARETT
1760984945388,True,True,0.04763193,1.718365,0.03930475,0.3183326,0.226043,0.920635,False,0,0,0,Data_from_ARETT
1760984945388,True,True,0.04763193,1.718365,0.03930475,0.3183326,0.226043,0.920635,False,0,0,0,Data_from_ARETT
1760984945422,True,True,0.04809006,1.717623,0.03887037,0.3235719,0.2211518,0.9199963,False,0,0,0,Data_from_ARETT
1760984945422,True,True,0.04809006,1.717623,0.03887037,0.3235719,0.2211518,0.9199963,False,0,0,0,Data_from_ARETT
1760984945422,True,True,0.04809006,1.717623,0.03887037,0.3235719,0.2211518,0.9199963,False,0,0,0,Data_from_ARETT
1760984945456,True,True,0.04784914,1.716683,0.03860085,0.3216802,0.2090463,0.9234834,False,0,0,0,Data_from_ARETT
1760984945456,True,True,0.04784914,1.716683,0.03860085,0.3216802,0.2090463,0.9234834,False,0,0,0,Data_from_ARETT
1760984945456,True,True,0.04784914,1.716683,0.03860085,0.3216802,0.2090463,0.9234834,False,0,0,0,Data_from_ARETT
1760984945491,True,True,0.04747695,1.715543,0.03901957,0.3143961,0.1930101,0.9294634,False,0,0,0,Data_from_ARETT
1760984945491,True,True,0.04747695,1.715543,0.03901957,0.3143961,0.1930101,0.9294634,False,0,0,0,Data_from_ARETT
1760984945491,True,True,0.04747695,1.715543,0.03901957,0.3143961,0.1930101,0.9294634,False,0,0,0,Data_from_ARETT
1760984945525,True,True,0.04737025,1.714791,0.04058993,0.305474,0.1873361,0.9335903,False,0,0,0,Data_from_ARETT
1760984945525,True,True,0.04737025,1.714791,0.04058993,0.305474,0.1873361,0.9335903,False,0,0,0,Data_from_ARETT
1760984945525,True,True,0.04737025,1.714791,0.04058993,0.305474,0.1873361,0.9335903,False,0,0,0,Data_from_ARETT
1760984945559,True,True,0.04672157,1.714807,0.04110425,0.2998596,0.1867877,0.9355183,False,0,0,0,Data_from_ARETT
1760984945559,True,True,0.04672157,1.714807,0.04110425,0.2998596,0.1867877,0.9355183,False,0,0,0,Data_from_ARETT
1760984945559,True,True,0.04672157,1.714807,0.04110425,0.2998596,0.1867877,0.9355183,False,0,0,0,Data_from_ARETT
1760984945593,True,True,0.04596675,1.714699,0.04098728,0.2954774,0.1853813,0.9371909,False,0,0,0,Data_from_ARETT
1760984945593,True,True,0.04596675,1.714699,0.04098728,0.2954774,0.1853813,0.9371909,False,0,0,0,Data_from_ARETT
1760984945593,True,True,0.04596675,1.714699,0.04098728,0.2954774,0.1853813,0.9371909,False,0,0,0,Data_from_ARETT
1760984945627,True,True,0.04584498,1.713933,0.04110873,0.2907309,0.1771092,0.9402701,False,0,0,0,Data_from_ARETT
1760984945627,True,True,0.04584498,1.713933,0.04110873,0.2907309,0.1771092,0.9402701,False,0,0,0,Data_from_ARETT
1760984945627,True,True,0.04584498,1.713933,0.04110873,0.2907309,0.1771092,0.9402701,False,0,0,0,Data_from_ARETT
1760984945661,True,True,0.0453451,1.713277,0.04232393,0.2857999,0.1692563,0.9432236,False,0,0,0,Data_from_ARETT
1760984945661,True,True,0.0453451,1.713277,0.04232393,0.2857999,0.1692563,0.9432236,False,0,0,0,Data_from_ARETT
1760984945661,True,True,0.0453451,1.713277,0.04232393,0.2857999,0.1692563,0.9432236,False,0,0,0,Data_from_ARETT
1760984945695,True,True,0.04460436,1.713106,0.04284556,0.2809342,0.1671318,0.9450624,False,0,0,0,Data_from_ARETT
1760984945695,True,True,0.04460436,1.713106,0.04284556,0.2809342,0.1671318,0.9450624,False,0,0,0,Data_from_ARETT
1760984945695,True,True,0.04460436,1.713106,0.04284556,0.2809342,0.1671318,0.9450624,False,0,0,0,Data_from_ARETT
1760984945729,True,True,0.04469531,1.71307,0.04326614,0.2751502,0.1684362,0.9465314,False,0,0,0,Data_from_ARETT
1760984945729,True,True,0.04469531,1.71307,0.04326614,0.2751502,0.1684362,0.9465314,False,0,0,0,Data_from_ARETT
1760984945729,True,True,0.04469531,1.71307,0.04326614,0.2751502,0.1684362,0.9465314,False,0,0,0,Data_from_ARETT
1760984945763,True,True,0.04441879,1.713248,0.04333962,0.2713165,0.1687204,0.9475868,False,0,0,0,Data_from_ARETT
1760984945763,True,True,0.04441879,1.713248,0.04333962,0.2713165,0.1687204,0.9475868,False,0,0,0,Data_from_ARETT
1760984945763,True,True,0.04441879,1.713248,0.04333962,0.2713165,0.1687204,0.9475868,False,0,0,0,Data_from_ARETT
1760984945796,True,True,0.04415536,1.713148,0.04351985,0.2685755,0.1672366,0.9486301,False,0,0,0,Data_from_ARETT
1760984945796,True,True,0.04415536,1.713148,0.04351985,0.2685755,0.1672366,0.9486301,False,0,0,0,Data_from_ARETT
1760984945796,True,True,0.04415536,1.713148,0.04351985,0.2685755,0.1672366,0.9486301,False,0,0,0,Data_from_ARETT
1760984945831,True,True,0.04394668,1.712969,0.04407803,0.2657108,0.1654747,0.9497452,False,0,0,0,Data_from_ARETT
1760984945831,True,True,0.04394668,1.712969,0.04407803,0.2657108,0.1654747,0.9497452,False,0,0,0,Data_from_ARETT
1760984945831,True,True,0.04394668,1.712969,0.04407803,0.2657108,0.1654747,0.9497452,False,0,0,0,Data_from_ARETT
1760984945866,True,True,0.04411438,1.712921,0.04407332,0.2611444,0.1637888,0.9513027,False,0,0,0,Data_from_ARETT
1760984945866,True,True,0.04411438,1.712921,0.04407332,0.2611444,0.1637888,0.9513027,False,0,0,0,Data_from_ARETT
1760984945866,True,True,0.04411438,1.712921,0.04407332,0.2611444,0.1637888,0.9513027,False,0,0,0,Data_from_ARETT
1760984945900,True,True,0.04387422,1.712857,0.04447967,0.2571046,0.1648693,0.952216,False,0,0,0,Data_from_ARETT
1760984945900,True,True,0.04387422,1.712857,0.04447967,0.2571046,0.1648693,0.952216,False,0,0,0,Data_from_ARETT
1760984945900,True,True,0.04387422,1.712857,0.04447967,0.2571046,0.1648693,0.952216,False,0,0,0,Data_from_ARETT
1760984945933,True,True,0.0433876,1.712864,0.04442993,0.2523889,0.1650956,0.9534376,False,0,0,0,Data_from_ARETT
1760984945933,True,True,0.0433876,1.712864,0.04442993,0.2523889,0.1650956,0.9534376,False,0,0,0,Data_from_ARETT
1760984945933,True,True,0.0433876,1.712864,0.04442993,0.2523889,0.1650956,0.9534376,False,0,0,0,Data_from_ARETT
1760984945968,True,True,0.04320186,1.71253,0.04467133,0.2475296,0.1636731,0.9549556,False,0,0,0,Data_from_ARETT
1760984945968,True,True,0.04320186,1.71253,0.04467133,0.2475296,0.1636731,0.9549556,False,0,0,0,Data_from_ARETT
1760984945968,True,True,0.04320186,1.71253,0.04467133,0.2475296,0.1636731,0.9549556,False,0,0,0,Data_from_ARETT
1760984946001,True,True,0.04293156,1.712541,0.04448274,0.2447472,0.1622802,0.95591,False,0,0,0,Data_from_ARETT
1760984946001,True,True,0.04293156,1.712541,0.04448274,0.2447472,0.1622802,0.95591,False,0,0,0,Data_from_ARETT
1760984946001,True,True,0.04293156,1.712541,0.04448274,0.2447472,0.1622802,0.95591,False,0,0,0,Data_from_ARETT
1760984946035,True,True,0.04255027,1.712622,0.04449878,0.2430078,0.1618842,0.9564208,False,0,0,0,Data_from_ARETT
1760984946035,True,True,0.04255027,1.712622,0.04449878,0.2430078,0.1618842,0.9564208,False,0,0,0,Data_from_ARETT
1760984946035,True,True,0.04255027,1.712622,0.04449878,0.2430078,0.1618842,0.9564208,False,0,0,0,Data_from_ARETT
1760984946069,True,True,0.04236649,1.712582,0.04453094,0.2410661,0.1619071,0.9569082,False,0,0,0,Data_from_ARETT
1760984946069,True,True,0.04236649,1.712582,0.04453094,0.2410661,0.1619071,0.9569082,False,0,0,0,Data_from_ARETT
1760984946069,True,True,0.04236649,1.712582,0.04453094,0.2410661,0.1619071,0.9569082,False,0,0,0,Data_from_ARETT
1760984946104,True,True,0.04201479,1.712491,0.0445398,0.2381352,0.1624955,0.9575421,False,0,0,0,Data_from_ARETT
1760984946104,True,True,0.04201479,1.712491,0.0445398,0.2381352,0.1624955,0.9575421,False,0,0,0,Data_from_ARETT
1760984946104,True,True,0.04201479,1.712491,0.0445398,0.2381352,0.1624955,0.9575421,False,0,0,0,Data_from_ARETT
1760984946138,True,True,0.04151522,1.712446,0.04445999,0.2352319,0.1614008,0.9584444,False,0,0,0,Data_from_ARETT
1760984946138,True,True,0.04151522,1.712446,0.04445999,0.2352319,0.1614008,0.9584444,False,0,0,0,Data_from_ARETT
1760984946138,True,True,0.04151522,1.712446,0.04445999,0.2352319,0.1614008,0.9584444,False,0,0,0,Data_from_ARETT
1760984946172,True,True,0.04120095,1.712513,0.04413922,0.2336633,0.16208,0.9587135,False,0,0,0,Data_from_ARETT
1760984946172,True,True,0.04120095,1.712513,0.04413922,0.2336633,0.16208,0.9587135,False,0,0,0,Data_from_ARETT
1760984946172,True,True,0.04120095,1.712513,0.04413922,0.2336633,0.16208,0.9587135,False,0,0,0,Data_from_ARETT
1760984946206,True,True,0.04102952,1.712594,0.04400303,0.2332253,0.1608278,0.959031,False,0,0,0,Data_from_ARETT
1760984946206,True,True,0.04102952,1.712594,0.04400303,0.2332253,0.1608278,0.959031,False,0,0,0,Data_from_ARETT
1760984946206,True,True,0.04102952,1.712594,0.04400303,0.2332253,0.1608278,0.959031,False,0,0,0,Data_from_ARETT
1760984946239,True,True,0.04100227,1.712682,0.04493755,0.2312924,0.1646968,0.9588425,False,0,0,0,Data_from_ARETT
1760984946239,True,True,0.04100227,1.712682,0.04493755,0.2312924,0.1646968,0.9588425,False,0,0,0,Data_from_ARETT
1760984946239,True,True,0.04100227,1.712682,0.04493755,0.2312924,0.1646968,0.9588425,False,0,0,0,Data_from_ARETT
1760984946274,True,True,0.04023148,1.713458,0.0440021,0.2301957,0.1712867,0.9579514,False,0,0,0,Data_from_ARETT
1760984946274,True,True,0.04023148,1.713458,0.0440021,0.2301957,0.1712867,0.9579514,False,0,0,0,Data_from_ARETT
1760984946274,True,True,0.04023148,1.713458,0.0440021,0.2301957,0.1712867,0.9579514,False,0,0,0,Data_from_ARETT
1760984946307,True,True,0.04021582,1.7135,0.04369979,0.2293284,0.1724834,0.9579446,False,0,0,0,Data_from_ARETT
1760984946307,True,True,0.04021582,1.7135,0.04369979,0.2293284,0.1724834,0.9579446,False,0,0,0,Data_from_ARETT
1760984946307,True,True,0.04021582,1.7135,0.04369979,0.2293284,0.1724834,0.9579446,False,0,0,0,Data_from_ARETT
1760984946342,True,True,0.03979257,1.71353,0.04318146,0.2272213,0.1721756,0.958502,False,0,0,0,Data_from_ARETT
1760984946342,True,True,0.03979257,1.71353,0.04318146,0.2272213,0.1721756,0.958502,False,0,0,0,Data_from_ARETT
1760984946342,True,True,0.03979257,1.71353,0.04318146,0.2272213,0.1721756,0.958502,False,0,0,0,Data_from_ARETT
1760984946376,True,True,0.03938743,1.713374,0.04323178,0.2261193,0.1730434,0.9586063,False,0,0,0,Data_from_ARETT
1760984946376,True,True,0.03938743,1.713374,0.04323178,0.2261193,0.1730434,0.9586063,False,0,0,0,Data_from_ARETT
1760984946376,True,True,0.03938743,1.713374,0.04323178,0.2261193,0.1730434,0.9586063,False,0,0,0,Data_from_ARETT
1760984946410,True,True,0.03909127,1.713389,0.04303863,0.2255629,0.1737626,0.9586073,False,0,0,0,Data_from_ARETT
1760984946410,True,True,0.03909127,1.713389,0.04303863,0.2255629,0.1737626,0.9586073,False,0,0,0,Data_from_ARETT
1760984946410,True,True,0.03909127,1.713389,0.04303863,0.2255629,0.1737626,0.9586073,False,0,0,0,Data_from_ARETT
1760984946444,True,True,0.03895532,1.71368,0.04283188,0.223193,0.1789144,0.9582142,False,0,0,0,Data_from_ARETT
1760984946444,True,True,0.03895532,1.71368,0.04283188,0.223193,0.1789144,0.9582142,False,0,0,0,Data_from_ARETT
1760984946444,True,True,0.03895532,1.71368,0.04283188,0.223193,0.1789144,0.9582142,False,0,0,0,Data_from_ARETT
1760984946478,True,True,0.03858279,1.713844,0.04252908,0.2218779,0.1800288,0.9583109,False,0,0,0,Data_from_ARETT
1760984946478,True,True,0.03858279,1.713844,0.04252908,0.2218779,0.1800288,0.9583109,False,0,0,0,Data_from_ARETT
1760984946478,True,True,0.03858279,1.713844,0.04252908,0.2218779,0.1800288,0.9583109,False,0,0,0,Data_from_ARETT
1760984946511,True,True,0.03853779,1.713886,0.04232374,0.2215782,0.1795807,0.9584643,False,0,0,0,Data_from_ARETT
1760984946511,True,True,0.03853779,1.713886,0.04232374,0.2215782,0.1795807,0.9584643,False,0,0,0,Data_from_ARETT
1760984946511,True,True,0.03853779,1.713886,0.04232374,0.2215782,0.1795807,0.9584643,False,0,0,0,Data_from_ARETT
1760984946547,True,True,0.03828767,1.713664,0.04240657,0.2199654,0.1781684,0.9590992,False,0,0,0,Data_from_ARETT
1760984946547,True,True,0.03828767,1.713664,0.04240657,0.2199654,0.1781684,0.9590992,False,0,0,0,Data_from_ARETT
1760984946547,True,True,0.03828767,1.713664,0.04240657,0.2199654,0.1781684,0.9590992,False,0,0,0,Data_from_ARETT
1760984946581,True,True,0.03812565,1.713555,0.04236085,0.2183359,0.1794457,0.9592334,False,0,0,0,Data_from_ARETT
1760984946581,True,True,0.03812565,1.713555,0.04236085,0.2183359,0.1794457,0.9592334,False,0,0,0,Data_from_ARETT
1760984946581,True,True,0.03812565,1.713555,0.04236085,0.2183359,0.1794457,0.9592334,False,0,0,0,Data_from_ARETT
1760984946615,True,True,0.03794407,1.713568,0.04200429,0.217543,0.179214,0.9594568,False,0,0,0,Data_from_ARETT
1760984946615,True,True,0.03794407,1.713568,0.04200429,0.217543,0.179214,0.9594568,False,0,0,0,Data_from_ARETT
1760984946615,True,True,0.03794407,1.713568,0.04200429,0.217543,0.179214,0.9594568,False,0,0,0,Data_from_ARETT
1760984946649,True,True,0.03776349,1.713587,0.04191107,0.2169397,0.1785468,0.9597178,False,0,0,0,Data_from_ARETT
1760984946649,True,True,0.03776349,1.713587,0.04191107,0.2169397,0.1785468,0.9597178,False,0,0,0,Data_from_ARETT
1760984946649,True,True,0.03776349,1.713587,0.04191107,0.2169397,0.1785468,0.9597178,False,0,0,0,Data_from_ARETT
1760984946683,True,True,0.03766856,1.713466,0.04214486,0.2163034,0.1792208,0.9597358,False,0,0,0,Data_from_ARETT
1760984946683,True,True,0.03766856,1.713466,0.04214486,0.2163034,0.1792208,0.9597358,False,0,0,0,Data_from_ARETT
1760984946683,True,True,0.03766856,1.713466,0.04214486,0.2163034,0.1792208,0.9597358,False,0,0,0,Data_from_ARETT
1760984946718,True,True,0.03753242,1.713608,0.04186275,0.2157348,0.1788913,0.9599252,False,0,0,0,Data_from_ARETT
1760984946718,True,True,0.03753242,1.713608,0.04186275,0.2157348,0.1788913,0.9599252,False,0,0,0,Data_from_ARETT
1760984946718,True,True,0.03753242,1.713608,0.04186275,0.2157348,0.1788913,0.9599252,False,0,0,0,Data_from_ARETT
1760984946751,True,True,0.03734433,1.713503,0.04182543,0.2150979,0.1777955,0.9602717,False,0,0,0,Data_from_ARETT
1760984946751,True,True,0.03734433,1.713503,0.04182543,0.2150979,0.1777955,0.9602717,False,0,0,0,Data_from_ARETT
1760984946751,True,True,0.03734433,1.713503,0.04182543,0.2150979,0.1777955,0.9602717,False,0,0,0,Data_from_ARETT
1760984946786,True,True,0.03732606,1.71339,0.0420952,0.2142901,0.1773825,0.9605286,False,0,0,0,Data_from_ARETT
1760984946786,True,True,0.03732606,1.71339,0.0420952,0.2142901,0.1773825,0.9605286,False,0,0,0,Data_from_ARETT
1760984946786,True,True,0.03732606,1.71339,0.0420952,0.2142901,0.1773825,0.9605286,False,0,0,0,Data_from_ARETT
1760984946821,True,True,0.0370217,1.713381,0.04181106,0.2138845,0.1772273,0.9606476,False,0,0,0,Data_from_ARETT
1760984946821,True,True,0.0370217,1.713381,0.04181106,0.2138845,0.1772273,0.9606476,False,0,0,0,Data_from_ARETT
1760984946821,True,True,0.0370217,1.713381,0.04181106,0.2138845,0.1772273,0.9606476,False,0,0,0,Data_from_ARETT
1760984946855,True,True,0.03716165,1.713154,0.04188889,0.2136381,0.1760356,0.9609215,False,0,0,0,Data_from_ARETT
1760984946855,True,True,0.03716165,1.713154,0.04188889,0.2136381,0.1760356,0.9609215,False,0,0,0,Data_from_ARETT
1760984946855,True,True,0.03716165,1.713154,0.04188889,0.2136381,0.1760356,0.9609215,False,0,0,0,Data_from_ARETT
1760984946889,True,True,0.03708187,1.713099,0.04214345,0.2134367,0.1762385,0.9609291,False,0,0,0,Data_from_ARETT
1760984946889,True,True,0.03708187,1.713099,0.04214345,0.2134367,0.1762385,0.9609291,False,0,0,0,Data_from_ARETT
1760984946889,True,True,0.03708187,1.713099,0.04214345,0.2134367,0.1762385,0.9609291,False,0,0,0,Data_from_ARETT
1760984946922,True,True,0.03691256,1.713221,0.04218912,0.2123595,0.1768317,0.9610588,False,0,0,0,Data_from_ARETT
1760984946922,True,True,0.03691256,1.713221,0.04218912,0.2123595,0.1768317,0.9610588,False,0,0,0,Data_from_ARETT
1760984946922,True,True,0.03691256,1.713221,0.04218912,0.2123595,0.1768317,0.9610588,False,0,0,0,Data_from_ARETT
1760984946956,True,True,0.03646792,1.713425,0.0420408,0.2115059,0.1776476,0.9610965,False,0,0,0,Data_from_ARETT
1760984946956,True,True,0.03646792,1.713425,0.0420408,0.2115059,0.1776476,0.9610965,False,0,0,0,Data_from_ARETT
1760984946956,True,True,0.03646792,1.713425,0.0420408,0.2115059,0.1776476,0.9610965,False,0,0,0,Data_from_ARETT
1760984946991,True,True,0.03646905,1.713468,0.04170227,0.2107657,0.177119,0.9613567,False,0,0,0,Data_from_ARETT
1760984946991,True,True,0.03646905,1.713468,0.04170227,0.2107657,0.177119,0.9613567,False,0,0,0,Data_from_ARETT
1760984946991,True,True,0.03646905,1.713468,0.04170227,0.2107657,0.177119,0.9613567,False,0,0,0,Data_from_ARETT
1760984947025,True,True,0.03645008,1.713322,0.04161106,0.2105014,0.1759021,0.961638,False,0,0,0,Data_from_ARETT
1760984947025,True,True,0.03645008,1.713322,0.04161106,0.2105014,0.1759021,0.961638,False,0,0,0,Data_from_ARETT
1760984947025,True,True,0.03645008,1.713322,0.04161106,0.2105014,0.1759021,0.961638,False,0,0,0,Data_from_ARETT
1760984947059,True,True,0.03647764,1.713151,0.04158349,0.2105826,0.1769063,0.961436,False,0,0,0,Data_from_ARETT
1760984947059,True,True,0.03647764,1.713151,0.04158349,0.2105826,0.1769063,0.961436,False,0,0,0,Data_from_ARETT
1760984947059,True,True,0.03647764,1.713151,0.04158349,0.2105826,0.1769063,0.961436,False,0,0,0,Data_from_ARETT
1760984947092,True,True,0.03644715,1.713175,0.04158403,0.2102754,0.1778503,0.961329,False,0,0,0,Data_from_ARETT
1760984947092,True,True,0.03644715,1.713175,0.04158403,0.2102754,0.1778503,0.961329,False,0,0,0,Data_from_ARETT
1760984947092,True,True,0.03644715,1.713175,0.04158403,0.2102754,0.1778503,0.961329,False,0,0,0,Data_from_ARETT
1760984947127,True,True,0.03639926,1.71324,0.04144146,0.2098821,0.1782751,0.9613363,False,0,0,0,Data_from_ARETT
1760984947127,True,True,0.03639926,1.71324,0.04144146,0.2098821,0.1782751,0.9613363,False,0,0,0,Data_from_ARETT
1760984947127,True,True,0.03639926,1.71324,0.04144146,0.2098821,0.1782751,0.9613363,False,0,0,0,Data_from_ARETT
1760984947161,True,True,0.03596904,1.713477,0.04143588,0.2089469,0.1786759,0.9614656,False,0,0,0,Data_from_ARETT
1760984947161,True,True,0.03596904,1.713477,0.04143588,0.2089469,0.1786759,0.9614656,False,0,0,0,Data_from_ARETT
1760984947161,True,True,0.03596904,1.713477,0.04143588,0.2089469,0.1786759,0.9614656,False,0,0,0,Data_from_ARETT
1760984947195,True,True,0.03598148,1.713681,0.04145693,0.2084015,0.1800241,0.9613325,False,0,0,0,Data_from_ARETT
1760984947195,True,True,0.03598148,1.713681,0.04145693,0.2084015,0.1800241,0.9613325,False,0,0,0,Data_from_ARETT
1760984947195,True,True,0.03598148,1.713681,0.04145693,0.2084015,0.1800241,0.9613325,False,0,0,0,Data_from_ARETT
1760984947229,True,True,0.03584134,1.713831,0.04098458,0.2072842,0.1807218,0.9614431,False,0,0,0,Data_from_ARETT
1760984947229,True,True,0.03584134,1.713831,0.04098458,0.2072842,0.1807218,0.9614431,False,0,0,0,Data_from_ARETT
1760984947229,True,True,0.03584134,1.713831,0.04098458,0.2072842,0.1807218,0.9614431,False,0,0,0,Data_from_ARETT
1760984947263,True,True,0.03558042,1.713743,0.04107411,0.2064681,0.1804149,0.9616764,False,0,0,0,Data_from_ARETT
1760984947263,True,True,0.03558042,1.713743,0.04107411,0.2064681,0.1804149,0.9616764,False,0,0,0,Data_from_ARETT
1760984947263,True,True,0.03558042,1.713743,0.04107411,0.2064681,0.1804149,0.9616764,False,0,0,0,Data_from_ARETT
1760984947297,True,True,0.0354798,1.713593,0.04113017,0.2052656,0.18038,0.9619403,False,0,0,0,Data_from_ARETT
1760984947297,True,True,0.0354798,1.713593,0.04113017,0.2052656,0.18038,0.9619403,False,0,0,0,Data_from_ARETT
1760984947297,True,True,0.0354798,1.713593,0.04113017,0.2052656,0.18038,0.9619403,False,0,0,0,Data_from_ARETT
1760984947331,True,True,0.03530048,1.713696,0.04095641,0.204552,0.1797184,0.9622161,False,0,0,0,Data_from_ARETT
1760984947331,True,True,0.03530048,1.713696,0.04095641,0.204552,0.1797184,0.9622161,False,0,0,0,Data_from_ARETT
1760984947331,True,True,0.03530048,1.713696,0.04095641,0.204552,0.1797184,0.9622161,False,0,0,0,Data_from_ARETT
1760984947366,True,True,0.03524653,1.71371,0.0410911,0.2039501,0.1802944,0.9622361,False,0,0,0,Data_from_ARETT
1760984947366,True,True,0.03524653,1.71371,0.0410911,0.2039501,0.1802944,0.9622361,False,0,0,0,Data_from_ARETT
1760984947366,True,True,0.03524653,1.71371,0.0410911,0.2039501,0.1802944,0.9622361,False,0,0,0,Data_from_ARETT
1760984947399,True,True,0.03513299,1.713742,0.04117797,0.202856,0.18072,0.9623875,False,0,0,0,Data_from_ARETT
1760984947399,True,True,0.03513299,1.713742,0.04117797,0.202856,0.18072,0.9623875,False,0,0,0,Data_from_ARETT
1760984947399,True,True,0.03513299,1.713742,0.04117797,0.202856,0.18072,0.9623875,False,0,0,0,Data_from_ARETT
1760984947433,True,True,0.03491855,1.713896,0.04102811,0.2014186,0.180358,0.9627572,False,0,0,0,Data_from_ARETT
1760984947433,True,True,0.03491855,1.713896,0.04102811,0.2014186,0.180358,0.9627572,False,0,0,0,Data_from_ARETT
1760984947433,True,True,0.03491855,1.713896,0.04102811,0.2014186,0.180358,0.9627572,False,0,0,0,Data_from_ARETT
1760984947468,True,True,0.03484527,1.713994,0.04095913,0.2002765,0.1805607,0.9629575,False,0,0,0,Data_from_ARETT
1760984947468,True,True,0.03484527,1.713994,0.04095913,0.2002765,0.1805607,0.9629575,False,0,0,0,Data_from_ARETT
1760984947468,True,True,0.03484527,1.713994,0.04095913,0.2002765,0.1805607,0.9629575,False,0,0,0,Data_from_ARETT
1760984947502,True,True,0.03463806,1.713918,0.04091992,0.1995025,0.1809783,0.9630398,False,0,0,0,Data_from_ARETT
1760984947502,True,True,0.03463806,1.713918,0.04091992,0.1995025,0.1809783,0.9630398,False,0,0,0,Data_from_ARETT
1760984947502,True,True,0.03463806,1.713918,0.04091992,0.1995025,0.1809783,0.9630398,False,0,0,0,Data_from_ARETT
1760984947535,True,True,0.03467783,1.713812,0.04090563,0.1992984,0.1793768,0.9633816,False,0,0,0,Data_from_ARETT
1760984947535,True,True,0.03467783,1.713812,0.04090563,0.1992984,0.1793768,0.9633816,False,0,0,0,Data_from_ARETT
1760984947535,True,True,0.03467783,1.713812,0.04090563,0.1992984,0.1793768,0.9633816,False,0,0,0,Data_from_ARETT
1760984947569,True,True,0.03469476,1.713712,0.04099752,0.1987777,0.1781506,0.9637166,False,0,0,0,Data_from_ARETT
1760984947569,True,True,0.03469476,1.713712,0.04099752,0.1987777,0.1781506,0.9637166,False,0,0,0,Data_from_ARETT
1760984947569,True,True,0.03469476,1.713712,0.04099752,0.1987777,0.1781506,0.9637166,False,0,0,0,Data_from_ARETT
1760984947603,True,True,0.03472803,1.713866,0.04091315,0.1978534,0.1777525,0.9639803,False,0,0,0,Data_from_ARETT
1760984947603,True,True,0.03472803,1.713866,0.04091315,0.1978534,0.1777525,0.9639803,False,0,0,0,Data_from_ARETT
1760984947603,True,True,0.03472803,1.713866,0.04091315,0.1978534,0.1777525,0.9639803,False,0,0,0,Data_from_ARETT
1760984947638,True,True,0.03428539,1.713719,0.04118577,0.1964105,0.1788488,0.9640726,False,0,0,0,Data_from_ARETT
1760984947638,True,True,0.03428539,1.713719,0.04118577,0.1964105,0.1788488,0.9640726,False,0,0,0,Data_from_ARETT
1760984947638,True,True,0.03428539,1.713719,0.04118577,0.1964105,0.1788488,0.9640726,False,0,0,0,Data_from_ARETT
1760984947672,True,True,0.03432513,1.713785,0.04089807,0.1955975,0.1780036,0.9643943,False,0,0,0,Data_from_ARETT
1760984947672,True,True,0.03432513,1.713785,0.04089807,0.1955975,0.1780036,0.9643943,False,0,0,0,Data_from_ARETT
1760984947672,True,True,0.03432513,1.713785,0.04089807,0.1955975,0.1780036,0.9643943,False,0,0,0,Data_from_ARETT
1760984947706,True,True,0.03430356,1.713564,0.04082575,0.1952164,0.1759884,0.9648412,False,0,0,0,Data_from_ARETT
1760984947706,True,True,0.03430356,1.713564,0.04082575,0.1952164,0.1759884,0.9648412,False,0,0,0,Data_from_ARETT
1760984947706,True,True,0.03430356,1.713564,0.04082575,0.1952164,0.1759884,0.9648412,False,0,0,0,Data_from_ARETT
1760984947740,True,True,0.03419813,1.713486,0.04067109,0.1950254,0.1739953,0.9652413,False,0,0,0,Data_from_ARETT
1760984947740,True,True,0.03419813,1.713486,0.04067109,0.1950254,0.1739953,0.9652413,False,0,0,0,Data_from_ARETT
1760984947740,True,True,0.03419813,1.713486,0.04067109,0.1950254,0.1739953,0.9652413,False,0,0,0,Data_from_ARETT
1760984947774,True,True,0.03422822,1.713387,0.04094672,0.1945603,0.1742837,0.9652831,False,0,0,0,Data_from_ARETT
1760984947774,True,True,0.03422822,1.713387,0.04094672,0.1945603,0.1742837,0.9652831,False,0,0,0,Data_from_ARETT
1760984947774,True,True,0.03422822,1.713387,0.04094672,0.1945603,0.1742837,0.9652831,False,0,0,0,Data_from_ARETT
1760984947807,True,True,0.03404458,1.713433,0.04074706,0.192708,0.1753559,0.9654605,False,0,0,0,Data_from_ARETT
1760984947807,True,True,0.03404458,1.713433,0.04074706,0.192708,0.1753559,0.9654605,False,0,0,0,Data_from_ARETT
1760984947807,True,True,0.03404458,1.713433,0.04074706,0.192708,0.1753559,0.9654605,False,0,0,0,Data_from_ARETT
1760984947842,True,True,0.03386516,1.713431,0.04086889,0.1913902,0.1751932,0.9657521,False,0,0,0,Data_from_ARETT
1760984947842,True,True,0.03386516,1.713431,0.04086889,0.1913902,0.1751932,0.9657521,False,0,0,0,Data_from_ARETT
1760984947842,True,True,0.03386516,1.713431,0.04086889,0.1913902,0.1751932,0.9657521,False,0,0,0,Data_from_ARETT
1760984947876,True,True,0.03368003,1.71357,0.04089826,0.1903919,0.1749178,0.9659993,False,0,0,0,Data_from_ARETT
1760984947876,True,True,0.03368003,1.71357,0.04089826,0.1903919,0.1749178,0.9659993,False,0,0,0,Data_from_ARETT
1760984947876,True,True,0.03368003,1.71357,0.04089826,0.1903919,0.1749178,0.9659993,False,0,0,0,Data_from_ARETT
1760984947911,True,True,0.03381438,1.713548,0.0410573,0.1905349,0.1745102,0.9660448,False,0,0,0,Data_from_ARETT
1760984947911,True,True,0.03381438,1.713548,0.0410573,0.1905349,0.1745102,0.9660448,False,0,0,0,Data_from_ARETT
1760984947911,True,True,0.03381438,1.713548,0.0410573,0.1905349,0.1745102,0.9660448,False,0,0,0,Data_from_ARETT
1760984947944,True,True,0.03373493,1.713698,0.04089855,0.1907534,0.1742451,0.9660496,False,0,0,0,Data_from_ARETT
1760984947944,True,True,0.03373493,1.713698,0.04089855,0.1907534,0.1742451,0.9660496,False,0,0,0,Data_from_ARETT
1760984947944,True,True,0.03373493,1.713698,0.04089855,0.1907534,0.1742451,0.9660496,False,0,0,0,Data_from_ARETT
1760984947978,True,True,0.03375094,1.713652,0.04110455,0.1909213,0.1737705,0.9661019,False,0,0,0,Data_from_ARETT
1760984947978,True,True,0.03375094,1.713652,0.04110455,0.1909213,0.1737705,0.9661019,False,0,0,0,Data_from_ARETT
1760984947978,True,True,0.03375094,1.713652,0.04110455,0.1909213,0.1737705,0.9661019,False,0,0,0,Data_from_ARETT
1760984948013,True,True,0.03368793,1.713635,0.04125946,0.1908315,0.1737806,0.9661178,False,0,0,0,Data_from_ARETT
1760984948013,True,True,0.03368793,1.713635,0.04125946,0.1908315,0.1737806,0.9661178,False,0,0,0,Data_from_ARETT
1760984948013,True,True,0.03368793,1.713635,0.04125946,0.1908315,0.1737806,0.9661178,False,0,0,0,Data_from_ARETT
1760984948047,True,True,0.03376917,1.713636,0.04131115,0.1905079,0.1740349,0.9661359,False,0,0,0,Data_from_ARETT
1760984948047,True,True,0.03376917,1.713636,0.04131115,0.1905079,0.1740349,0.9661359,False,0,0,0,Data_from_ARETT
1760984948047,True,True,0.03376917,1.713636,0.04131115,0.1905079,0.1740349,0.9661359,False,0,0,0,Data_from_ARETT
1760984948080,True,True,0.03373501,1.713618,0.04135563,0.1905946,0.1737993,0.9661612,False,0,0,0,Data_from_ARETT
1760984948080,True,True,0.03373501,1.713618,0.04135563,0.1905946,0.1737993,0.9661612,False,0,0,0,Data_from_ARETT
1760984948080,True,True,0.03373501,1.713618,0.04135563,0.1905946,0.1737993,0.9661612,False,0,0,0,Data_from_ARETT
1760984948115,True,True,0.03371068,1.71372,0.04137425,0.1907698,0.1723965,0.9663779,False,0,0,0,Data_from_ARETT
1760984948115,True,True,0.03371068,1.71372,0.04137425,0.1907698,0.1723965,0.9663779,False,0,0,0,Data_from_ARETT
1760984948115,True,True,0.03371068,1.71372,0.04137425,0.1907698,0.1723965,0.9663779,False,0,0,0,Data_from_ARETT
1760984948149,True,True,0.03362447,1.713767,0.04151732,0.1903836,0.1727059,0.9663988,False,0,0,0,Data_from_ARETT
1760984948149,True,True,0.03362447,1.713767,0.04151732,0.1903836,0.1727059,0.9663988,False,0,0,0,Data_from_ARETT
1760984948149,True,True,0.03362447,1.713767,0.04151732,0.1903836,0.1727059,0.9663988,False,0,0,0,Data_from_ARETT
1760984948184,True,True,0.03369014,1.713646,0.04160532,0.1895815,0.172682,0.9665608,False,0,0,0,Data_from_ARETT
1760984948184,True,True,0.03369014,1.713646,0.04160532,0.1895815,0.172682,0.9665608,False,0,0,0,Data_from_ARETT
1760984948184,True,True,0.03369014,1.713646,0.04160532,0.1895815,0.172682,0.9665608,False,0,0,0,Data_from_ARETT
1760984948218,True,True,0.03351706,1.713655,0.04136818,0.1892492,0.1719471,0.9667569,False,0,0,0,Data_from_ARETT
1760984948218,True,True,0.03351706,1.713655,0.04136818,0.1892492,0.1719471,0.9667569,False,0,0,0,Data_from_ARETT
1760984948218,True,True,0.03351706,1.713655,0.04136818,0.1892492,0.1719471,0.9667569,False,0,0,0,Data_from_ARETT
