eyeDataTimestamp,isCalibrationValid,gazeHasValue,gazeOrigin_x,gazeOrigin_y,gazeOrigin_z,gazeDirection_x,gazeDirection_y,gazeDirection_z,gazePointHit,gazePoint_x,gazePoint_y,gazePoint_z,note
1760985636001,True,True,0.01507816,1.647597,0.0387969,-0.1570089,-0.2166094,0.96355,False,0,0,0,Data_from_ARETT
1760985636001,True,True,0.01507816,1.647597,0.0387969,-0.1570089,-0.2166094,0.96355,False,0,0,0,Data_from_ARETT
1760985636001,True,True,0.01507816,1.647597,0.0387969,-0.1570089,-0.2166094,0.96355,False,0,0,0,Data_from_ARETT
1760985636035,True,True,0.01479005,1.647891,0.03879056,-0.1597996,-0.2145753,0.9635463,False,0,0,0,Data_from_ARETT
1760985636035,True,True,0.01479005,1.647891,0.03879056,-0.1597996,-0.2145753,0.9635463,False,0,0,0,Data_from_ARETT
1760985636035,True,True,0.01479005,1.647891,0.03879056,-0.1597996,-0.2145753,0.9635463,False,0,0,0,Data_from_ARETT
1760985636069,True,True,0.01482932,1.647996,0.03887703,-0.1609465,-0.2164746,0.9629304,True,-0.2012419,1.357378,1.331615,Data_from_ARETT
1760985636069,True,True,0.01482932,1.647996,0.03887703,-0.1609465,-0.2164746,0.9629304,True,-0.2012419,1.357378,1.331615,Data_from_ARETT
1760985636069,True,True,0.01482932,1.647996,0.03887703,-0.1609465,-0.2164746,0.9629304,True,-0.2012419,1.357378,1.331615,Data_from_ARETT
1760985636102,True,True,0.01482746,1.647814,0.03909341,-0.1620443,-0.2177457,0.9624596,False,0,0,0,Data_from_ARETT
1760985636102,True,True,0.01482746,1.647814,0.03909341,-0.1620443,-0.2177457,0.9624596,False,0,0,0,Data_from_ARETT
1760985636102,True,True,0.01482746,1.647814,0.03909341,-0.1620443,-0.2177457,0.9624596,False,0,0,0,Data_from_ARETT
1760985636137,True,True,0.01403984,1.647341,0.03997295,-0.1620782,-0.2225807,0.9613472,True,-0.1845237,1.374655,1.217729,Data_from_ARETT
1760985636137,True,True,0.01403984,1.647341,0.03997295,-0.1620782,-0.2225807,0.9613472,True,-0.1845237,1.374655,1.217729,Data_from_ARETT
1760985636137,True,True,0.01403984,1.647341,0.03997295,-0.1620782,-0.2225807,0.9613472,True,-0.1845237,1.374655,1.217729,Data_from_ARETT
1760985636170,True,True,0.01374231,1.646862,0.04045196,-0.16068,-0.2252438,0.9609616,True,-0.1722394,1.38615,1.152733,Data_from_ARETT
1760985636170,True,True,0.01374231,1.646862,0.04045196,-0.16068,-0.2252438,0.9609616,True,-0.1722394,1.38615,1.152733,Data_from_ARETT
1760985636170,True,True,0.01374231,1.646862,0.04045196,-0.16068,-0.2252438,0.9609616,True,-0.1722394,1.38615,1.152733,Data_from_ARETT
1760985636205,True,True,0.01335907,1.646309,0.04099872,-0.1594583,-0.2273221,0.9606757,True,-0.1699621,1.384968,1.14544,Data_from_ARETT
1760985636205,True,True,0.01335907,1.646309,0.04099872,-0.1594583,-0.2273221,0.9606757,True,-0.1699621,1.384968,1.14544,Data_from_ARETT
1760985636205,True,True,0.01335907,1.646309,0.04099872,-0.1594583,-0.2273221,0.9606757,True,-0.1699621,1.384968,1.14544,Data_from_ARETT
1760985636239,True,True,0.01316675,1.646045,0.04136795,-0.1586594,-0.230949,0.9599426,True,-0.1683688,1.381797,1.139719,Data_from_ARETT
1760985636239,True,True,0.01316675,1.646045,0.04136795,-0.1586594,-0.230949,0.9599426,True,-0.1683688,1.381797,1.139719,Data_from_ARETT
1760985636239,True,True,0.01316675,1.646045,0.04136795,-0.1586594,-0.230949,0.9599426,True,-0.1683688,1.381797,1.139719,Data_from_ARETT
1760985636273,True,True,0.01266118,1.646041,0.04153556,-0.1599511,-0.2324459,0.9593667,True,-0.1716873,1.37814,1.147235,Data_from_ARETT
1760985636273,True,True,0.01266118,1.646041,0.04153556,-0.1599511,-0.2324459,0.9593667,True,-0.1716873,1.37814,1.147235,Data_from_ARETT
1760985636273,True,True,0.01266118,1.646041,0.04153556,-0.1599511,-0.2324459,0.9593667,True,-0.1716873,1.37814,1.147235,Data_from_ARETT
1760985636307,True,True,0.01242075,1.646107,0.04168412,-0.1612693,-0.2338717,0.9587994,True,-0.1731041,1.37706,1.144692,Data_from_ARETT
1760985636307,True,True,0.01242075,1.646107,0.04168412,-0.1612693,-0.2338717,0.9587994,True,-0.1731041,1.37706,1.144692,Data_from_ARETT
1760985636307,True,True,0.01242075,1.646107,0.04168412,-0.1612693,-0.2338717,0.9587994,True,-0.1731041,1.37706,1.144692,Data_from_ARETT
1760985636342,True,True,0.01269045,1.645772,0.04196254,-0.1616352,-0.2348298,0.9585035,True,-0.172669,1.376475,1.141151,Data_from_ARETT
1760985636342,True,True,0.01269045,1.645772,0.04196254,-0.1616352,-0.2348298,0.9585035,True,-0.172669,1.376475,1.141151,Data_from_ARETT
1760985636342,True,True,0.01269045,1.645772,0.04196254,-0.1616352,-0.2348298,0.9585035,True,-0.172669,1.376475,1.141151,Data_from_ARETT
1760985636376,True,True,0.01241237,1.645437,0.04202004,-0.161332,-0.2365602,0.958129,False,0,0,0,Data_from_ARETT
1760985636376,True,True,0.01241237,1.645437,0.04202004,-0.161332,-0.2365602,0.958129,False,0,0,0,Data_from_ARETT
1760985636376,True,True,0.01241237,1.645437,0.04202004,-0.161332,-0.2365602,0.958129,False,0,0,0,Data_from_ARETT
1760985636410,True,True,0.01249926,1.645515,0.04204459,-0.1604542,-0.2383849,0.9578242,False,0,0,0,Data_from_ARETT
1760985636410,True,True,0.01249926,1.645515,0.04204459,-0.1604542,-0.2383849,0.9578242,False,0,0,0,Data_from_ARETT
1760985636410,True,True,0.01249926,1.645515,0.04204459,-0.1604542,-0.2383849,0.9578242,False,0,0,0,Data_from_ARETT
1760985636444,True,True,0.01270858,1.645541,0.04210074,-0.1608376,-0.2382888,0.9577838,False,0,0,0,Data_from_ARETT
1760985636444,True,True,0.01270858,1.645541,0.04210074,-0.1608376,-0.2382888,0.9577838,False,0,0,0,Data_from_ARETT
1760985636444,True,True,0.01270858,1.645541,0.04210074,-0.1608376,-0.2382888,0.9577838,False,0,0,0,Data_from_ARETT
1760985636477,True,True,0.01241396,1.645393,0.04200984,-0.1616145,-0.2377605,0.9577843,False,0,0,0,Data_from_ARETT
1760985636477,True,True,0.01241396,1.645393,0.04200984,-0.1616145,-0.2377605,0.9577843,False,0,0,0,Data_from_ARETT
1760985636477,True,True,0.01241396,1.645393,0.04200984,-0.1616145,-0.2377605,0.9577843,False,0,0,0,Data_from_ARETT
1760985636512,True,True,0.01240835,1.645233,0.04193271,-0.1626845,-0.2388198,0.9573395,False,0,0,0,Data_from_ARETT
1760985636512,True,True,0.01240835,1.645233,0.04193271,-0.1626845,-0.2388198,0.9573395,False,0,0,0,Data_from_ARETT
1760985636512,True,True,0.01240835,1.645233,0.04193271,-0.1626845,-0.2388198,0.9573395,False,0,0,0,Data_from_ARETT
1760985636546,True,True,0.01195392,1.645417,0.04169393,-0.1640656,-0.2396001,0.9569087,False,0,0,0,Data_from_ARETT
1760985636546,True,True,0.01195392,1.645417,0.04169393,-0.1640656,-0.2396001,0.9569087,False,0,0,0,Data_from_ARETT
1760985636546,True,True,0.01195392,1.645417,0.04169393,-0.1640656,-0.2396001,0.9569087,False,0,0,0,Data_from_ARETT
1760985636581,True,True,0.01182645,1.645496,0.0418187,-0.1639958,-0.2366982,0.9576426,False,0,0,0,Data_from_ARETT
1760985636581,True,True,0.01182645,1.645496,0.0418187,-0.1639958,-0.2366982,0.9576426,False,0,0,0,Data_from_ARETT
1760985636581,True,True,0.01182645,1.645496,0.0418187,-0.1639958,-0.2366982,0.9576426,False,0,0,0,Data_from_ARETT
1760985636614,True,True,0.01205145,1.645612,0.04138929,-0.1639394,-0.2357807,0.9578786,False,0,0,0,Data_from_ARETT
1760985636614,True,True,0.01205145,1.645612,0.04138929,-0.1639394,-0.2357807,0.9578786,False,0,0,0,Data_from_ARETT
1760985636614,True,True,0.01205145,1.645612,0.04138929,-0.1639394,-0.2357807,0.9578786,False,0,0,0,Data_from_ARETT
1760985636649,True,True,0.01167935,1.645743,0.04108084,-0.1626337,-0.2362551,0.9579843,True,-0.171722,1.379319,1.121396,Data_from_ARETT
1760985636649,True,True,0.01167935,1.645743,0.04108084,-0.1626337,-0.2362551,0.9579843,True,-0.171722,1.379319,1.121396,Data_from_ARETT
1760985636649,True,True,0.01167935,1.645743,0.04108084,-0.1626337,-0.2362551,0.9579843,True,-0.171722,1.379319,1.121396,Data_from_ARETT
1760985636682,True,True,0.01197212,1.645639,0.04132729,-0.1612788,-0.2332944,0.9589384,True,-0.1724809,1.378822,1.138055,Data_from_ARETT
1760985636682,True,True,0.01197212,1.645639,0.04132729,-0.1612788,-0.2332944,0.9589384,True,-0.1724809,1.378822,1.138055,Data_from_ARETT
1760985636682,True,True,0.01197212,1.645639,0.04132729,-0.1612788,-0.2332944,0.9589384,True,-0.1724809,1.378822,1.138055,Data_from_ARETT
1760985636716,True,True,0.0120253,1.646155,0.04075378,-0.1594782,-0.2311073,0.9597688,True,-0.1705972,1.381508,1.139809,Data_from_ARETT
1760985636716,True,True,0.0120253,1.646155,0.04075378,-0.1594782,-0.2311073,0.9597688,True,-0.1705972,1.381508,1.139809,Data_from_ARETT
1760985636716,True,True,0.0120253,1.646155,0.04075378,-0.1594782,-0.2311073,0.9597688,True,-0.1705972,1.381508,1.139809,Data_from_ARETT
1760985636751,True,True,0.01213261,1.646508,0.04060875,-0.1577346,-0.2311624,0.9600436,True,-0.1646379,1.387448,1.116514,Data_from_ARETT
1760985636751,True,True,0.01213261,1.646508,0.04060875,-0.1577346,-0.2311624,0.9600436,True,-0.1646379,1.387448,1.116514,Data_from_ARETT
1760985636751,True,True,0.01213261,1.646508,0.04060875,-0.1577346,-0.2311624,0.9600436,True,-0.1646379,1.387448,1.116514,Data_from_ARETT
1760985636786,True,True,0.01211869,1.646263,0.04090192,-0.1601652,-0.2270929,0.9606122,True,-0.1702958,1.387624,1.134958,Data_from_ARETT
1760985636786,True,True,0.01211869,1.646263,0.04090192,-0.1601652,-0.2270929,0.9606122,True,-0.1702958,1.387624,1.134958,Data_from_ARETT
1760985636786,True,True,0.01211869,1.646263,0.04090192,-0.1601652,-0.2270929,0.9606122,True,-0.1702958,1.387624,1.134958,Data_from_ARETT
1760985636819,True,True,0.01237533,1.646847,0.04021943,-0.1622507,-0.227188,0.9602397,True,-0.173767,1.386205,1.141856,Data_from_ARETT
1760985636819,True,True,0.01237533,1.646847,0.04021943,-0.1622507,-0.227188,0.9602397,True,-0.173767,1.386205,1.141856,Data_from_ARETT
1760985636819,True,True,0.01237533,1.646847,0.04021943,-0.1622507,-0.227188,0.9602397,True,-0.173767,1.386205,1.141856,Data_from_ARETT
1760985636854,True,True,0.01256072,1.646872,0.04026261,-0.1614203,-0.2288204,0.9599921,True,-0.1688533,1.38971,1.11916,Data_from_ARETT
1760985636854,True,True,0.01256072,1.646872,0.04026261,-0.1614203,-0.2288204,0.9599921,True,-0.1688533,1.38971,1.11916,Data_from_ARETT
1760985636854,True,True,0.01256072,1.646872,0.04026261,-0.1614203,-0.2288204,0.9599921,True,-0.1688533,1.38971,1.11916,Data_from_ARETT
1760985636887,True,True,0.01297142,1.646896,0.04040539,-0.1596726,-0.2246136,0.9612769,True,-0.1691924,1.390644,1.137087,Data_from_ARETT
1760985636887,True,True,0.01297142,1.646896,0.04040539,-0.1596726,-0.2246136,0.9612769,True,-0.1691924,1.390644,1.137087,Data_from_ARETT
1760985636887,True,True,0.01297142,1.646896,0.04040539,-0.1596726,-0.2246136,0.9612769,True,-0.1691924,1.390644,1.137087,Data_from_ARETT
1760985636922,True,True,0.01393683,1.647347,0.04035363,-0.1534502,-0.2209556,0.9631364,True,-0.1617955,1.394307,1.143345,Data_from_ARETT
1760985636922,True,True,0.01393683,1.647347,0.04035363,-0.1534502,-0.2209556,0.9631364,True,-0.1617955,1.394307,1.143345,Data_from_ARETT
1760985636922,True,True,0.01393683,1.647347,0.04035363,-0.1534502,-0.2209556,0.9631364,True,-0.1617955,1.394307,1.143345,Data_from_ARETT
1760985636956,True,True,0.01498404,1.647611,0.04054752,-0.146955,-0.2177109,0.9648866,True,-0.1508206,1.401975,1.129198,Data_from_ARETT
1760985636956,True,True,0.01498404,1.647611,0.04054752,-0.146955,-0.2177109,0.9648866,True,-0.1508206,1.401975,1.129198,Data_from_ARETT
1760985636956,True,True,0.01498404,1.647611,0.04054752,-0.146955,-0.2177109,0.9648866,True,-0.1508206,1.401975,1.129198,Data_from_ARETT
1760985636991,True,True,0.01638378,1.648308,0.04056949,-0.1387392,-0.2150541,0.966697,True,-0.1418056,1.403105,1.14279,Data_from_ARETT
1760985636991,True,True,0.01638378,1.648308,0.04056949,-0.1387392,-0.2150541,0.966697,True,-0.1418056,1.403105,1.14279,Data_from_ARETT
1760985636991,True,True,0.01638378,1.648308,0.04056949,-0.1387392,-0.2150541,0.966697,True,-0.1418056,1.403105,1.14279,Data_from_ARETT
1760985637024,True,True,0.01773124,1.648653,0.04086232,-0.1299399,-0.2106659,0.9688836,True,-0.1307049,1.408,1.147661,Data_from_ARETT
1760985637024,True,True,0.01773124,1.648653,0.04086232,-0.1299399,-0.2106659,0.9688836,True,-0.1307049,1.408,1.147661,Data_from_ARETT
1760985637024,True,True,0.01773124,1.648653,0.04086232,-0.1299399,-0.2106659,0.9688836,True,-0.1307049,1.408,1.147661,Data_from_ARETT
1760985637059,True,True,0.01924785,1.648896,0.04108211,-0.1216916,-0.2081748,0.9704918,True,-0.1192753,1.411928,1.145806,Data_from_ARETT
1760985637059,True,True,0.01924785,1.648896,0.04108211,-0.1216916,-0.2081748,0.9704918,True,-0.1192753,1.411928,1.145806,Data_from_ARETT
1760985637059,True,True,0.01924785,1.648896,0.04108211,-0.1216916,-0.2081748,0.9704918,True,-0.1192753,1.411928,1.145806,Data_from_ARETT
1760985637092,True,True,0.02086092,1.649098,0.04132329,-0.1116602,-0.2040516,0.9725713,True,-0.1106052,1.408852,1.186406,Data_from_ARETT
1760985637092,True,True,0.02086092,1.649098,0.04132329,-0.1116602,-0.2040516,0.9725713,True,-0.1106052,1.408852,1.186406,Data_from_ARETT
1760985637092,True,True,0.02086092,1.649098,0.04132329,-0.1116602,-0.2040516,0.9725713,True,-0.1106052,1.408852,1.186406,Data_from_ARETT
1760985637127,True,True,0.02385353,1.649507,0.04155485,-0.09197673,-0.2002164,0.9754249,True,-0.0867887,1.408659,1.214929,Data_from_ARETT
1760985637127,True,True,0.02385353,1.649507,0.04155485,-0.09197673,-0.2002164,0.9754249,True,-0.0867887,1.408659,1.214929,Data_from_ARETT
1760985637127,True,True,0.02385353,1.649507,0.04155485,-0.09197673,-0.2002164,0.9754249,True,-0.0867887,1.408659,1.214929,Data_from_ARETT
1760985637161,True,True,0.02563082,1.649478,0.04163819,-0.08204667,-0.1983065,0.9767,True,-0.07498289,1.406295,1.239364,Data_from_ARETT
1760985637161,True,True,0.02563082,1.649478,0.04163819,-0.08204667,-0.1983065,0.9767,True,-0.07498289,1.406295,1.239364,Data_from_ARETT
1760985637161,True,True,0.02563082,1.649478,0.04163819,-0.08204667,-0.1983065,0.9767,True,-0.07498289,1.406295,1.239364,Data_from_ARETT
1760985637195,True,True,0.02745224,1.649904,0.04142081,-0.07336374,-0.1960278,0.9778501,False,0,0,0,Data_from_ARETT
1760985637195,True,True,0.02745224,1.649904,0.04142081,-0.07336374,-0.1960278,0.9778501,False,0,0,0,Data_from_ARETT
1760985637195,True,True,0.02745224,1.649904,0.04142081,-0.07336374,-0.1960278,0.9778501,False,0,0,0,Data_from_ARETT
1760985637230,True,True,0.02926619,1.649902,0.04124584,-0.06836478,-0.1955385,0.9783103,False,0,0,0,Data_from_ARETT
1760985637230,True,True,0.02926619,1.649902,0.04124584,-0.06836478,-0.1955385,0.9783103,False,0,0,0,Data_from_ARETT
1760985637230,True,True,0.02926619,1.649902,0.04124584,-0.06836478,-0.1955385,0.9783103,False,0,0,0,Data_from_ARETT
1760985637263,True,True,0.03077713,1.649861,0.04121439,-0.06505391,-0.1954408,0.9785555,False,0,0,0,Data_from_ARETT
1760985637263,True,True,0.03077713,1.649861,0.04121439,-0.06505391,-0.1954408,0.9785555,False,0,0,0,Data_from_ARETT
1760985637263,True,True,0.03077713,1.649861,0.04121439,-0.06505391,-0.1954408,0.9785555,False,0,0,0,Data_from_ARETT
1760985637297,True,True,0.0318535,1.65006,0.04115098,-0.06580656,-0.1939709,0.9787976,False,0,0,0,Data_from_ARETT
1760985637297,True,True,0.0318535,1.65006,0.04115098,-0.06580656,-0.1939709,0.9787976,False,0,0,0,Data_from_ARETT
1760985637297,True,True,0.0318535,1.65006,0.04115098,-0.06580656,-0.1939709,0.9787976,False,0,0,0,Data_from_ARETT
1760985637332,True,True,0.03297444,1.650045,0.04104184,-0.06641465,-0.1919488,0.9791551,False,0,0,0,Data_from_ARETT
1760985637332,True,True,0.03297444,1.650045,0.04104184,-0.06641465,-0.1919488,0.9791551,False,0,0,0,Data_from_ARETT
1760985637332,True,True,0.03297444,1.650045,0.04104184,-0.06641465,-0.1919488,0.9791551,False,0,0,0,Data_from_ARETT
1760985637366,True,True,0.03381448,1.650448,0.04058627,-0.06551426,-0.1921825,0.97917,False,0,0,0,Data_from_ARETT
1760985637366,True,True,0.03381448,1.650448,0.04058627,-0.06551426,-0.1921825,0.97917,False,0,0,0,Data_from_ARETT
1760985637366,True,True,0.03381448,1.650448,0.04058627,-0.06551426,-0.1921825,0.97917,False,0,0,0,Data_from_ARETT
1760985637400,True,True,0.03451265,1.650417,0.04064541,-0.0654821,-0.1931325,0.9789851,False,0,0,0,Data_from_ARETT
1760985637400,True,True,0.03451265,1.650417,0.04064541,-0.0654821,-0.1931325,0.9789851,False,0,0,0,Data_from_ARETT
1760985637400,True,True,0.03451265,1.650417,0.04064541,-0.0654821,-0.1931325,0.9789851,False,0,0,0,Data_from_ARETT
1760985637434,True,True,0.03500305,1.65059,0.04059282,-0.06491303,-0.1923154,0.9791839,False,0,0,0,Data_from_ARETT
1760985637434,True,True,0.03500305,1.65059,0.04059282,-0.06491303,-0.1923154,0.9791839,False,0,0,0,Data_from_ARETT
1760985637434,True,True,0.03500305,1.65059,0.04059282,-0.06491303,-0.1923154,0.9791839,False,0,0,0,Data_from_ARETT
1760985637468,True,True,0.03494215,1.650925,0.04100426,-0.06543382,-0.1921574,0.9791802,False,0,0,0,Data_from_ARETT
1760985637468,True,True,0.03494215,1.650925,0.04100426,-0.06543382,-0.1921574,0.9791802,False,0,0,0,Data_from_ARETT
1760985637468,True,True,0.03494215,1.650925,0.04100426,-0.06543382,-0.1921574,0.9791802,False,0,0,0,Data_from_ARETT
1760985637502,True,True,0.03494834,1.650815,0.04126803,-0.06815676,-0.1908603,0.9792482,False,0,0,0,Data_from_ARETT
1760985637502,True,True,0.03494834,1.650815,0.04126803,-0.06815676,-0.1908603,0.9792482,False,0,0,0,Data_from_ARETT
1760985637502,True,True,0.03494834,1.650815,0.04126803,-0.06815676,-0.1908603,0.9792482,False,0,0,0,Data_from_ARETT
1760985637536,True,True,0.03400865,1.650705,0.04126054,-0.06760566,-0.1926121,0.9789433,False,0,0,0,Data_from_ARETT
1760985637536,True,True,0.03400865,1.650705,0.04126054,-0.06760566,-0.1926121,0.9789433,False,0,0,0,Data_from_ARETT
1760985637536,True,True,0.03400865,1.650705,0.04126054,-0.06760566,-0.1926121,0.9789433,False,0,0,0,Data_from_ARETT
1760985637570,True,True,0.03472732,1.650663,0.04168755,-0.0644763,-0.1956566,0.9785506,False,0,0,0,Data_from_ARETT
1760985637570,True,True,0.03472732,1.650663,0.04168755,-0.0644763,-0.1956566,0.9785506,False,0,0,0,Data_from_ARETT
1760985637570,True,True,0.03472732,1.650663,0.04168755,-0.0644763,-0.1956566,0.9785506,False,0,0,0,Data_from_ARETT
1760985637604,True,True,0.03470238,1.650422,0.04168881,-0.06370773,-0.1945026,0.9788309,False,0,0,0,Data_from_ARETT
1760985637604,True,True,0.03470238,1.650422,0.04168881,-0.06370773,-0.1945026,0.9788309,False,0,0,0,Data_from_ARETT
1760985637604,True,True,0.03470238,1.650422,0.04168881,-0.06370773,-0.1945026,0.9788309,False,0,0,0,Data_from_ARETT
1760985637638,True,True,0.03357712,1.650928,0.04140186,-0.06250021,-0.1970239,0.9784045,True,-0.04404113,1.406246,1.256471,Data_from_ARETT
1760985637638,True,True,0.03357712,1.650928,0.04140186,-0.06250021,-0.1970239,0.9784045,True,-0.04404113,1.406246,1.256471,Data_from_ARETT
1760985637638,True,True,0.03357712,1.650928,0.04140186,-0.06250021,-0.1970239,0.9784045,True,-0.04404113,1.406246,1.256471,Data_from_ARETT
1760985637672,True,True,0.03347089,1.650512,0.04287451,-0.06706999,-0.1944706,0.9786127,False,0,0,0,Data_from_ARETT
1760985637672,True,True,0.03347089,1.650512,0.04287451,-0.06706999,-0.1944706,0.9786127,False,0,0,0,Data_from_ARETT
1760985637672,True,True,0.03347089,1.650512,0.04287451,-0.06706999,-0.1944706,0.9786127,False,0,0,0,Data_from_ARETT
1760985637706,True,True,0.03264296,1.650796,0.04203092,-0.07346595,-0.1921224,0.9786173,False,0,0,0,Data_from_ARETT
1760985637706,True,True,0.03264296,1.650796,0.04203092,-0.07346595,-0.1921224,0.9786173,False,0,0,0,Data_from_ARETT
1760985637706,True,True,0.03264296,1.650796,0.04203092,-0.07346595,-0.1921224,0.9786173,False,0,0,0,Data_from_ARETT
1760985637741,True,True,0.03288515,1.650857,0.04184531,-0.07218149,-0.1987799,0.9773824,True,-0.05563107,1.407093,1.240409,Data_from_ARETT
1760985637741,True,True,0.03288515,1.650857,0.04184531,-0.07218149,-0.1987799,0.9773824,True,-0.05563107,1.407093,1.240409,Data_from_ARETT
1760985637741,True,True,0.03288515,1.650857,0.04184531,-0.07218149,-0.1987799,0.9773824,True,-0.05563107,1.407093,1.240409,Data_from_ARETT
1760985637774,True,True,0.03249484,1.650605,0.0430056,-0.07265279,-0.1981551,0.9774743,True,-0.0571754,1.406036,1.249435,Data_from_ARETT
1760985637774,True,True,0.03249484,1.650605,0.0430056,-0.07265279,-0.1981551,0.9774743,True,-0.0571754,1.406036,1.249435,Data_from_ARETT
1760985637774,True,True,0.03249484,1.650605,0.0430056,-0.07265279,-0.1981551,0.9774743,True,-0.0571754,1.406036,1.249435,Data_from_ARETT
1760985637808,True,True,0.03149066,1.651871,0.04354526,-0.07613844,-0.1930741,0.9782256,False,0,0,0,Data_from_ARETT
1760985637808,True,True,0.03149066,1.651871,0.04354526,-0.07613844,-0.1930741,0.9782256,False,0,0,0,Data_from_ARETT
1760985637808,True,True,0.03149066,1.651871,0.04354526,-0.07613844,-0.1930741,0.9782256,False,0,0,0,Data_from_ARETT
1760985637842,True,True,0.03119265,1.65318,0.04501763,-0.08312189,-0.1861705,0.978995,False,0,0,0,Data_from_ARETT
1760985637842,True,True,0.03119265,1.65318,0.04501763,-0.08312189,-0.1861705,0.978995,False,0,0,0,Data_from_ARETT
1760985637842,True,True,0.03119265,1.65318,0.04501763,-0.08312189,-0.1861705,0.978995,False,0,0,0,Data_from_ARETT
1760985637877,True,True,0.0307818,1.654417,0.04585228,-0.09058335,-0.1790866,0.9796544,False,0,0,0,Data_from_ARETT
1760985637877,True,True,0.0307818,1.654417,0.04585228,-0.09058335,-0.1790866,0.9796544,False,0,0,0,Data_from_ARETT
1760985637877,True,True,0.0307818,1.654417,0.04585228,-0.09058335,-0.1790866,0.9796544,False,0,0,0,Data_from_ARETT
1760985637911,True,True,0.03050074,1.654991,0.04663329,-0.09062092,-0.1810104,0.9792972,False,0,0,0,Data_from_ARETT
1760985637911,True,True,0.03050074,1.654991,0.04663329,-0.09062092,-0.1810104,0.9792972,False,0,0,0,Data_from_ARETT
1760985637911,True,True,0.03050074,1.654991,0.04663329,-0.09062092,-0.1810104,0.9792972,False,0,0,0,Data_from_ARETT
1760985637944,True,True,0.03149734,1.654245,0.0483307,-0.08201826,-0.1739827,0.9813272,False,0,0,0,Data_from_ARETT
1760985637944,True,True,0.03149734,1.654245,0.0483307,-0.08201826,-0.1739827,0.9813272,False,0,0,0,Data_from_ARETT
1760985637944,True,True,0.03149734,1.654245,0.0483307,-0.08201826,-0.1739827,0.9813272,False,0,0,0,Data_from_ARETT
1760985637979,True,True,0.03218523,1.656346,0.04643742,-0.07569056,-0.1654102,0.983316,False,0,0,0,Data_from_ARETT
1760985637979,True,True,0.03218523,1.656346,0.04643742,-0.07569056,-0.1654102,0.983316,False,0,0,0,Data_from_ARETT
1760985637979,True,True,0.03218523,1.656346,0.04643742,-0.07569056,-0.1654102,0.983316,False,0,0,0,Data_from_ARETT
1760985638013,True,True,0.03271857,1.656583,0.0471745,-0.07574835,-0.1562014,0.9848164,False,0,0,0,Data_from_ARETT
1760985638013,True,True,0.03271857,1.656583,0.0471745,-0.07574835,-0.1562014,0.9848164,False,0,0,0,Data_from_ARETT
1760985638013,True,True,0.03271857,1.656583,0.0471745,-0.07574835,-0.1562014,0.9848164,False,0,0,0,Data_from_ARETT
1760985638047,True,True,0.03256623,1.657505,0.04802528,-0.08053058,-0.1313297,0.9880624,False,0,0,0,Data_from_ARETT
1760985638047,True,True,0.03256623,1.657505,0.04802528,-0.08053058,-0.1313297,0.9880624,False,0,0,0,Data_from_ARETT
1760985638047,True,True,0.03256623,1.657505,0.04802528,-0.08053058,-0.1313297,0.9880624,False,0,0,0,Data_from_ARETT
1760985638081,True,True,0.03248068,1.660371,0.04683188,-0.08568852,-0.1120637,0.9899996,False,0,0,0,Data_from_ARETT
1760985638081,True,True,0.03248068,1.660371,0.04683188,-0.08568852,-0.1120637,0.9899996,False,0,0,0,Data_from_ARETT
1760985638081,True,True,0.03248068,1.660371,0.04683188,-0.08568852,-0.1120637,0.9899996,False,0,0,0,Data_from_ARETT
1760985638116,True,True,0.03244149,1.662652,0.04673096,-0.08887769,-0.09215299,0.9917704,False,0,0,0,Data_from_ARETT
1760985638116,True,True,0.03244149,1.662652,0.04673096,-0.08887769,-0.09215299,0.9917704,False,0,0,0,Data_from_ARETT
1760985638116,True,True,0.03244149,1.662652,0.04673096,-0.08887769,-0.09215299,0.9917704,False,0,0,0,Data_from_ARETT
1760985638150,True,True,0.03246016,1.663976,0.04784662,-0.08967394,-0.06871078,0.9935982,False,0,0,0,Data_from_ARETT
1760985638150,True,True,0.03246016,1.663976,0.04784662,-0.08967394,-0.06871078,0.9935982,False,0,0,0,Data_from_ARETT
1760985638150,True,True,0.03246016,1.663976,0.04784662,-0.08967394,-0.06871078,0.9935982,False,0,0,0,Data_from_ARETT
1760985638184,True,True,0.03279936,1.665823,0.04740641,-0.08762957,-0.04868425,0.9949628,False,0,0,0,Data_from_ARETT
1760985638184,True,True,0.03279936,1.665823,0.04740641,-0.08762957,-0.04868425,0.9949628,False,0,0,0,Data_from_ARETT
1760985638184,True,True,0.03279936,1.665823,0.04740641,-0.08762957,-0.04868425,0.9949628,False,0,0,0,Data_from_ARETT
1760985638219,True,True,0.03339326,1.667287,0.04741053,-0.0813801,-0.0402072,0.9958718,False,0,0,0,Data_from_ARETT
1760985638219,True,True,0.03339326,1.667287,0.04741053,-0.0813801,-0.0402072,0.9958718,False,0,0,0,Data_from_ARETT
1760985638219,True,True,0.03339326,1.667287,0.04741053,-0.0813801,-0.0402072,0.9958718,False,0,0,0,Data_from_ARETT
1760985638252,True,True,0.03331756,1.669102,0.04967211,-0.07707549,-0.02463927,0.9967207,False,0,0,0,Data_from_ARETT
1760985638252,True,True,0.03331756,1.669102,0.04967211,-0.07707549,-0.02463927,0.9967207,False,0,0,0,Data_from_ARETT
1760985638252,True,True,0.03331756,1.669102,0.04967211,-0.07707549,-0.02463927,0.9967207,False,0,0,0,Data_from_ARETT
1760985638286,True,True,0.03324426,1.671364,0.05139539,-0.07567138,0.01667331,0.9969934,False,0,0,0,Data_from_ARETT
1760985638286,True,True,0.03324426,1.671364,0.05139539,-0.07567138,0.01667331,0.9969934,False,0,0,0,Data_from_ARETT
1760985638286,True,True,0.03324426,1.671364,0.05139539,-0.07567138,0.01667331,0.9969934,False,0,0,0,Data_from_ARETT
1760985638320,True,True,0.03335173,1.676114,0.04902356,-0.07124356,0.03493192,0.9968471,False,0,0,0,Data_from_ARETT
1760985638320,True,True,0.03335173,1.676114,0.04902356,-0.07124356,0.03493192,0.9968471,False,0,0,0,Data_from_ARETT
1760985638320,True,True,0.03335173,1.676114,0.04902356,-0.07124356,0.03493192,0.9968471,False,0,0,0,Data_from_ARETT
1760985638354,True,True,0.03348779,1.67727,0.05370988,-0.07167215,0.07799648,0.994374,False,0,0,0,Data_from_ARETT
1760985638354,True,True,0.03348779,1.67727,0.05370988,-0.07167215,0.07799648,0.994374,False,0,0,0,Data_from_ARETT
1760985638354,True,True,0.03348779,1.67727,0.05370988,-0.07167215,0.07799648,0.994374,False,0,0,0,Data_from_ARETT
1760985638388,True,True,0.0333371,1.681246,0.04974008,-0.07460441,0.1061134,0.9915514,True,-0.06744021,1.824587,1.38915,Data_from_ARETT
1760985638388,True,True,0.0333371,1.681246,0.04974008,-0.07460441,0.1061134,0.9915514,True,-0.06744021,1.824587,1.38915,Data_from_ARETT
1760985638388,True,True,0.0333371,1.681246,0.04974008,-0.07460441,0.1061134,0.9915514,True,-0.06744021,1.824587,1.38915,Data_from_ARETT
1760985638423,True,True,0.03298442,1.685376,0.05032476,-0.07716255,0.1122737,0.9906768,True,-0.07122373,1.837002,1.388235,Data_from_ARETT
1760985638423,True,True,0.03298442,1.685376,0.05032476,-0.07716255,0.1122737,0.9906768,True,-0.07122373,1.837002,1.388235,Data_from_ARETT
1760985638423,True,True,0.03298442,1.685376,0.05032476,-0.07716255,0.1122737,0.9906768,True,-0.07122373,1.837002,1.388235,Data_from_ARETT
1760985638456,True,True,0.03177397,1.688559,0.05362596,-0.08303168,0.2184578,0.9723075,False,0,0,0,Data_from_ARETT
1760985638456,True,True,0.03177397,1.688559,0.05362596,-0.08303168,0.2184578,0.9723075,False,0,0,0,Data_from_ARETT
1760985638456,True,True,0.03177397,1.688559,0.05362596,-0.08303168,0.2184578,0.9723075,False,0,0,0,Data_from_ARETT
1760985638491,True,True,0.03309643,1.692711,0.04357912,-0.08181199,0.2446232,0.9661606,False,0,0,0,Data_from_ARETT
1760985638491,True,True,0.03309643,1.692711,0.04357912,-0.08181199,0.2446232,0.9661606,False,0,0,0,Data_from_ARETT
1760985638491,True,True,0.03309643,1.692711,0.04357912,-0.08181199,0.2446232,0.9661606,False,0,0,0,Data_from_ARETT
1760985638525,True,True,0.03599107,1.694406,0.04081983,-0.08589669,0.2182893,0.9720964,False,0,0,0,Data_from_ARETT
1760985638525,True,True,0.03599107,1.694406,0.04081983,-0.08589669,0.2182893,0.9720964,False,0,0,0,Data_from_ARETT
1760985638525,True,True,0.03599107,1.694406,0.04081983,-0.08589669,0.2182893,0.9720964,False,0,0,0,Data_from_ARETT
1760985638559,True,True,0.03340847,1.693475,0.04514664,-0.09380747,0.2656043,0.9595075,False,0,0,0,Data_from_ARETT
1760985638559,True,True,0.03340847,1.693475,0.04514664,-0.09380747,0.2656043,0.9595075,False,0,0,0,Data_from_ARETT
1760985638559,True,True,0.03340847,1.693475,0.04514664,-0.09380747,0.2656043,0.9595075,False,0,0,0,Data_from_ARETT
1760985638593,True,True,0.03428645,1.693895,0.03838442,-0.08618499,0.264,0.9606645,False,0,0,0,Data_from_ARETT
1760985638593,True,True,0.03428645,1.693895,0.03838442,-0.08618499,0.264,0.9606645,False,0,0,0,Data_from_ARETT
1760985638593,True,True,0.03428645,1.693895,0.03838442,-0.08618499,0.264,0.9606645,False,0,0,0,Data_from_ARETT
1760985638628,True,True,0.0362966,1.689555,0.03746759,-0.0867326,0.2147207,0.9728168,False,0,0,0,Data_from_ARETT
1760985638628,True,True,0.0362966,1.689555,0.03746759,-0.0867326,0.2147207,0.9728168,False,0,0,0,Data_from_ARETT
1760985638628,True,True,0.0362966,1.689555,0.03746759,-0.0867326,0.2147207,0.9728168,False,0,0,0,Data_from_ARETT
1760985638661,True,True,0.03548763,1.686511,0.03739873,-0.09030459,0.1841324,0.9787443,False,0,0,0,Data_from_ARETT
1760985638661,True,True,0.03548763,1.686511,0.03739873,-0.09030459,0.1841324,0.9787443,False,0,0,0,Data_from_ARETT
1760985638661,True,True,0.03548763,1.686511,0.03739873,-0.09030459,0.1841324,0.9787443,False,0,0,0,Data_from_ARETT
1760985638695,True,True,0.03476166,1.684606,0.03691333,-0.0906173,0.1542323,0.9838704,False,0,0,0,Data_from_ARETT
1760985638695,True,True,0.03476166,1.684606,0.03691333,-0.0906173,0.1542323,0.9838704,False,0,0,0,Data_from_ARETT
1760985638695,True,True,0.03476166,1.684606,0.03691333,-0.0906173,0.1542323,0.9838704,False,0,0,0,Data_from_ARETT
1760985638729,True,True,0.03331907,1.683904,0.04034261,-0.09524104,0.1609156,0.9823621,False,0,0,0,Data_from_ARETT
1760985638729,True,True,0.03331907,1.683904,0.04034261,-0.09524104,0.1609156,0.9823621,False,0,0,0,Data_from_ARETT
1760985638729,True,True,0.03331907,1.683904,0.04034261,-0.09524104,0.1609156,0.9823621,False,0,0,0,Data_from_ARETT
1760985638763,True,True,0.03292102,1.685065,0.03775484,-0.09995463,0.1787698,0.9788005,False,0,0,0,Data_from_ARETT
1760985638763,True,True,0.03292102,1.685065,0.03775484,-0.09995463,0.1787698,0.9788005,False,0,0,0,Data_from_ARETT
1760985638763,True,True,0.03292102,1.685065,0.03775484,-0.09995463,0.1787698,0.9788005,False,0,0,0,Data_from_ARETT
1760985638797,True,True,0.03191298,1.685081,0.03588811,-0.1020228,0.1718836,0.9798201,False,0,0,0,Data_from_ARETT
1760985638797,True,True,0.03191298,1.685081,0.03588811,-0.1020228,0.1718836,0.9798201,False,0,0,0,Data_from_ARETT
1760985638797,True,True,0.03191298,1.685081,0.03588811,-0.1020228,0.1718836,0.9798201,False,0,0,0,Data_from_ARETT
1760985638831,True,True,0.03124565,1.684193,0.03478389,-0.1042645,0.156265,0.9821966,False,0,0,0,Data_from_ARETT
1760985638831,True,True,0.03124565,1.684193,0.03478389,-0.1042645,0.156265,0.9821966,False,0,0,0,Data_from_ARETT
1760985638831,True,True,0.03124565,1.684193,0.03478389,-0.1042645,0.156265,0.9821966,False,0,0,0,Data_from_ARETT
1760985638865,True,True,0.03045616,1.682036,0.03488185,-0.1097069,0.1280971,0.9856752,False,0,0,0,Data_from_ARETT
1760985638865,True,True,0.03045616,1.682036,0.03488185,-0.1097069,0.1280971,0.9856752,False,0,0,0,Data_from_ARETT
1760985638865,True,True,0.03045616,1.682036,0.03488185,-0.1097069,0.1280971,0.9856752,False,0,0,0,Data_from_ARETT
1760985638899,True,True,0.02934713,1.680634,0.03504209,-0.119075,0.09463444,0.9883651,False,0,0,0,Data_from_ARETT
1760985638899,True,True,0.02934713,1.680634,0.03504209,-0.119075,0.09463444,0.9883651,False,0,0,0,Data_from_ARETT
1760985638899,True,True,0.02934713,1.680634,0.03504209,-0.119075,0.09463444,0.9883651,False,0,0,0,Data_from_ARETT
1760985638933,True,True,0.02687715,1.679169,0.04022905,-0.1268536,0.09329069,0.9875247,False,0,0,0,Data_from_ARETT
1760985638933,True,True,0.02687715,1.679169,0.04022905,-0.1268536,0.09329069,0.9875247,False,0,0,0,Data_from_ARETT
1760985638933,True,True,0.02687715,1.679169,0.04022905,-0.1268536,0.09329069,0.9875247,False,0,0,0,Data_from_ARETT
1760985638967,True,True,0.02605623,1.680706,0.03858494,-0.1282779,0.1137789,0.9851899,True,-0.1471761,1.834359,1.369031,Data_from_ARETT
1760985638967,True,True,0.02605623,1.680706,0.03858494,-0.1282779,0.1137789,0.9851899,True,-0.1471761,1.834359,1.369031,Data_from_ARETT
1760985638967,True,True,0.02605623,1.680706,0.03858494,-0.1282779,0.1137789,0.9851899,True,-0.1471761,1.834359,1.369031,Data_from_ARETT
1760985639002,True,True,0.02730468,1.680875,0.03746238,-0.1266626,0.09637726,0.9872528,False,0,0,0,Data_from_ARETT
1760985639002,True,True,0.02730468,1.680875,0.03746238,-0.1266626,0.09637726,0.9872528,False,0,0,0,Data_from_ARETT
1760985639002,True,True,0.02730468,1.680875,0.03746238,-0.1266626,0.09637726,0.9872528,False,0,0,0,Data_from_ARETT
1760985639036,True,True,0.02720369,1.679014,0.03966837,-0.1280027,0.08518938,0.9881083,False,0,0,0,Data_from_ARETT
1760985639036,True,True,0.02720369,1.679014,0.03966837,-0.1280027,0.08518938,0.9881083,False,0,0,0,Data_from_ARETT
1760985639036,True,True,0.02720369,1.679014,0.03966837,-0.1280027,0.08518938,0.9881083,False,0,0,0,Data_from_ARETT
1760985639070,True,True,0.02622347,1.678744,0.03770326,-0.1254646,0.06440753,0.9900052,False,0,0,0,Data_from_ARETT
1760985639070,True,True,0.02622347,1.678744,0.03770326,-0.1254646,0.06440753,0.9900052,False,0,0,0,Data_from_ARETT
1760985639070,True,True,0.02622347,1.678744,0.03770326,-0.1254646,0.06440753,0.9900052,False,0,0,0,Data_from_ARETT
1760985639104,True,True,0.02613318,1.676069,0.0417406,-0.1216619,0.04779652,0.9914201,False,0,0,0,Data_from_ARETT
1760985639104,True,True,0.02613318,1.676069,0.0417406,-0.1216619,0.04779652,0.9914201,False,0,0,0,Data_from_ARETT
1760985639104,True,True,0.02613318,1.676069,0.0417406,-0.1216619,0.04779652,0.9914201,False,0,0,0,Data_from_ARETT
1760985639137,True,True,0.0268221,1.676022,0.04208283,-0.1206532,0.05750031,0.991028,False,0,0,0,Data_from_ARETT
1760985639137,True,True,0.0268221,1.676022,0.04208283,-0.1206532,0.05750031,0.991028,False,0,0,0,Data_from_ARETT
1760985639137,True,True,0.0268221,1.676022,0.04208283,-0.1206532,0.05750031,0.991028,False,0,0,0,Data_from_ARETT
1760985639172,True,True,0.02720639,1.675608,0.04023776,-0.1180659,0.05060803,0.9917153,False,0,0,0,Data_from_ARETT
1760985639172,True,True,0.02720639,1.675608,0.04023776,-0.1180659,0.05060803,0.9917153,False,0,0,0,Data_from_ARETT
1760985639172,True,True,0.02720639,1.675608,0.04023776,-0.1180659,0.05060803,0.9917153,False,0,0,0,Data_from_ARETT
1760985639206,True,True,0.02868199,1.674336,0.04069809,-0.1160652,0.02978419,0.9927949,False,0,0,0,Data_from_ARETT
1760985639206,True,True,0.02868199,1.674336,0.04069809,-0.1160652,0.02978419,0.9927949,False,0,0,0,Data_from_ARETT
1760985639206,True,True,0.02868199,1.674336,0.04069809,-0.1160652,0.02978419,0.9927949,False,0,0,0,Data_from_ARETT
1760985639240,True,True,0.02858263,1.673443,0.04286899,-0.1219042,0.0270153,0.9921741,False,0,0,0,Data_from_ARETT
1760985639240,True,True,0.02858263,1.673443,0.04286899,-0.1219042,0.0270153,0.9921741,False,0,0,0,Data_from_ARETT
1760985639240,True,True,0.02858263,1.673443,0.04286899,-0.1219042,0.0270153,0.9921741,False,0,0,0,Data_from_ARETT
1760985639274,True,True,0.0279731,1.673368,0.04245346,-0.1288186,0.03369094,0.9910957,False,0,0,0,Data_from_ARETT
1760985639274,True,True,0.0279731,1.673368,0.04245346,-0.1288186,0.03369094,0.9910957,False,0,0,0,Data_from_ARETT
1760985639274,True,True,0.0279731,1.673368,0.04245346,-0.1288186,0.03369094,0.9910957,False,0,0,0,Data_from_ARETT
1760985639308,True,True,0.0274692,1.674019,0.04106503,-0.1314716,0.02436264,0.9910205,False,0,0,0,Data_from_ARETT
1760985639308,True,True,0.0274692,1.674019,0.04106503,-0.1314716,0.02436264,0.9910205,False,0,0,0,Data_from_ARETT
1760985639308,True,True,0.0274692,1.674019,0.04106503,-0.1314716,0.02436264,0.9910205,False,0,0,0,Data_from_ARETT
1760985639342,True,True,0.02708587,1.673986,0.04257886,-0.1339139,0.03193581,0.9904783,False,0,0,0,Data_from_ARETT
1760985639342,True,True,0.02708587,1.673986,0.04257886,-0.1339139,0.03193581,0.9904783,False,0,0,0,Data_from_ARETT
1760985639342,True,True,0.02708587,1.673986,0.04257886,-0.1339139,0.03193581,0.9904783,False,0,0,0,Data_from_ARETT
1760985639376,True,True,0.02632365,1.675225,0.04165739,-0.1399584,0.04344386,0.9892039,False,0,0,0,Data_from_ARETT
1760985639376,True,True,0.02632365,1.675225,0.04165739,-0.1399584,0.04344386,0.9892039,False,0,0,0,Data_from_ARETT
1760985639376,True,True,0.02632365,1.675225,0.04165739,-0.1399584,0.04344386,0.9892039,False,0,0,0,Data_from_ARETT
1760985639410,True,True,0.02375499,1.676143,0.04053858,-0.1529667,0.04911287,0.9870102,False,0,0,0,Data_from_ARETT
1760985639410,True,True,0.02375499,1.676143,0.04053858,-0.1529667,0.04911287,0.9870102,False,0,0,0,Data_from_ARETT
1760985639410,True,True,0.02375499,1.676143,0.04053858,-0.1529667,0.04911287,0.9870102,False,0,0,0,Data_from_ARETT
1760985639444,True,True,0.02138418,1.676156,0.04145781,-0.1671358,0.05480441,0.9844095,False,0,0,0,Data_from_ARETT
1760985639444,True,True,0.02138418,1.676156,0.04145781,-0.1671358,0.05480441,0.9844095,False,0,0,0,Data_from_ARETT
1760985639444,True,True,0.02138418,1.676156,0.04145781,-0.1671358,0.05480441,0.9844095,False,0,0,0,Data_from_ARETT
1760985639478,True,True,0.01869819,1.6768,0.04033954,-0.1845053,0.05704407,0.9811747,False,0,0,0,Data_from_ARETT
1760985639478,True,True,0.01869819,1.6768,0.04033954,-0.1845053,0.05704407,0.9811747,False,0,0,0,Data_from_ARETT
1760985639478,True,True,0.01869819,1.6768,0.04033954,-0.1845053,0.05704407,0.9811747,False,0,0,0,Data_from_ARETT
1760985639512,True,True,0.01596367,1.677299,0.0395061,-0.200106,0.05413374,0.9782776,False,0,0,0,Data_from_ARETT
1760985639512,True,True,0.01596367,1.677299,0.0395061,-0.200106,0.05413374,0.9782776,False,0,0,0,Data_from_ARETT
1760985639512,True,True,0.01596367,1.677299,0.0395061,-0.200106,0.05413374,0.9782776,False,0,0,0,Data_from_ARETT
1760985639546,True,True,0.01245502,1.676651,0.04168618,-0.2080016,0.06307633,0.9760926,False,0,0,0,Data_from_ARETT
1760985639546,True,True,0.01245502,1.676651,0.04168618,-0.2080016,0.06307633,0.9760926,False,0,0,0,Data_from_ARETT
1760985639546,True,True,0.01245502,1.676651,0.04168618,-0.2080016,0.06307633,0.9760926,False,0,0,0,Data_from_ARETT
1760985639581,True,True,0.01030381,1.677964,0.03976571,-0.2081414,0.07188448,0.9754536,False,0,0,0,Data_from_ARETT
1760985639581,True,True,0.01030381,1.677964,0.03976571,-0.2081414,0.07188448,0.9754536,False,0,0,0,Data_from_ARETT
1760985639581,True,True,0.01030381,1.677964,0.03976571,-0.2081414,0.07188448,0.9754536,False,0,0,0,Data_from_ARETT
1760985639614,True,True,0.008711941,1.677617,0.03867285,-0.2074004,0.06751548,0.9759235,False,0,0,0,Data_from_ARETT
1760985639614,True,True,0.008711941,1.677617,0.03867285,-0.2074004,0.06751548,0.9759235,False,0,0,0,Data_from_ARETT
1760985639614,True,True,0.008711941,1.677617,0.03867285,-0.2074004,0.06751548,0.9759235,False,0,0,0,Data_from_ARETT
1760985639648,True,True,0.005714019,1.676255,0.03952677,-0.2108933,0.06056127,0.9756312,False,0,0,0,Data_from_ARETT
1760985639648,True,True,0.005714019,1.676255,0.03952677,-0.2108933,0.06056127,0.9756312,False,0,0,0,Data_from_ARETT
1760985639648,True,True,0.005714019,1.676255,0.03952677,-0.2108933,0.06056127,0.9756312,False,0,0,0,Data_from_ARETT
1760985639683,True,True,0.003577376,1.676401,0.03836687,-0.2182317,0.06421898,0.9737817,False,0,0,0,Data_from_ARETT
1760985639683,True,True,0.003577376,1.676401,0.03836687,-0.2182317,0.06421898,0.9737817,False,0,0,0,Data_from_ARETT
1760985639683,True,True,0.003577376,1.676401,0.03836687,-0.2182317,0.06421898,0.9737817,False,0,0,0,Data_from_ARETT
1760985639716,True,True,0.001534165,1.676118,0.0367527,-0.2216264,0.06645949,0.9728643,False,0,0,0,Data_from_ARETT
1760985639716,True,True,0.001534165,1.676118,0.0367527,-0.2216264,0.06645949,0.9728643,False,0,0,0,Data_from_ARETT
1760985639716,True,True,0.001534165,1.676118,0.0367527,-0.2216264,0.06645949,0.9728643,False,0,0,0,Data_from_ARETT
1760985639751,True,True,6.646197E-05,1.675072,0.03656083,-0.2234332,0.06012392,0.9728631,False,0,0,0,Data_from_ARETT
1760985639751,True,True,6.646197E-05,1.675072,0.03656083,-0.2234332,0.06012392,0.9728631,False,0,0,0,Data_from_ARETT
1760985639751,True,True,6.646197E-05,1.675072,0.03656083,-0.2234332,0.06012392,0.9728631,False,0,0,0,Data_from_ARETT
1760985639785,True,True,-0.002346332,1.674376,0.038469,-0.2297572,0.06052927,0.9713639,False,0,0,0,Data_from_ARETT
1760985639785,True,True,-0.002346332,1.674376,0.038469,-0.2297572,0.06052927,0.9713639,False,0,0,0,Data_from_ARETT
1760985639785,True,True,-0.002346332,1.674376,0.038469,-0.2297572,0.06052927,0.9713639,False,0,0,0,Data_from_ARETT
1760985639820,True,True,-0.003538319,1.676001,0.03679647,-0.2355035,0.08331878,0.9682955,False,0,0,0,Data_from_ARETT
1760985639820,True,True,-0.003538319,1.676001,0.03679647,-0.2355035,0.08331878,0.9682955,False,0,0,0,Data_from_ARETT
1760985639820,True,True,-0.003538319,1.676001,0.03679647,-0.2355035,0.08331878,0.9682955,False,0,0,0,Data_from_ARETT
1760985639853,True,True,-0.00400843,1.675909,0.03532839,-0.2379582,0.07616246,0.9682847,False,0,0,0,Data_from_ARETT
1760985639853,True,True,-0.00400843,1.675909,0.03532839,-0.2379582,0.07616246,0.9682847,False,0,0,0,Data_from_ARETT
1760985639853,True,True,-0.00400843,1.675909,0.03532839,-0.2379582,0.07616246,0.9682847,False,0,0,0,Data_from_ARETT
1760985639888,True,True,-0.005273414,1.674865,0.03576486,-0.2437752,0.06477968,0.9676659,False,0,0,0,Data_from_ARETT
1760985639888,True,True,-0.005273414,1.674865,0.03576486,-0.2437752,0.06477968,0.9676659,False,0,0,0,Data_from_ARETT
1760985639888,True,True,-0.005273414,1.674865,0.03576486,-0.2437752,0.06477968,0.9676659,False,0,0,0,Data_from_ARETT
1760985639922,True,True,-0.006156128,1.675095,0.03581814,-0.2516422,0.06378488,0.9657162,False,0,0,0,Data_from_ARETT
1760985639922,True,True,-0.006156128,1.675095,0.03581814,-0.2516422,0.06378488,0.9657162,False,0,0,0,Data_from_ARETT
1760985639922,True,True,-0.006156128,1.675095,0.03581814,-0.2516422,0.06378488,0.9657162,False,0,0,0,Data_from_ARETT
1760985639955,True,True,-0.007727234,1.675205,0.03624898,-0.2573959,0.07540326,0.9633596,False,0,0,0,Data_from_ARETT
1760985639955,True,True,-0.007727234,1.675205,0.03624898,-0.2573959,0.07540326,0.9633596,False,0,0,0,Data_from_ARETT
1760985639955,True,True,-0.007727234,1.675205,0.03624898,-0.2573959,0.07540326,0.9633596,False,0,0,0,Data_from_ARETT
1760985639990,True,True,-0.007874219,1.67544,0.03561942,-0.2645217,0.07661912,0.9613312,False,0,0,0,Data_from_ARETT
1760985639990,True,True,-0.007874219,1.67544,0.03561942,-0.2645217,0.07661912,0.9613312,False,0,0,0,Data_from_ARETT
1760985639990,True,True,-0.007874219,1.67544,0.03561942,-0.2645217,0.07661912,0.9613312,False,0,0,0,Data_from_ARETT
1760985640025,True,True,-0.008252044,1.675496,0.03547245,-0.2700068,0.07100223,0.960237,False,0,0,0,Data_from_ARETT
1760985640025,True,True,-0.008252044,1.675496,0.03547245,-0.2700068,0.07100223,0.960237,False,0,0,0,Data_from_ARETT
1760985640025,True,True,-0.008252044,1.675496,0.03547245,-0.2700068,0.07100223,0.960237,False,0,0,0,Data_from_ARETT
1760985640059,True,True,-0.009891571,1.675139,0.03615063,-0.2757727,0.06900557,0.9587427,False,0,0,0,Data_from_ARETT
1760985640059,True,True,-0.009891571,1.675139,0.03615063,-0.2757727,0.06900557,0.9587427,False,0,0,0,Data_from_ARETT
1760985640059,True,True,-0.009891571,1.675139,0.03615063,-0.2757727,0.06900557,0.9587427,False,0,0,0,Data_from_ARETT
1760985640092,True,True,-0.01015039,1.675276,0.03603751,-0.2836286,0.06708764,0.9565846,False,0,0,0,Data_from_ARETT
1760985640092,True,True,-0.01015039,1.675276,0.03603751,-0.2836286,0.06708764,0.9565846,False,0,0,0,Data_from_ARETT
1760985640092,True,True,-0.01015039,1.675276,0.03603751,-0.2836286,0.06708764,0.9565846,False,0,0,0,Data_from_ARETT
1760985640127,True,True,-0.0117655,1.67479,0.03661506,-0.2886588,0.06216252,0.9554119,False,0,0,0,Data_from_ARETT
1760985640127,True,True,-0.0117655,1.67479,0.03661506,-0.2886588,0.06216252,0.9554119,False,0,0,0,Data_from_ARETT
1760985640127,True,True,-0.0117655,1.67479,0.03661506,-0.2886588,0.06216252,0.9554119,False,0,0,0,Data_from_ARETT
1760985640161,True,True,-0.01213698,1.674303,0.03684706,-0.2941467,0.05916289,0.9539274,False,0,0,0,Data_from_ARETT
1760985640161,True,True,-0.01213698,1.674303,0.03684706,-0.2941467,0.05916289,0.9539274,False,0,0,0,Data_from_ARETT
1760985640161,True,True,-0.01213698,1.674303,0.03684706,-0.2941467,0.05916289,0.9539274,False,0,0,0,Data_from_ARETT
1760985640195,True,True,-0.01248941,1.673862,0.03719662,-0.299501,0.05197012,0.9526795,False,0,0,0,Data_from_ARETT
1760985640195,True,True,-0.01248941,1.673862,0.03719662,-0.299501,0.05197012,0.9526795,False,0,0,0,Data_from_ARETT
1760985640195,True,True,-0.01248941,1.673862,0.03719662,-0.299501,0.05197012,0.9526795,False,0,0,0,Data_from_ARETT
1760985640229,True,True,-0.01376833,1.673529,0.0370983,-0.3008966,0.04914233,0.9523898,False,0,0,0,Data_from_ARETT
1760985640229,True,True,-0.01376833,1.673529,0.0370983,-0.3008966,0.04914233,0.9523898,False,0,0,0,Data_from_ARETT
1760985640229,True,True,-0.01376833,1.673529,0.0370983,-0.3008966,0.04914233,0.9523898,False,0,0,0,Data_from_ARETT
1760985640263,True,True,-0.01332597,1.673248,0.03673989,-0.3045424,0.04836752,0.9512699,False,0,0,0,Data_from_ARETT
1760985640263,True,True,-0.01332597,1.673248,0.03673989,-0.3045424,0.04836752,0.9512699,False,0,0,0,Data_from_ARETT
1760985640263,True,True,-0.01332597,1.673248,0.03673989,-0.3045424,0.04836752,0.9512699,False,0,0,0,Data_from_ARETT
1760985640298,True,True,-0.01338127,1.672647,0.03691345,-0.3005162,0.04256891,0.9528263,False,0,0,0,Data_from_ARETT
1760985640298,True,True,-0.01338127,1.672647,0.03691345,-0.3005162,0.04256891,0.9528263,False,0,0,0,Data_from_ARETT
1760985640298,True,True,-0.01338127,1.672647,0.03691345,-0.3005162,0.04256891,0.9528263,False,0,0,0,Data_from_ARETT
1760985640332,True,True,-0.01281866,1.672536,0.03726326,-0.2980751,0.03734606,0.9538115,False,0,0,0,Data_from_ARETT
1760985640332,True,True,-0.01281866,1.672536,0.03726326,-0.2980751,0.03734606,0.9538115,False,0,0,0,Data_from_ARETT
1760985640332,True,True,-0.01281866,1.672536,0.03726326,-0.2980751,0.03734606,0.9538115,False,0,0,0,Data_from_ARETT
1760985640366,True,True,-0.01274414,1.672364,0.03776091,-0.2997908,0.04063614,0.9531391,False,0,0,0,Data_from_ARETT
1760985640366,True,True,-0.01274414,1.672364,0.03776091,-0.2997908,0.04063614,0.9531391,False,0,0,0,Data_from_ARETT
1760985640366,True,True,-0.01274414,1.672364,0.03776091,-0.2997908,0.04063614,0.9531391,False,0,0,0,Data_from_ARETT
1760985640400,True,True,-0.01272127,1.672622,0.03685508,-0.2969581,0.03896118,0.9540954,False,0,0,0,Data_from_ARETT
1760985640400,True,True,-0.01272127,1.672622,0.03685508,-0.2969581,0.03896118,0.9540954,False,0,0,0,Data_from_ARETT
1760985640400,True,True,-0.01272127,1.672622,0.03685508,-0.2969581,0.03896118,0.9540954,False,0,0,0,Data_from_ARETT
1760985640434,True,True,-0.0124162,1.672484,0.03683762,-0.2993729,0.03650068,0.9534377,False,0,0,0,Data_from_ARETT
1760985640434,True,True,-0.0124162,1.672484,0.03683762,-0.2993729,0.03650068,0.9534377,False,0,0,0,Data_from_ARETT
1760985640434,True,True,-0.0124162,1.672484,0.03683762,-0.2993729,0.03650068,0.9534377,False,0,0,0,Data_from_ARETT
1760985640468,True,True,-0.01260152,1.672373,0.03688035,-0.303795,0.03857032,0.9519564,False,0,0,0,Data_from_ARETT
1760985640468,True,True,-0.01260152,1.672373,0.03688035,-0.303795,0.03857032,0.9519564,False,0,0,0,Data_from_ARETT
1760985640468,True,True,-0.01260152,1.672373,0.03688035,-0.303795,0.03857032,0.9519564,False,0,0,0,Data_from_ARETT
1760985640502,True,True,-0.01262356,1.67269,0.03661785,-0.3044867,0.03735324,0.9517839,False,0,0,0,Data_from_ARETT
1760985640502,True,True,-0.01262356,1.67269,0.03661785,-0.3044867,0.03735324,0.9517839,False,0,0,0,Data_from_ARETT
1760985640502,True,True,-0.01262356,1.67269,0.03661785,-0.3044867,0.03735324,0.9517839,False,0,0,0,Data_from_ARETT
1760985640535,True,True,-0.01260011,1.672775,0.03642977,-0.3132231,0.03924849,0.9488682,False,0,0,0,Data_from_ARETT
1760985640535,True,True,-0.01260011,1.672775,0.03642977,-0.3132231,0.03924849,0.9488682,False,0,0,0,Data_from_ARETT
1760985640535,True,True,-0.01260011,1.672775,0.03642977,-0.3132231,0.03924849,0.9488682,False,0,0,0,Data_from_ARETT
1760985640571,True,True,-0.01213629,1.67289,0.03596339,-0.3277173,0.0360904,0.9440863,False,0,0,0,Data_from_ARETT
1760985640571,True,True,-0.01213629,1.67289,0.03596339,-0.3277173,0.0360904,0.9440863,False,0,0,0,Data_from_ARETT
1760985640571,True,True,-0.01213629,1.67289,0.03596339,-0.3277173,0.0360904,0.9440863,False,0,0,0,Data_from_ARETT
1760985640605,True,True,-0.01258959,1.672631,0.03544971,-0.3310351,0.03343494,0.9430259,False,0,0,0,Data_from_ARETT
1760985640605,True,True,-0.01258959,1.672631,0.03544971,-0.3310351,0.03343494,0.9430259,False,0,0,0,Data_from_ARETT
1760985640605,True,True,-0.01258959,1.672631,0.03544971,-0.3310351,0.03343494,0.9430259,False,0,0,0,Data_from_ARETT
1760985640639,True,True,-0.01304191,1.672228,0.03550225,-0.3383942,0.03128882,0.9404841,False,0,0,0,Data_from_ARETT
1760985640639,True,True,-0.01304191,1.672228,0.03550225,-0.3383942,0.03128882,0.9404841,False,0,0,0,Data_from_ARETT
1760985640639,True,True,-0.01304191,1.672228,0.03550225,-0.3383942,0.03128882,0.9404841,False,0,0,0,Data_from_ARETT
1760985640673,True,True,-0.01302776,1.672472,0.03453159,-0.3536394,0.02698761,0.9349924,False,0,0,0,Data_from_ARETT
1760985640673,True,True,-0.01302776,1.672472,0.03453159,-0.3536394,0.02698761,0.9349924,False,0,0,0,Data_from_ARETT
1760985640673,True,True,-0.01302776,1.672472,0.03453159,-0.3536394,0.02698761,0.9349924,False,0,0,0,Data_from_ARETT
1760985640706,True,True,-0.01341054,1.672446,0.0342542,-0.3571004,0.03037222,0.9335721,False,0,0,0,Data_from_ARETT
1760985640706,True,True,-0.01341054,1.672446,0.0342542,-0.3571004,0.03037222,0.9335721,False,0,0,0,Data_from_ARETT
1760985640706,True,True,-0.01341054,1.672446,0.0342542,-0.3571004,0.03037222,0.9335721,False,0,0,0,Data_from_ARETT
1760985640741,True,True,-0.01337724,1.672217,0.03387666,-0.3609,0.02948963,0.9321381,False,0,0,0,Data_from_ARETT
1760985640741,True,True,-0.01337724,1.672217,0.03387666,-0.3609,0.02948963,0.9321381,False,0,0,0,Data_from_ARETT
1760985640741,True,True,-0.01337724,1.672217,0.03387666,-0.3609,0.02948963,0.9321381,False,0,0,0,Data_from_ARETT
1760985640775,True,True,-0.01324042,1.672203,0.03375233,-0.3670577,0.02591194,0.9298372,False,0,0,0,Data_from_ARETT
1760985640775,True,True,-0.01324042,1.672203,0.03375233,-0.3670577,0.02591194,0.9298372,False,0,0,0,Data_from_ARETT
1760985640775,True,True,-0.01324042,1.672203,0.03375233,-0.3670577,0.02591194,0.9298372,False,0,0,0,Data_from_ARETT
1760985640809,True,True,-0.01316666,1.672634,0.03323385,-0.3639685,0.02832797,0.9309804,False,0,0,0,Data_from_ARETT
1760985640809,True,True,-0.01316666,1.672634,0.03323385,-0.3639685,0.02832797,0.9309804,False,0,0,0,Data_from_ARETT
1760985640809,True,True,-0.01316666,1.672634,0.03323385,-0.3639685,0.02832797,0.9309804,False,0,0,0,Data_from_ARETT
1760985640843,True,True,-0.01273424,1.67278,0.03332894,-0.3616982,0.03076298,0.9317876,False,0,0,0,Data_from_ARETT
1760985640843,True,True,-0.01273424,1.67278,0.03332894,-0.3616982,0.03076298,0.9317876,False,0,0,0,Data_from_ARETT
1760985640843,True,True,-0.01273424,1.67278,0.03332894,-0.3616982,0.03076298,0.9317876,False,0,0,0,Data_from_ARETT
1760985640877,True,True,-0.01249072,1.67294,0.03306088,-0.3613669,0.03250558,0.9318569,False,0,0,0,Data_from_ARETT
1760985640877,True,True,-0.01249072,1.67294,0.03306088,-0.3613669,0.03250558,0.9318569,False,0,0,0,Data_from_ARETT
1760985640877,True,True,-0.01249072,1.67294,0.03306088,-0.3613669,0.03250558,0.9318569,False,0,0,0,Data_from_ARETT
1760985640911,True,True,-0.01257506,1.672844,0.0330199,-0.3625786,0.03148444,0.9314212,False,0,0,0,Data_from_ARETT
1760985640911,True,True,-0.01257506,1.672844,0.0330199,-0.3625786,0.03148444,0.9314212,False,0,0,0,Data_from_ARETT
1760985640911,True,True,-0.01257506,1.672844,0.0330199,-0.3625786,0.03148444,0.9314212,False,0,0,0,Data_from_ARETT
1760985640944,True,True,-0.01294926,1.672922,0.03241067,-0.3723674,0.02878102,0.9276391,False,0,0,0,Data_from_ARETT
1760985640944,True,True,-0.01294926,1.672922,0.03241067,-0.3723674,0.02878102,0.9276391,False,0,0,0,Data_from_ARETT
1760985640944,True,True,-0.01294926,1.672922,0.03241067,-0.3723674,0.02878102,0.9276391,False,0,0,0,Data_from_ARETT
1760985640979,True,True,-0.01364098,1.672897,0.03174883,-0.3849908,0.02830327,0.9224863,False,0,0,0,Data_from_ARETT
1760985640979,True,True,-0.01364098,1.672897,0.03174883,-0.3849908,0.02830327,0.9224863,False,0,0,0,Data_from_ARETT
1760985640979,True,True,-0.01364098,1.672897,0.03174883,-0.3849908,0.02830327,0.9224863,False,0,0,0,Data_from_ARETT
1760985641013,True,True,-0.01406363,1.672857,0.03155741,-0.3907853,0.02819862,0.9200498,False,0,0,0,Data_from_ARETT
1760985641013,True,True,-0.01406363,1.672857,0.03155741,-0.3907853,0.02819862,0.9200498,False,0,0,0,Data_from_ARETT
1760985641013,True,True,-0.01406363,1.672857,0.03155741,-0.3907853,0.02819862,0.9200498,False,0,0,0,Data_from_ARETT
1760985641046,True,True,-0.01416535,1.673061,0.03125838,-0.3926294,0.0323475,0.9191277,False,0,0,0,Data_from_ARETT
1760985641046,True,True,-0.01416535,1.673061,0.03125838,-0.3926294,0.0323475,0.9191277,False,0,0,0,Data_from_ARETT
1760985641046,True,True,-0.01416535,1.673061,0.03125838,-0.3926294,0.0323475,0.9191277,False,0,0,0,Data_from_ARETT
1760985641081,True,True,-0.01361845,1.673677,0.03022842,-0.3973893,0.03125632,0.9171177,False,0,0,0,Data_from_ARETT
1760985641081,True,True,-0.01361845,1.673677,0.03022842,-0.3973893,0.03125632,0.9171177,False,0,0,0,Data_from_ARETT
1760985641081,True,True,-0.01361845,1.673677,0.03022842,-0.3973893,0.03125632,0.9171177,False,0,0,0,Data_from_ARETT
1760985641115,True,True,-0.01354521,1.673485,0.03038344,-0.3939053,0.03335846,0.9185455,False,0,0,0,Data_from_ARETT
1760985641115,True,True,-0.01354521,1.673485,0.03038344,-0.3939053,0.03335846,0.9185455,False,0,0,0,Data_from_ARETT
1760985641115,True,True,-0.01354521,1.673485,0.03038344,-0.3939053,0.03335846,0.9185455,False,0,0,0,Data_from_ARETT
1760985641149,True,True,-0.01353227,1.673643,0.03036877,-0.3917131,0.0369965,0.9193433,False,0,0,0,Data_from_ARETT
1760985641149,True,True,-0.01353227,1.673643,0.03036877,-0.3917131,0.0369965,0.9193433,False,0,0,0,Data_from_ARETT
1760985641149,True,True,-0.01353227,1.673643,0.03036877,-0.3917131,0.0369965,0.9193433,False,0,0,0,Data_from_ARETT
1760985641184,True,True,-0.01300281,1.674055,0.02921505,-0.3981969,0.03699312,0.9165537,False,0,0,0,Data_from_ARETT
1760985641184,True,True,-0.01300281,1.674055,0.02921505,-0.3981969,0.03699312,0.9165537,False,0,0,0,Data_from_ARETT
1760985641184,True,True,-0.01300281,1.674055,0.02921505,-0.3981969,0.03699312,0.9165537,False,0,0,0,Data_from_ARETT
1760985641218,True,True,-0.01334482,1.673655,0.02920431,-0.4032355,0.03481873,0.9144336,False,0,0,0,Data_from_ARETT
1760985641218,True,True,-0.01334482,1.673655,0.02920431,-0.4032355,0.03481873,0.9144336,False,0,0,0,Data_from_ARETT
1760985641218,True,True,-0.01334482,1.673655,0.02920431,-0.4032355,0.03481873,0.9144336,False,0,0,0,Data_from_ARETT
1760985641252,True,True,-0.01361894,1.673984,0.0289735,-0.4036701,0.03679961,0.9141642,False,0,0,0,Data_from_ARETT
1760985641252,True,True,-0.01361894,1.673984,0.0289735,-0.4036701,0.03679961,0.9141642,False,0,0,0,Data_from_ARETT
1760985641252,True,True,-0.01361894,1.673984,0.0289735,-0.4036701,0.03679961,0.9141642,False,0,0,0,Data_from_ARETT
1760985641285,True,True,-0.01332573,1.674467,0.0283161,-0.4046082,0.03946751,0.9136381,False,0,0,0,Data_from_ARETT
1760985641285,True,True,-0.01332573,1.674467,0.0283161,-0.4046082,0.03946751,0.9136381,False,0,0,0,Data_from_ARETT
1760985641285,True,True,-0.01332573,1.674467,0.0283161,-0.4046082,0.03946751,0.9136381,False,0,0,0,Data_from_ARETT
1760985641320,True,True,-0.01291691,1.674393,0.028185,-0.4044414,0.04126833,0.9136323,False,0,0,0,Data_from_ARETT
1760985641320,True,True,-0.01291691,1.674393,0.028185,-0.4044414,0.04126833,0.9136323,False,0,0,0,Data_from_ARETT
1760985641320,True,True,-0.01291691,1.674393,0.028185,-0.4044414,0.04126833,0.9136323,False,0,0,0,Data_from_ARETT
1760985641354,True,True,-0.01281045,1.674262,0.02764012,-0.4036279,0.03919621,0.9140832,False,0,0,0,Data_from_ARETT
1760985641354,True,True,-0.01281045,1.674262,0.02764012,-0.4036279,0.03919621,0.9140832,False,0,0,0,Data_from_ARETT
1760985641354,True,True,-0.01281045,1.674262,0.02764012,-0.4036279,0.03919621,0.9140832,False,0,0,0,Data_from_ARETT
1760985641388,True,True,-0.01266836,1.675156,0.02757869,-0.4042163,0.04007347,0.9137851,False,0,0,0,Data_from_ARETT
1760985641388,True,True,-0.01266836,1.675156,0.02757869,-0.4042163,0.04007347,0.9137851,False,0,0,0,Data_from_ARETT
1760985641388,True,True,-0.01266836,1.675156,0.02757869,-0.4042163,0.04007347,0.9137851,False,0,0,0,Data_from_ARETT
1760985641423,True,True,-0.01249018,1.67547,0.02711174,-0.4065216,0.04357542,0.9126014,False,0,0,0,Data_from_ARETT
1760985641423,True,True,-0.01249018,1.67547,0.02711174,-0.4065216,0.04357542,0.9126014,False,0,0,0,Data_from_ARETT
1760985641423,True,True,-0.01249018,1.67547,0.02711174,-0.4065216,0.04357542,0.9126014,False,0,0,0,Data_from_ARETT
1760985641457,True,True,-0.01237494,1.675937,0.02613373,-0.4109853,0.04523094,0.9105192,False,0,0,0,Data_from_ARETT
1760985641457,True,True,-0.01237494,1.675937,0.02613373,-0.4109853,0.04523094,0.9105192,False,0,0,0,Data_from_ARETT
1760985641457,True,True,-0.01237494,1.675937,0.02613373,-0.4109853,0.04523094,0.9105192,False,0,0,0,Data_from_ARETT
1760985641491,True,True,-0.01263428,1.676187,0.02589152,-0.4163634,0.04529958,0.9080691,False,0,0,0,Data_from_ARETT
1760985641491,True,True,-0.01263428,1.676187,0.02589152,-0.4163634,0.04529958,0.9080691,False,0,0,0,Data_from_ARETT
1760985641491,True,True,-0.01263428,1.676187,0.02589152,-0.4163634,0.04529958,0.9080691,False,0,0,0,Data_from_ARETT
1760985641524,True,True,-0.01302084,1.676756,0.02485221,-0.4263906,0.04823733,0.903252,False,0,0,0,Data_from_ARETT
1760985641524,True,True,-0.01302084,1.676756,0.02485221,-0.4263906,0.04823733,0.903252,False,0,0,0,Data_from_ARETT
1760985641524,True,True,-0.01302084,1.676756,0.02485221,-0.4263906,0.04823733,0.903252,False,0,0,0,Data_from_ARETT
1760985641558,True,True,-0.01325337,1.676765,0.02441684,-0.4360932,0.0510894,0.8984501,False,0,0,0,Data_from_ARETT
1760985641558,True,True,-0.01325337,1.676765,0.02441684,-0.4360932,0.0510894,0.8984501,False,0,0,0,Data_from_ARETT
1760985641558,True,True,-0.01325337,1.676765,0.02441684,-0.4360932,0.0510894,0.8984501,False,0,0,0,Data_from_ARETT
1760985641593,True,True,-0.01326476,1.677185,0.02350791,-0.4446267,0.05430008,0.8940686,False,0,0,0,Data_from_ARETT
1760985641593,True,True,-0.01326476,1.677185,0.02350791,-0.4446267,0.05430008,0.8940686,False,0,0,0,Data_from_ARETT
1760985641593,True,True,-0.01326476,1.677185,0.02350791,-0.4446267,0.05430008,0.8940686,False,0,0,0,Data_from_ARETT
1760985641627,True,True,-0.01331722,1.677626,0.02281839,-0.4491411,0.05757421,0.8916039,False,0,0,0,Data_from_ARETT
1760985641627,True,True,-0.01331722,1.677626,0.02281839,-0.4491411,0.05757421,0.8916039,False,0,0,0,Data_from_ARETT
1760985641627,True,True,-0.01331722,1.677626,0.02281839,-0.4491411,0.05757421,0.8916039,False,0,0,0,Data_from_ARETT
1760985641661,True,True,-0.01297522,1.678641,0.02153672,-0.4573928,0.0673693,0.8867092,False,0,0,0,Data_from_ARETT
1760985641661,True,True,-0.01297522,1.678641,0.02153672,-0.4573928,0.0673693,0.8867092,False,0,0,0,Data_from_ARETT
1760985641661,True,True,-0.01297522,1.678641,0.02153672,-0.4573928,0.0673693,0.8867092,False,0,0,0,Data_from_ARETT
1760985641695,True,True,-0.01267489,1.679034,0.02072191,-0.4620306,0.07199946,0.8839366,False,0,0,0,Data_from_ARETT
1760985641695,True,True,-0.01267489,1.679034,0.02072191,-0.4620306,0.07199946,0.8839366,False,0,0,0,Data_from_ARETT
1760985641695,True,True,-0.01267489,1.679034,0.02072191,-0.4620306,0.07199946,0.8839366,False,0,0,0,Data_from_ARETT
1760985641729,True,True,-0.01235608,1.679439,0.01994886,-0.4667231,0.07573611,0.8811547,False,0,0,0,Data_from_ARETT
1760985641729,True,True,-0.01235608,1.679439,0.01994886,-0.4667231,0.07573611,0.8811547,False,0,0,0,Data_from_ARETT
1760985641729,True,True,-0.01235608,1.679439,0.01994886,-0.4667231,0.07573611,0.8811547,False,0,0,0,Data_from_ARETT
1760985641763,True,True,-0.01234134,1.679596,0.01935475,-0.4707347,0.08202636,0.8784535,False,0,0,0,Data_from_ARETT
1760985641763,True,True,-0.01234134,1.679596,0.01935475,-0.4707347,0.08202636,0.8784535,False,0,0,0,Data_from_ARETT
1760985641763,True,True,-0.01234134,1.679596,0.01935475,-0.4707347,0.08202636,0.8784535,False,0,0,0,Data_from_ARETT
1760985641797,True,True,-0.01194297,1.680245,0.01821196,-0.4773585,0.08695827,0.8743953,False,0,0,0,Data_from_ARETT
1760985641797,True,True,-0.01194297,1.680245,0.01821196,-0.4773585,0.08695827,0.8743953,False,0,0,0,Data_from_ARETT
1760985641797,True,True,-0.01194297,1.680245,0.01821196,-0.4773585,0.08695827,0.8743953,False,0,0,0,Data_from_ARETT
1760985641831,True,True,-0.01154248,1.680812,0.01718712,-0.4805578,0.09272001,0.8720477,False,0,0,0,Data_from_ARETT
1760985641831,True,True,-0.01154248,1.680812,0.01718712,-0.4805578,0.09272001,0.8720477,False,0,0,0,Data_from_ARETT
1760985641831,True,True,-0.01154248,1.680812,0.01718712,-0.4805578,0.09272001,0.8720477,False,0,0,0,Data_from_ARETT
1760985641866,True,True,-0.011853,1.681161,0.0169988,-0.4871675,0.09986223,0.8675802,False,0,0,0,Data_from_ARETT
1760985641866,True,True,-0.011853,1.681161,0.0169988,-0.4871675,0.09986223,0.8675802,False,0,0,0,Data_from_ARETT
1760985641866,True,True,-0.011853,1.681161,0.0169988,-0.4871675,0.09986223,0.8675802,False,0,0,0,Data_from_ARETT
1760985641900,True,True,-0.01145937,1.682545,0.015171,-0.5025653,0.1123144,0.8572127,True,-0.690169,1.834224,1.172828,Data_from_ARETT
1760985641900,True,True,-0.01145937,1.682545,0.015171,-0.5025653,0.1123144,0.8572127,True,-0.690169,1.834224,1.172828,Data_from_ARETT
1760985641900,True,True,-0.01145937,1.682545,0.015171,-0.5025653,0.1123144,0.8572127,True,-0.690169,1.834224,1.172828,Data_from_ARETT
1760985641935,True,True,-0.0111403,1.683366,0.01401144,-0.5124728,0.1202816,0.8502375,True,-0.7030568,1.845764,1.161962,Data_from_ARETT
1760985641935,True,True,-0.0111403,1.683366,0.01401144,-0.5124728,0.1202816,0.8502375,True,-0.7030568,1.845764,1.161962,Data_from_ARETT
1760985641935,True,True,-0.0111403,1.683366,0.01401144,-0.5124728,0.1202816,0.8502375,True,-0.7030568,1.845764,1.161962,Data_from_ARETT
1760985641969,True,True,-0.01111737,1.684639,0.01308311,-0.5133313,0.1349995,0.8475058,False,0,0,0,Data_from_ARETT
1760985641969,True,True,-0.01111737,1.684639,0.01308311,-0.5133313,0.1349995,0.8475058,False,0,0,0,Data_from_ARETT
1760985641969,True,True,-0.01111737,1.684639,0.01308311,-0.5133313,0.1349995,0.8475058,False,0,0,0,Data_from_ARETT
1760985642002,True,True,-0.01107222,1.685478,0.01258651,-0.5170123,0.1541617,0.8419813,False,0,0,0,Data_from_ARETT
1760985642002,True,True,-0.01107222,1.685478,0.01258651,-0.5170123,0.1541617,0.8419813,False,0,0,0,Data_from_ARETT
1760985642002,True,True,-0.01107222,1.685478,0.01258651,-0.5170123,0.1541617,0.8419813,False,0,0,0,Data_from_ARETT
1760985642037,True,True,-0.0103867,1.686414,0.01124607,-0.5194143,0.1646477,0.8385106,False,0,0,0,Data_from_ARETT
1760985642037,True,True,-0.0103867,1.686414,0.01124607,-0.5194143,0.1646477,0.8385106,False,0,0,0,Data_from_ARETT
1760985642037,True,True,-0.0103867,1.686414,0.01124607,-0.5194143,0.1646477,0.8385106,False,0,0,0,Data_from_ARETT
1760985642070,True,True,-0.009915125,1.687424,0.01004393,-0.5214945,0.1734254,0.8354443,False,0,0,0,Data_from_ARETT
1760985642070,True,True,-0.009915125,1.687424,0.01004393,-0.5214945,0.1734254,0.8354443,False,0,0,0,Data_from_ARETT
1760985642070,True,True,-0.009915125,1.687424,0.01004393,-0.5214945,0.1734254,0.8354443,False,0,0,0,Data_from_ARETT
1760985642105,True,True,-0.0100528,1.687631,0.009867154,-0.526595,0.1826269,0.8302681,False,0,0,0,Data_from_ARETT
1760985642105,True,True,-0.0100528,1.687631,0.009867154,-0.526595,0.1826269,0.8302681,False,0,0,0,Data_from_ARETT
1760985642105,True,True,-0.0100528,1.687631,0.009867154,-0.526595,0.1826269,0.8302681,False,0,0,0,Data_from_ARETT
1760985642139,True,True,-0.009343338,1.688264,0.00831941,-0.5347937,0.1878426,0.8238391,False,0,0,0,Data_from_ARETT
1760985642139,True,True,-0.009343338,1.688264,0.00831941,-0.5347937,0.1878426,0.8238391,False,0,0,0,Data_from_ARETT
1760985642139,True,True,-0.009343338,1.688264,0.00831941,-0.5347937,0.1878426,0.8238391,False,0,0,0,Data_from_ARETT
1760985642173,True,True,-0.00946344,1.688351,0.007440089,-0.5388787,0.1897492,0.8207344,False,0,0,0,Data_from_ARETT
1760985642173,True,True,-0.00946344,1.688351,0.007440089,-0.5388787,0.1897492,0.8207344,False,0,0,0,Data_from_ARETT
1760985642173,True,True,-0.00946344,1.688351,0.007440089,-0.5388787,0.1897492,0.8207344,False,0,0,0,Data_from_ARETT
1760985642207,True,True,-0.0101507,1.68837,0.007314919,-0.5445474,0.1957597,0.815565,False,0,0,0,Data_from_ARETT
1760985642207,True,True,-0.0101507,1.68837,0.007314919,-0.5445474,0.1957597,0.815565,False,0,0,0,Data_from_ARETT
1760985642207,True,True,-0.0101507,1.68837,0.007314919,-0.5445474,0.1957597,0.815565,False,0,0,0,Data_from_ARETT
1760985642241,True,True,-0.009476686,1.688814,0.005921037,-0.5534949,0.1976869,0.8090508,False,0,0,0,Data_from_ARETT
1760985642241,True,True,-0.009476686,1.688814,0.005921037,-0.5534949,0.1976869,0.8090508,False,0,0,0,Data_from_ARETT
1760985642241,True,True,-0.009476686,1.688814,0.005921037,-0.5534949,0.1976869,0.8090508,False,0,0,0,Data_from_ARETT
1760985642275,True,True,-0.01019566,1.688922,0.005335395,-0.5571043,0.2000331,0.8059911,False,0,0,0,Data_from_ARETT
1760985642275,True,True,-0.01019566,1.688922,0.005335395,-0.5571043,0.2000331,0.8059911,False,0,0,0,Data_from_ARETT
1760985642275,True,True,-0.01019566,1.688922,0.005335395,-0.5571043,0.2000331,0.8059911,False,0,0,0,Data_from_ARETT
1760985642309,True,True,-0.01079489,1.689063,0.004722321,-0.5647795,0.2030632,0.7998684,False,0,0,0,Data_from_ARETT
1760985642309,True,True,-0.01079489,1.689063,0.004722321,-0.5647795,0.2030632,0.7998684,False,0,0,0,Data_from_ARETT
1760985642309,True,True,-0.01079489,1.689063,0.004722321,-0.5647795,0.2030632,0.7998684,False,0,0,0,Data_from_ARETT
1760985642343,True,True,-0.0112781,1.689263,0.00335599,-0.5822865,0.2059325,0.7864695,False,0,0,0,Data_from_ARETT
1760985642343,True,True,-0.0112781,1.689263,0.00335599,-0.5822865,0.2059325,0.7864695,False,0,0,0,Data_from_ARETT
1760985642343,True,True,-0.0112781,1.689263,0.00335599,-0.5822865,0.2059325,0.7864695,False,0,0,0,Data_from_ARETT
1760985642378,True,True,-0.01314077,1.689172,0.001150864,-0.6088116,0.2014565,0.7673094,False,0,0,0,Data_from_ARETT
1760985642378,True,True,-0.01314077,1.689172,0.001150864,-0.6088116,0.2014565,0.7673094,False,0,0,0,Data_from_ARETT
1760985642378,True,True,-0.01314077,1.689172,0.001150864,-0.6088116,0.2014565,0.7673094,False,0,0,0,Data_from_ARETT
1760985642412,True,True,-0.01452327,1.689013,-0.0005650178,-0.6286178,0.2007474,0.7513589,False,0,0,0,Data_from_ARETT
1760985642412,True,True,-0.01452327,1.689013,-0.0005650178,-0.6286178,0.2007474,0.7513589,False,0,0,0,Data_from_ARETT
1760985642412,True,True,-0.01452327,1.689013,-0.0005650178,-0.6286178,0.2007474,0.7513589,False,0,0,0,Data_from_ARETT
1760985642447,True,True,-0.01562789,1.688581,-0.00186208,-0.6435934,0.1957816,0.7399035,False,0,0,0,Data_from_ARETT
1760985642447,True,True,-0.01562789,1.688581,-0.00186208,-0.6435934,0.1957816,0.7399035,False,0,0,0,Data_from_ARETT
1760985642447,True,True,-0.01562789,1.688581,-0.00186208,-0.6435934,0.1957816,0.7399035,False,0,0,0,Data_from_ARETT
1760985642481,True,True,-0.01700648,1.687887,-0.002116905,-0.6517584,0.1932531,0.7333923,False,0,0,0,Data_from_ARETT
1760985642481,True,True,-0.01700648,1.687887,-0.002116905,-0.6517584,0.1932531,0.7333923,False,0,0,0,Data_from_ARETT
1760985642481,True,True,-0.01700648,1.687887,-0.002116905,-0.6517584,0.1932531,0.7333923,False,0,0,0,Data_from_ARETT
1760985642515,True,True,-0.01695981,1.688097,-0.003731895,-0.657345,0.1901657,0.7292013,False,0,0,0,Data_from_ARETT
1760985642515,True,True,-0.01695981,1.688097,-0.003731895,-0.657345,0.1901657,0.7292013,False,0,0,0,Data_from_ARETT
1760985642515,True,True,-0.01695981,1.688097,-0.003731895,-0.657345,0.1901657,0.7292013,False,0,0,0,Data_from_ARETT
1760985642549,True,True,-0.01760716,1.687312,-0.00319369,-0.6574638,0.1845222,0.7305428,False,0,0,0,Data_from_ARETT
1760985642549,True,True,-0.01760716,1.687312,-0.00319369,-0.6574638,0.1845222,0.7305428,False,0,0,0,Data_from_ARETT
1760985642549,True,True,-0.01760716,1.687312,-0.00319369,-0.6574638,0.1845222,0.7305428,False,0,0,0,Data_from_ARETT
1760985642582,True,True,-0.01812292,1.686845,-0.002966242,-0.6589572,0.1840441,0.7293169,False,0,0,0,Data_from_ARETT
1760985642582,True,True,-0.01812292,1.686845,-0.002966242,-0.6589572,0.1840441,0.7293169,False,0,0,0,Data_from_ARETT
1760985642582,True,True,-0.01812292,1.686845,-0.002966242,-0.6589572,0.1840441,0.7293169,False,0,0,0,Data_from_ARETT
1760985642617,True,True,-0.01822519,1.686588,-0.003369591,-0.6598788,0.1787442,0.7298018,False,0,0,0,Data_from_ARETT
1760985642617,True,True,-0.01822519,1.686588,-0.003369591,-0.6598788,0.1787442,0.7298018,False,0,0,0,Data_from_ARETT
1760985642617,True,True,-0.01822519,1.686588,-0.003369591,-0.6598788,0.1787442,0.7298018,False,0,0,0,Data_from_ARETT
1760985642651,True,True,-0.01831237,1.686017,-0.00293479,-0.6558787,0.1726902,0.7348477,False,0,0,0,Data_from_ARETT
1760985642651,True,True,-0.01831237,1.686017,-0.00293479,-0.6558787,0.1726902,0.7348477,False,0,0,0,Data_from_ARETT
1760985642651,True,True,-0.01831237,1.686017,-0.00293479,-0.6558787,0.1726902,0.7348477,False,0,0,0,Data_from_ARETT
1760985642685,True,True,-0.01851184,1.685892,-0.002200451,-0.6487531,0.1705054,0.7416518,False,0,0,0,Data_from_ARETT
1760985642685,True,True,-0.01851184,1.685892,-0.002200451,-0.6487531,0.1705054,0.7416518,False,0,0,0,Data_from_ARETT
1760985642685,True,True,-0.01851184,1.685892,-0.002200451,-0.6487531,0.1705054,0.7416518,False,0,0,0,Data_from_ARETT
1760985642719,True,True,-0.01792882,1.685922,-0.001472522,-0.6410345,0.1719102,0.7480118,False,0,0,0,Data_from_ARETT
1760985642719,True,True,-0.01792882,1.685922,-0.001472522,-0.6410345,0.1719102,0.7480118,False,0,0,0,Data_from_ARETT
1760985642719,True,True,-0.01792882,1.685922,-0.001472522,-0.6410345,0.1719102,0.7480118,False,0,0,0,Data_from_ARETT
1760985642753,True,True,-0.01746792,1.685637,-0.0005637329,-0.6306931,0.1704565,0.7570805,False,0,0,0,Data_from_ARETT
1760985642753,True,True,-0.01746792,1.685637,-0.0005637329,-0.6306931,0.1704565,0.7570805,False,0,0,0,Data_from_ARETT
1760985642753,True,True,-0.01746792,1.685637,-0.0005637329,-0.6306931,0.1704565,0.7570805,False,0,0,0,Data_from_ARETT
1760985642788,True,True,-0.01672523,1.685748,0.0001314831,-0.6172888,0.1677892,0.768636,False,0,0,0,Data_from_ARETT
1760985642788,True,True,-0.01672523,1.685748,0.0001314831,-0.6172888,0.1677892,0.768636,False,0,0,0,Data_from_ARETT
1760985642788,True,True,-0.01672523,1.685748,0.0001314831,-0.6172888,0.1677892,0.768636,False,0,0,0,Data_from_ARETT
1760985642822,True,True,-0.01578306,1.685694,0.001510773,-0.6018918,0.1663901,0.781051,False,0,0,0,Data_from_ARETT
1760985642822,True,True,-0.01578306,1.685694,0.001510773,-0.6018918,0.1663901,0.781051,False,0,0,0,Data_from_ARETT
1760985642822,True,True,-0.01578306,1.685694,0.001510773,-0.6018918,0.1663901,0.781051,False,0,0,0,Data_from_ARETT
1760985642856,True,True,-0.01440068,1.685539,0.00273162,-0.5847101,0.1673843,0.7937862,False,0,0,0,Data_from_ARETT
1760985642856,True,True,-0.01440068,1.685539,0.00273162,-0.5847101,0.1673843,0.7937862,False,0,0,0,Data_from_ARETT
1760985642856,True,True,-0.01440068,1.685539,0.00273162,-0.5847101,0.1673843,0.7937862,False,0,0,0,Data_from_ARETT
1760985642891,True,True,-0.01305525,1.685347,0.004065262,-0.5655629,0.1663679,0.8077502,False,0,0,0,Data_from_ARETT
1760985642891,True,True,-0.01305525,1.685347,0.004065262,-0.5655629,0.1663679,0.8077502,False,0,0,0,Data_from_ARETT
1760985642891,True,True,-0.01305525,1.685347,0.004065262,-0.5655629,0.1663679,0.8077502,False,0,0,0,Data_from_ARETT
1760985642925,True,True,-0.0115452,1.685239,0.005045842,-0.5463911,0.1651968,0.8210766,False,0,0,0,Data_from_ARETT
1760985642925,True,True,-0.0115452,1.685239,0.005045842,-0.5463911,0.1651968,0.8210766,False,0,0,0,Data_from_ARETT
1760985642925,True,True,-0.0115452,1.685239,0.005045842,-0.5463911,0.1651968,0.8210766,False,0,0,0,Data_from_ARETT
1760985642959,True,True,-0.01017797,1.684793,0.006062537,-0.5298815,0.1603334,0.8327778,False,0,0,0,Data_from_ARETT
1760985642959,True,True,-0.01017797,1.684793,0.006062537,-0.5298815,0.1603334,0.8327778,False,0,0,0,Data_from_ARETT
1760985642959,True,True,-0.01017797,1.684793,0.006062537,-0.5298815,0.1603334,0.8327778,False,0,0,0,Data_from_ARETT
1760985642993,True,True,-0.00897113,1.684134,0.006951991,-0.5135661,0.1513423,0.8445978,False,0,0,0,Data_from_ARETT
1760985642993,True,True,-0.00897113,1.684134,0.006951991,-0.5135661,0.1513423,0.8445978,False,0,0,0,Data_from_ARETT
1760985642993,True,True,-0.00897113,1.684134,0.006951991,-0.5135661,0.1513423,0.8445978,False,0,0,0,Data_from_ARETT
1760985643027,True,True,-0.007649663,1.682781,0.009112039,-0.4892997,0.1364008,0.861383,False,0,0,0,Data_from_ARETT
1760985643027,True,True,-0.007649663,1.682781,0.009112039,-0.4892997,0.1364008,0.861383,False,0,0,0,Data_from_ARETT
1760985643027,True,True,-0.007649663,1.682781,0.009112039,-0.4892997,0.1364008,0.861383,False,0,0,0,Data_from_ARETT
1760985643060,True,True,-0.006843315,1.682433,0.01047361,-0.4730642,0.1321068,0.8710672,False,0,0,0,Data_from_ARETT
1760985643060,True,True,-0.006843315,1.682433,0.01047361,-0.4730642,0.1321068,0.8710672,False,0,0,0,Data_from_ARETT
1760985643060,True,True,-0.006843315,1.682433,0.01047361,-0.4730642,0.1321068,0.8710672,False,0,0,0,Data_from_ARETT
1760985643094,True,True,-0.006003485,1.682385,0.01117182,-0.459434,0.1310752,0.8784872,False,0,0,0,Data_from_ARETT
1760985643094,True,True,-0.006003485,1.682385,0.01117182,-0.459434,0.1310752,0.8784872,False,0,0,0,Data_from_ARETT
1760985643094,True,True,-0.006003485,1.682385,0.01117182,-0.459434,0.1310752,0.8784872,False,0,0,0,Data_from_ARETT
1760985643129,True,True,-0.005021702,1.682187,0.01183096,-0.446462,0.1289851,0.8854572,False,0,0,0,Data_from_ARETT
1760985643129,True,True,-0.005021702,1.682187,0.01183096,-0.446462,0.1289851,0.8854572,False,0,0,0,Data_from_ARETT
1760985643129,True,True,-0.005021702,1.682187,0.01183096,-0.446462,0.1289851,0.8854572,False,0,0,0,Data_from_ARETT
1760985643163,True,True,-0.004428366,1.681896,0.01321897,-0.4332698,0.1245346,0.8926188,True,-0.5893625,1.850023,1.218295,Data_from_ARETT
1760985643163,True,True,-0.004428366,1.681896,0.01321897,-0.4332698,0.1245346,0.8926188,True,-0.5893625,1.850023,1.218295,Data_from_ARETT
1760985643163,True,True,-0.004428366,1.681896,0.01321897,-0.4332698,0.1245346,0.8926188,True,-0.5893625,1.850023,1.218295,Data_from_ARETT
1760985643196,True,True,-0.003870033,1.682107,0.01346927,-0.4238269,0.1251654,0.8970532,True,-0.5760486,1.851084,1.224517,Data_from_ARETT
1760985643196,True,True,-0.003870033,1.682107,0.01346927,-0.4238269,0.1251654,0.8970532,True,-0.5760486,1.851084,1.224517,Data_from_ARETT
1760985643196,True,True,-0.003870033,1.682107,0.01346927,-0.4238269,0.1251654,0.8970532,True,-0.5760486,1.851084,1.224517,Data_from_ARETT
1760985643231,True,True,-0.003039589,1.68195,0.01408004,-0.4107314,0.1221956,0.9035308,True,-0.5575783,1.846929,1.23396,Data_from_ARETT
1760985643231,True,True,-0.003039589,1.68195,0.01408004,-0.4107314,0.1221956,0.9035308,True,-0.5575783,1.846929,1.23396,Data_from_ARETT
1760985643231,True,True,-0.003039589,1.68195,0.01408004,-0.4107314,0.1221956,0.9035308,True,-0.5575783,1.846929,1.23396,Data_from_ARETT
1760985643265,True,True,-0.002020243,1.681748,0.01516164,-0.3947514,0.1187382,0.9110832,True,-0.5350354,1.842075,1.245356,Data_from_ARETT
1760985643265,True,True,-0.002020243,1.681748,0.01516164,-0.3947514,0.1187382,0.9110832,True,-0.5350354,1.842075,1.245356,Data_from_ARETT
1760985643265,True,True,-0.002020243,1.681748,0.01516164,-0.3947514,0.1187382,0.9110832,True,-0.5350354,1.842075,1.245356,Data_from_ARETT
1760985643299,True,True,-0.001654014,1.681642,0.01620909,-0.3811847,0.119853,0.9166971,True,-0.5163354,1.843469,1.253948,Data_from_ARETT
1760985643299,True,True,-0.001654014,1.681642,0.01620909,-0.3811847,0.119853,0.9166971,True,-0.5163354,1.843469,1.253948,Data_from_ARETT
1760985643299,True,True,-0.001654014,1.681642,0.01620909,-0.3811847,0.119853,0.9166971,True,-0.5163354,1.843469,1.253948,Data_from_ARETT
1760985643333,True,True,-0.0003799796,1.681708,0.0165448,-0.3650256,0.1206549,0.9231461,True,-0.4932328,1.844615,1.262965,Data_from_ARETT
1760985643333,True,True,-0.0003799796,1.681708,0.0165448,-0.3650256,0.1206549,0.9231461,True,-0.4932328,1.844615,1.262965,Data_from_ARETT
1760985643333,True,True,-0.0003799796,1.681708,0.0165448,-0.3650256,0.1206549,0.9231461,True,-0.4932328,1.844615,1.262965,Data_from_ARETT
1760985643366,True,True,0.0008825914,1.681635,0.01731596,-0.349425,0.1180933,0.9294924,True,-0.4709417,1.841094,1.272398,Data_from_ARETT
1760985643366,True,True,0.0008825914,1.681635,0.01731596,-0.349425,0.1180933,0.9294924,True,-0.4709417,1.841094,1.272398,Data_from_ARETT
1760985643366,True,True,0.0008825914,1.681635,0.01731596,-0.349425,0.1180933,0.9294924,True,-0.4709417,1.841094,1.272398,Data_from_ARETT
1760985643402,True,True,0.001403152,1.681269,0.01793992,-0.337848,0.1165332,0.9339586,True,-0.4548108,1.83863,1.279114,Data_from_ARETT
1760985643402,True,True,0.001403152,1.681269,0.01793992,-0.337848,0.1165332,0.9339586,True,-0.4548108,1.83863,1.279114,Data_from_ARETT
1760985643402,True,True,0.001403152,1.681269,0.01793992,-0.337848,0.1165332,0.9339586,True,-0.4548108,1.83863,1.279114,Data_from_ARETT
1760985643436,True,True,0.002660556,1.681056,0.01850666,-0.3231816,0.1132787,0.9395326,True,-0.4337946,1.834039,1.287341,Data_from_ARETT
1760985643436,True,True,0.002660556,1.681056,0.01850666,-0.3231816,0.1132787,0.9395326,True,-0.4337946,1.834039,1.287341,Data_from_ARETT
1760985643436,True,True,0.002660556,1.681056,0.01850666,-0.3231816,0.1132787,0.9395326,True,-0.4337946,1.834039,1.287341,Data_from_ARETT
1760985643470,True,True,0.003488368,1.680793,0.01974823,-0.3094131,0.1111247,0.9444124,True,-0.414405,1.830878,1.295272,Data_from_ARETT
1760985643470,True,True,0.003488368,1.680793,0.01974823,-0.3094131,0.1111247,0.9444124,True,-0.414405,1.830878,1.295272,Data_from_ARETT
1760985643470,True,True,0.003488368,1.680793,0.01974823,-0.3094131,0.1111247,0.9444124,True,-0.414405,1.830878,1.295272,Data_from_ARETT
1760985643504,True,True,0.003914491,1.680898,0.0200467,-0.3027662,0.1131974,0.9463186,True,-0.404971,1.833771,1.298049,Data_from_ARETT
1760985643504,True,True,0.003914491,1.680898,0.0200467,-0.3027662,0.1131974,0.9463186,True,-0.404971,1.833771,1.298049,Data_from_ARETT
1760985643504,True,True,0.003914491,1.680898,0.0200467,-0.3027662,0.1131974,0.9463186,True,-0.404971,1.833771,1.298049,Data_from_ARETT
1760985643538,True,True,0.004985345,1.680905,0.02042687,-0.294695,0.1121637,0.9489859,True,-0.3930129,1.832387,1.302073,Data_from_ARETT
1760985643538,True,True,0.004985345,1.680905,0.02042687,-0.294695,0.1121637,0.9489859,True,-0.3930129,1.832387,1.302073,Data_from_ARETT
1760985643538,True,True,0.004985345,1.680905,0.02042687,-0.294695,0.1121637,0.9489859,True,-0.3930129,1.832387,1.302073,Data_from_ARETT
1760985643572,True,True,0.006613439,1.680715,0.02060066,-0.2829783,0.1077678,0.9530526,True,-0.3756247,1.826284,1.307954,Data_from_ARETT
1760985643572,True,True,0.006613439,1.680715,0.02060066,-0.2829783,0.1077678,0.9530526,True,-0.3756247,1.826284,1.307954,Data_from_ARETT
1760985643572,True,True,0.006613439,1.680715,0.02060066,-0.2829783,0.1077678,0.9530526,True,-0.3756247,1.826284,1.307954,Data_from_ARETT
1760985643606,True,True,0.007117544,1.680145,0.02142407,-0.2707357,0.105874,0.9568139,True,-0.3586117,1.823167,1.313957,Data_from_ARETT
1760985643606,True,True,0.007117544,1.680145,0.02142407,-0.2707357,0.105874,0.9568139,True,-0.3586117,1.823167,1.313957,Data_from_ARETT
1760985643606,True,True,0.007117544,1.680145,0.02142407,-0.2707357,0.105874,0.9568139,True,-0.3586117,1.823167,1.313957,Data_from_ARETT
1760985643640,True,True,0.008392502,1.679999,0.02180071,-0.2617504,0.1042156,0.9594925,True,-0.3453341,1.820835,1.318448,Data_from_ARETT
1760985643640,True,True,0.008392502,1.679999,0.02180071,-0.2617504,0.1042156,0.9594925,True,-0.3453341,1.820835,1.318448,Data_from_ARETT
1760985643640,True,True,0.008392502,1.679999,0.02180071,-0.2617504,0.1042156,0.9594925,True,-0.3453341,1.820835,1.318448,Data_from_ARETT
1760985643674,True,True,0.009620082,1.680206,0.02218015,-0.2473692,0.1045945,0.9632593,True,-0.3245607,1.821507,1.323485,Data_from_ARETT
1760985643674,True,True,0.009620082,1.680206,0.02218015,-0.2473692,0.1045945,0.9632593,True,-0.3245607,1.821507,1.323485,Data_from_ARETT
1760985643674,True,True,0.009620082,1.680206,0.02218015,-0.2473692,0.1045945,0.9632593,True,-0.3245607,1.821507,1.323485,Data_from_ARETT
1760985643708,True,True,0.01070097,1.680189,0.02301889,-0.2349686,0.10525,0.9662879,True,-0.3067181,1.822371,1.328377,Data_from_ARETT
1760985643708,True,True,0.01070097,1.680189,0.02301889,-0.2349686,0.10525,0.9662879,True,-0.3067181,1.822371,1.328377,Data_from_ARETT
1760985643708,True,True,0.01070097,1.680189,0.02301889,-0.2349686,0.10525,0.9662879,True,-0.3067181,1.822371,1.328377,Data_from_ARETT
1760985643742,True,True,0.01169807,1.680424,0.02323245,-0.2275254,0.1068343,0.9678939,True,-0.2956451,1.824736,1.330671,Data_from_ARETT
1760985643742,True,True,0.01169807,1.680424,0.02323245,-0.2275254,0.1068343,0.9678939,True,-0.2956451,1.824736,1.330671,Data_from_ARETT
1760985643742,True,True,0.01169807,1.680424,0.02323245,-0.2275254,0.1068343,0.9678939,True,-0.2956451,1.824736,1.330671,Data_from_ARETT
1760985643776,True,True,0.01284345,1.680347,0.02385493,-0.2138662,0.1077847,0.9708984,True,-0.2760375,1.825938,1.335301,Data_from_ARETT
1760985643776,True,True,0.01284345,1.680347,0.02385493,-0.2138662,0.1077847,0.9708984,True,-0.2760375,1.825938,1.335301,Data_from_ARETT
1760985643776,True,True,0.01284345,1.680347,0.02385493,-0.2138662,0.1077847,0.9708984,True,-0.2760375,1.825938,1.335301,Data_from_ARETT
1760985643810,True,True,0.01427769,1.680329,0.02427022,-0.1987821,0.1062225,0.9742702,True,-0.2542452,1.823819,1.340353,Data_from_ARETT
1760985643810,True,True,0.01427769,1.680329,0.02427022,-0.1987821,0.1062225,0.9742702,True,-0.2542452,1.823819,1.340353,Data_from_ARETT
1760985643810,True,True,0.01427769,1.680329,0.02427022,-0.1987821,0.1062225,0.9742702,True,-0.2542452,1.823819,1.340353,Data_from_ARETT
1760985643844,True,True,0.01654502,1.680022,0.02500445,-0.1749779,0.1052322,0.9789326,True,-0.2198165,1.822171,1.347355,Data_from_ARETT
1760985643844,True,True,0.01654502,1.680022,0.02500445,-0.1749779,0.1052322,0.9789326,True,-0.2198165,1.822171,1.347355,Data_from_ARETT
1760985643844,True,True,0.01654502,1.680022,0.02500445,-0.1749779,0.1052322,0.9789326,True,-0.2198165,1.822171,1.347355,Data_from_ARETT
1760985643878,True,True,0.01783307,1.679878,0.02559361,-0.1544076,0.1052768,0.9823824,True,-0.190755,1.822096,1.352687,Data_from_ARETT
1760985643878,True,True,0.01783307,1.679878,0.02559361,-0.1544076,0.1052768,0.9823824,True,-0.190755,1.822096,1.352687,Data_from_ARETT
1760985643878,True,True,0.01783307,1.679878,0.02559361,-0.1544076,0.1052768,0.9823824,True,-0.190755,1.822096,1.352687,Data_from_ARETT
1760985643913,True,True,0.01945037,1.679731,0.02614423,-0.1373556,0.1048556,0.9849562,True,-0.1661053,1.821382,1.356735,Data_from_ARETT
1760985643913,True,True,0.01945037,1.679731,0.02614423,-0.1373556,0.1048556,0.9849562,True,-0.1661053,1.821382,1.356735,Data_from_ARETT
1760985643913,True,True,0.01945037,1.679731,0.02614423,-0.1373556,0.1048556,0.9849562,True,-0.1661053,1.821382,1.356735,Data_from_ARETT
1760985643946,True,True,0.02098725,1.679569,0.02667382,-0.1206707,0.1039745,0.9872324,True,-0.1428953,1.820777,1.367431,Data_from_ARETT
1760985643946,True,True,0.02098725,1.679569,0.02667382,-0.1206707,0.1039745,0.9872324,True,-0.1428953,1.820777,1.367431,Data_from_ARETT
1760985643946,True,True,0.02098725,1.679569,0.02667382,-0.1206707,0.1039745,0.9872324,True,-0.1428953,1.820777,1.367431,Data_from_ARETT
1760985643981,True,True,0.02224887,1.679598,0.02701101,-0.1073353,0.1018716,0.9889901,True,-0.126339,1.820622,1.396103,Data_from_ARETT
1760985643981,True,True,0.02224887,1.679598,0.02701101,-0.1073353,0.1018716,0.9889901,True,-0.126339,1.820622,1.396103,Data_from_ARETT
1760985643981,True,True,0.02224887,1.679598,0.02701101,-0.1073353,0.1018716,0.9889901,True,-0.126339,1.820622,1.396103,Data_from_ARETT
1760985644015,True,True,0.02341093,1.679527,0.02762845,-0.09354912,0.1026879,0.9903049,True,-0.1050399,1.820526,1.387401,Data_from_ARETT
1760985644015,True,True,0.02341093,1.679527,0.02762845,-0.09354912,0.1026879,0.9903049,True,-0.1050399,1.820526,1.387401,Data_from_ARETT
1760985644015,True,True,0.02341093,1.679527,0.02762845,-0.09354912,0.1026879,0.9903049,True,-0.1050399,1.820526,1.387401,Data_from_ARETT
1760985644049,True,True,0.02413701,1.679502,0.02790259,-0.08285262,0.1023694,0.99129,True,-0.08994831,1.820461,1.392876,Data_from_ARETT
1760985644049,True,True,0.02413701,1.679502,0.02790259,-0.08285262,0.1023694,0.99129,True,-0.08994831,1.820461,1.392876,Data_from_ARETT
1760985644049,True,True,0.02413701,1.679502,0.02790259,-0.08285262,0.1023694,0.99129,True,-0.08994831,1.820461,1.392876,Data_from_ARETT
1760985644082,True,True,0.02468225,1.679328,0.02794483,-0.08122581,0.09941186,0.9917256,False,0,0,0,Data_from_ARETT
1760985644082,True,True,0.02468225,1.679328,0.02794483,-0.08122581,0.09941186,0.9917256,False,0,0,0,Data_from_ARETT
1760985644082,True,True,0.02468225,1.679328,0.02794483,-0.08122581,0.09941186,0.9917256,False,0,0,0,Data_from_ARETT
1760985644116,True,True,0.0248849,1.678957,0.02844828,-0.082081,0.09743136,0.9918517,False,0,0,0,Data_from_ARETT
1760985644116,True,True,0.0248849,1.678957,0.02844828,-0.082081,0.09743136,0.9918517,False,0,0,0,Data_from_ARETT
1760985644116,True,True,0.0248849,1.678957,0.02844828,-0.082081,0.09743136,0.9918517,False,0,0,0,Data_from_ARETT
1760985644151,True,True,0.02464848,1.678995,0.02834316,-0.08269092,0.09679978,0.9918629,False,0,0,0,Data_from_ARETT
1760985644151,True,True,0.02464848,1.678995,0.02834316,-0.08269092,0.09679978,0.9918629,False,0,0,0,Data_from_ARETT
1760985644151,True,True,0.02464848,1.678995,0.02834316,-0.08269092,0.09679978,0.9918629,False,0,0,0,Data_from_ARETT
1760985644185,True,True,0.02448904,1.679107,0.02832539,-0.08798087,0.09510051,0.9915721,False,0,0,0,Data_from_ARETT
1760985644185,True,True,0.02448904,1.679107,0.02832539,-0.08798087,0.09510051,0.9915721,False,0,0,0,Data_from_ARETT
1760985644185,True,True,0.02448904,1.679107,0.02832539,-0.08798087,0.09510051,0.9915721,False,0,0,0,Data_from_ARETT
1760985644219,True,True,0.02383968,1.679249,0.02846515,-0.09307001,0.09716791,0.9909068,False,0,0,0,Data_from_ARETT
1760985644219,True,True,0.02383968,1.679249,0.02846515,-0.09307001,0.09716791,0.9909068,False,0,0,0,Data_from_ARETT
1760985644219,True,True,0.02383968,1.679249,0.02846515,-0.09307001,0.09716791,0.9909068,False,0,0,0,Data_from_ARETT
1760985644253,True,True,0.02320767,1.67944,0.02814534,-0.09719197,0.09967785,0.9902616,False,0,0,0,Data_from_ARETT
1760985644253,True,True,0.02320767,1.67944,0.02814534,-0.09719197,0.09967785,0.9902616,False,0,0,0,Data_from_ARETT
1760985644253,True,True,0.02320767,1.67944,0.02814534,-0.09719197,0.09967785,0.9902616,False,0,0,0,Data_from_ARETT
1760985644286,True,True,0.02354628,1.679631,0.02787585,-0.1011614,0.09757453,0.9900735,False,0,0,0,Data_from_ARETT
1760985644286,True,True,0.02354628,1.679631,0.02787585,-0.1011614,0.09757453,0.9900735,False,0,0,0,Data_from_ARETT
1760985644286,True,True,0.02354628,1.679631,0.02787585,-0.1011614,0.09757453,0.9900735,False,0,0,0,Data_from_ARETT
1760985644321,True,True,0.02308868,1.679523,0.02742624,-0.1011597,0.09772538,0.9900588,False,0,0,0,Data_from_ARETT
1760985644321,True,True,0.02308868,1.679523,0.02742624,-0.1011597,0.09772538,0.9900588,False,0,0,0,Data_from_ARETT
1760985644321,True,True,0.02308868,1.679523,0.02742624,-0.1011597,0.09772538,0.9900588,False,0,0,0,Data_from_ARETT
1760985644356,True,True,0.02245266,1.67917,0.02769664,-0.09973371,0.09797718,0.9901786,False,0,0,0,Data_from_ARETT
1760985644356,True,True,0.02245266,1.67917,0.02769664,-0.09973371,0.09797718,0.9901786,False,0,0,0,Data_from_ARETT
1760985644356,True,True,0.02245266,1.67917,0.02769664,-0.09973371,0.09797718,0.9901786,False,0,0,0,Data_from_ARETT
1760985644390,True,True,0.02237823,1.679417,0.0273357,-0.1056263,0.09813406,0.9895518,False,0,0,0,Data_from_ARETT
1760985644390,True,True,0.02237823,1.679417,0.0273357,-0.1056263,0.09813406,0.9895518,False,0,0,0,Data_from_ARETT
1760985644390,True,True,0.02237823,1.679417,0.0273357,-0.1056263,0.09813406,0.9895518,False,0,0,0,Data_from_ARETT
1760985644424,True,True,0.02152961,1.679518,0.02685065,-0.1116025,0.09840874,0.9888684,False,0,0,0,Data_from_ARETT
1760985644424,True,True,0.02152961,1.679518,0.02685065,-0.1116025,0.09840874,0.9888684,False,0,0,0,Data_from_ARETT
1760985644424,True,True,0.02152961,1.679518,0.02685065,-0.1116025,0.09840874,0.9888684,False,0,0,0,Data_from_ARETT
1760985644458,True,True,0.0210189,1.67938,0.02701816,-0.118063,0.09672006,0.9882845,False,0,0,0,Data_from_ARETT
1760985644458,True,True,0.0210189,1.67938,0.02701816,-0.118063,0.09672006,0.9882845,False,0,0,0,Data_from_ARETT
1760985644458,True,True,0.0210189,1.67938,0.02701816,-0.118063,0.09672006,0.9882845,False,0,0,0,Data_from_ARETT
1760985644492,True,True,0.01968907,1.679647,0.02639089,-0.1278851,0.0973914,0.9869956,False,0,0,0,Data_from_ARETT
1760985644492,True,True,0.01968907,1.679647,0.02639089,-0.1278851,0.0973914,0.9869956,False,0,0,0,Data_from_ARETT
1760985644492,True,True,0.01968907,1.679647,0.02639089,-0.1278851,0.0973914,0.9869956,False,0,0,0,Data_from_ARETT
1760985644527,True,True,0.01885375,1.679451,0.02646645,-0.1353226,0.09722918,0.9860194,False,0,0,0,Data_from_ARETT
1760985644527,True,True,0.01885375,1.679451,0.02646645,-0.1353226,0.09722918,0.9860194,False,0,0,0,Data_from_ARETT
1760985644527,True,True,0.01885375,1.679451,0.02646645,-0.1353226,0.09722918,0.9860194,False,0,0,0,Data_from_ARETT
1760985644560,True,True,0.01803177,1.679402,0.02632509,-0.1421924,0.09655305,0.9851187,False,0,0,0,Data_from_ARETT
1760985644560,True,True,0.01803177,1.679402,0.02632509,-0.1421924,0.09655305,0.9851187,False,0,0,0,Data_from_ARETT
1760985644560,True,True,0.01803177,1.679402,0.02632509,-0.1421924,0.09655305,0.9851187,False,0,0,0,Data_from_ARETT
1760985644594,True,True,0.01727874,1.679717,0.02589584,-0.1497111,0.09553593,0.9841034,False,0,0,0,Data_from_ARETT
1760985644594,True,True,0.01727874,1.679717,0.02589584,-0.1497111,0.09553593,0.9841034,False,0,0,0,Data_from_ARETT
1760985644594,True,True,0.01727874,1.679717,0.02589584,-0.1497111,0.09553593,0.9841034,False,0,0,0,Data_from_ARETT
1760985644629,True,True,0.01674946,1.679503,0.02601668,-0.1561898,0.09623969,0.9830273,False,0,0,0,Data_from_ARETT
1760985644629,True,True,0.01674946,1.679503,0.02601668,-0.1561898,0.09623969,0.9830273,False,0,0,0,Data_from_ARETT
1760985644629,True,True,0.01674946,1.679503,0.02601668,-0.1561898,0.09623969,0.9830273,False,0,0,0,Data_from_ARETT
1760985644662,True,True,0.01615278,1.679569,0.02573251,-0.1597654,0.0957859,0.9824969,False,0,0,0,Data_from_ARETT
1760985644662,True,True,0.01615278,1.679569,0.02573251,-0.1597654,0.0957859,0.9824969,False,0,0,0,Data_from_ARETT
1760985644662,True,True,0.01615278,1.679569,0.02573251,-0.1597654,0.0957859,0.9824969,False,0,0,0,Data_from_ARETT
1760985644696,True,True,0.01527518,1.679482,0.02557304,-0.1651151,0.09437002,0.9817491,False,0,0,0,Data_from_ARETT
1760985644696,True,True,0.01527518,1.679482,0.02557304,-0.1651151,0.09437002,0.9817491,False,0,0,0,Data_from_ARETT
1760985644696,True,True,0.01527518,1.679482,0.02557304,-0.1651151,0.09437002,0.9817491,False,0,0,0,Data_from_ARETT
1760985644730,True,True,0.01491566,1.679366,0.02561877,-0.1727439,0.09254504,0.9806095,False,0,0,0,Data_from_ARETT
1760985644730,True,True,0.01491566,1.679366,0.02561877,-0.1727439,0.09254504,0.9806095,False,0,0,0,Data_from_ARETT
1760985644730,True,True,0.01491566,1.679366,0.02561877,-0.1727439,0.09254504,0.9806095,False,0,0,0,Data_from_ARETT
1760985644765,True,True,0.01390981,1.679481,0.02525189,-0.1761117,0.09306355,0.9799612,False,0,0,0,Data_from_ARETT
1760985644765,True,True,0.01390981,1.679481,0.02525189,-0.1761117,0.09306355,0.9799612,False,0,0,0,Data_from_ARETT
1760985644765,True,True,0.01390981,1.679481,0.02525189,-0.1761117,0.09306355,0.9799612,False,0,0,0,Data_from_ARETT
1760985644799,True,True,0.01340192,1.679451,0.02513441,-0.1822467,0.09314542,0.978831,False,0,0,0,Data_from_ARETT
1760985644799,True,True,0.01340192,1.679451,0.02513441,-0.1822467,0.09314542,0.978831,False,0,0,0,Data_from_ARETT
1760985644799,True,True,0.01340192,1.679451,0.02513441,-0.1822467,0.09314542,0.978831,False,0,0,0,Data_from_ARETT
1760985644833,True,True,0.01262513,1.679112,0.02555742,-0.188465,0.09464262,0.977509,False,0,0,0,Data_from_ARETT
1760985644833,True,True,0.01262513,1.679112,0.02555742,-0.188465,0.09464262,0.977509,False,0,0,0,Data_from_ARETT
1760985644833,True,True,0.01262513,1.679112,0.02555742,-0.188465,0.09464262,0.977509,False,0,0,0,Data_from_ARETT
1760985644867,True,True,0.01206747,1.679533,0.02465169,-0.1949429,0.09456901,0.9762449,False,0,0,0,Data_from_ARETT
1760985644867,True,True,0.01206747,1.679533,0.02465169,-0.1949429,0.09456901,0.9762449,False,0,0,0,Data_from_ARETT
1760985644867,True,True,0.01206747,1.679533,0.02465169,-0.1949429,0.09456901,0.9762449,False,0,0,0,Data_from_ARETT
1760985644900,True,True,0.01148277,1.679644,0.02422239,-0.2015111,0.09425598,0.9749405,False,0,0,0,Data_from_ARETT
1760985644900,True,True,0.01148277,1.679644,0.02422239,-0.2015111,0.09425598,0.9749405,False,0,0,0,Data_from_ARETT
1760985644900,True,True,0.01148277,1.679644,0.02422239,-0.2015111,0.09425598,0.9749405,False,0,0,0,Data_from_ARETT
1760985644934,True,True,0.01092052,1.679739,0.02436446,-0.2062266,0.09553761,0.9738291,False,0,0,0,Data_from_ARETT
1760985644934,True,True,0.01092052,1.679739,0.02436446,-0.2062266,0.09553761,0.9738291,False,0,0,0,Data_from_ARETT
1760985644934,True,True,0.01092052,1.679739,0.02436446,-0.2062266,0.09553761,0.9738291,False,0,0,0,Data_from_ARETT
1760985644969,True,True,0.009935991,1.679784,0.0243044,-0.2124481,0.09942599,0.972101,False,0,0,0,Data_from_ARETT
1760985644969,True,True,0.009935991,1.679784,0.0243044,-0.2124481,0.09942599,0.972101,False,0,0,0,Data_from_ARETT
1760985644969,True,True,0.009935991,1.679784,0.0243044,-0.2124481,0.09942599,0.972101,False,0,0,0,Data_from_ARETT
1760985645003,True,True,0.009752364,1.680189,0.02345177,-0.219417,0.09873427,0.9706224,False,0,0,0,Data_from_ARETT
1760985645003,True,True,0.009752364,1.680189,0.02345177,-0.219417,0.09873427,0.9706224,False,0,0,0,Data_from_ARETT
1760985645003,True,True,0.009752364,1.680189,0.02345177,-0.219417,0.09873427,0.9706224,False,0,0,0,Data_from_ARETT
1760985645037,True,True,0.009216383,1.680091,0.02310477,-0.2267404,0.09821521,0.9689905,False,0,0,0,Data_from_ARETT
1760985645037,True,True,0.009216383,1.680091,0.02310477,-0.2267404,0.09821521,0.9689905,False,0,0,0,Data_from_ARETT
1760985645037,True,True,0.009216383,1.680091,0.02310477,-0.2267404,0.09821521,0.9689905,False,0,0,0,Data_from_ARETT
1760985645070,True,True,0.008417395,1.679815,0.02312373,-0.234934,0.09643831,0.9672154,False,0,0,0,Data_from_ARETT
1760985645070,True,True,0.008417395,1.679815,0.02312373,-0.234934,0.09643831,0.9672154,False,0,0,0,Data_from_ARETT
1760985645070,True,True,0.008417395,1.679815,0.02312373,-0.234934,0.09643831,0.9672154,False,0,0,0,Data_from_ARETT
1760985645104,True,True,0.007359809,1.679939,0.02228498,-0.2444194,0.097394,0.9647661,False,0,0,0,Data_from_ARETT
1760985645104,True,True,0.007359809,1.679939,0.02228498,-0.2444194,0.097394,0.9647661,False,0,0,0,Data_from_ARETT
1760985645104,True,True,0.007359809,1.679939,0.02228498,-0.2444194,0.097394,0.9647661,False,0,0,0,Data_from_ARETT
1760985645139,True,True,0.00621449,1.679461,0.02194494,-0.2559633,0.09549826,0.9619578,False,0,0,0,Data_from_ARETT
1760985645139,True,True,0.00621449,1.679461,0.02194494,-0.2559633,0.09549826,0.9619578,False,0,0,0,Data_from_ARETT
1760985645139,True,True,0.00621449,1.679461,0.02194494,-0.2559633,0.09549826,0.9619578,False,0,0,0,Data_from_ARETT
1760985645173,True,True,0.00542109,1.679297,0.02082692,-0.2691329,0.08922043,0.9589615,False,0,0,0,Data_from_ARETT
1760985645173,True,True,0.00542109,1.679297,0.02082692,-0.2691329,0.08922043,0.9589615,False,0,0,0,Data_from_ARETT
1760985645173,True,True,0.00542109,1.679297,0.02082692,-0.2691329,0.08922043,0.9589615,False,0,0,0,Data_from_ARETT
1760985645207,True,True,0.003587125,1.678604,0.02167046,-0.2834625,0.08808302,0.9549295,False,0,0,0,Data_from_ARETT
1760985645207,True,True,0.003587125,1.678604,0.02167046,-0.2834625,0.08808302,0.9549295,False,0,0,0,Data_from_ARETT
1760985645207,True,True,0.003587125,1.678604,0.02167046,-0.2834625,0.08808302,0.9549295,False,0,0,0,Data_from_ARETT
1760985645241,True,True,0.00186707,1.679037,0.02029974,-0.2986565,0.08934893,0.950169,False,0,0,0,Data_from_ARETT
1760985645241,True,True,0.00186707,1.679037,0.02029974,-0.2986565,0.08934893,0.950169,False,0,0,0,Data_from_ARETT
1760985645241,True,True,0.00186707,1.679037,0.02029974,-0.2986565,0.08934893,0.950169,False,0,0,0,Data_from_ARETT
1760985645275,True,True,0.000378195,1.678916,0.01923152,-0.3151301,0.08488506,0.9452447,False,0,0,0,Data_from_ARETT
1760985645275,True,True,0.000378195,1.678916,0.01923152,-0.3151301,0.08488506,0.9452447,False,0,0,0,Data_from_ARETT
1760985645275,True,True,0.000378195,1.678916,0.01923152,-0.3151301,0.08488506,0.9452447,False,0,0,0,Data_from_ARETT
1760985645309,True,True,-0.001378931,1.67862,0.01882359,-0.3304398,0.07997487,0.9404326,False,0,0,0,Data_from_ARETT
1760985645309,True,True,-0.001378931,1.67862,0.01882359,-0.3304398,0.07997487,0.9404326,False,0,0,0,Data_from_ARETT
1760985645309,True,True,-0.001378931,1.67862,0.01882359,-0.3304398,0.07997487,0.9404326,False,0,0,0,Data_from_ARETT
1760985645343,True,True,-0.003220662,1.678117,0.01882457,-0.3457256,0.08243049,0.934708,False,0,0,0,Data_from_ARETT
1760985645343,True,True,-0.003220662,1.678117,0.01882457,-0.3457256,0.08243049,0.934708,False,0,0,0,Data_from_ARETT
1760985645343,True,True,-0.003220662,1.678117,0.01882457,-0.3457256,0.08243049,0.934708,False,0,0,0,Data_from_ARETT
1760985645377,True,True,-0.004507978,1.678239,0.01766244,-0.3598754,0.07916979,0.9296353,False,0,0,0,Data_from_ARETT
1760985645377,True,True,-0.004507978,1.678239,0.01766244,-0.3598754,0.07916979,0.9296353,False,0,0,0,Data_from_ARETT
1760985645377,True,True,-0.004507978,1.678239,0.01766244,-0.3598754,0.07916979,0.9296353,False,0,0,0,Data_from_ARETT
1760985645411,True,True,-0.006063513,1.678024,0.01718934,-0.3703266,0.07750871,0.9256623,False,0,0,0,Data_from_ARETT
1760985645411,True,True,-0.006063513,1.678024,0.01718934,-0.3703266,0.07750871,0.9256623,False,0,0,0,Data_from_ARETT
1760985645411,True,True,-0.006063513,1.678024,0.01718934,-0.3703266,0.07750871,0.9256623,False,0,0,0,Data_from_ARETT
1760985645445,True,True,-0.006607088,1.677915,0.01669591,-0.3766766,0.07510925,0.9232948,False,0,0,0,Data_from_ARETT
1760985645445,True,True,-0.006607088,1.677915,0.01669591,-0.3766766,0.07510925,0.9232948,False,0,0,0,Data_from_ARETT
1760985645445,True,True,-0.006607088,1.677915,0.01669591,-0.3766766,0.07510925,0.9232948,False,0,0,0,Data_from_ARETT
1760985645479,True,True,-0.007156747,1.677502,0.01699753,-0.3802417,0.07311977,0.9219922,False,0,0,0,Data_from_ARETT
1760985645479,True,True,-0.007156747,1.677502,0.01699753,-0.3802417,0.07311977,0.9219922,False,0,0,0,Data_from_ARETT
1760985645479,True,True,-0.007156747,1.677502,0.01699753,-0.3802417,0.07311977,0.9219922,False,0,0,0,Data_from_ARETT
1760985645513,True,True,-0.007667392,1.677265,0.01697166,-0.37837,0.07130763,0.9229038,False,0,0,0,Data_from_ARETT
1760985645513,True,True,-0.007667392,1.677265,0.01697166,-0.37837,0.07130763,0.9229038,False,0,0,0,Data_from_ARETT
1760985645513,True,True,-0.007667392,1.677265,0.01697166,-0.37837,0.07130763,0.9229038,False,0,0,0,Data_from_ARETT
1760985645546,True,True,-0.007882588,1.677123,0.01697784,-0.3755151,0.0701538,0.9241574,False,0,0,0,Data_from_ARETT
1760985645546,True,True,-0.007882588,1.677123,0.01697784,-0.3755151,0.0701538,0.9241574,False,0,0,0,Data_from_ARETT
1760985645546,True,True,-0.007882588,1.677123,0.01697784,-0.3755151,0.0701538,0.9241574,False,0,0,0,Data_from_ARETT
1760985645581,True,True,-0.007679022,1.676759,0.01702759,-0.3764699,0.06820805,0.9239146,False,0,0,0,Data_from_ARETT
1760985645581,True,True,-0.007679022,1.676759,0.01702759,-0.3764699,0.06820805,0.9239146,False,0,0,0,Data_from_ARETT
1760985645581,True,True,-0.007679022,1.676759,0.01702759,-0.3764699,0.06820805,0.9239146,False,0,0,0,Data_from_ARETT
1760985645616,True,True,-0.007679444,1.676122,0.01697495,-0.3782496,0.06143529,0.9236628,False,0,0,0,Data_from_ARETT
1760985645616,True,True,-0.007679444,1.676122,0.01697495,-0.3782496,0.06143529,0.9236628,False,0,0,0,Data_from_ARETT
1760985645616,True,True,-0.007679444,1.676122,0.01697495,-0.3782496,0.06143529,0.9236628,False,0,0,0,Data_from_ARETT
1760985645649,True,True,-0.007908193,1.675729,0.01691041,-0.3791906,0.05243813,0.9238315,False,0,0,0,Data_from_ARETT
1760985645649,True,True,-0.007908193,1.675729,0.01691041,-0.3791906,0.05243813,0.9238315,False,0,0,0,Data_from_ARETT
1760985645649,True,True,-0.007908193,1.675729,0.01691041,-0.3791906,0.05243813,0.9238315,False,0,0,0,Data_from_ARETT
1760985645684,True,True,-0.00793428,1.675021,0.01744997,-0.3795536,0.04488234,0.9240804,False,0,0,0,Data_from_ARETT
1760985645684,True,True,-0.00793428,1.675021,0.01744997,-0.3795536,0.04488234,0.9240804,False,0,0,0,Data_from_ARETT
1760985645684,True,True,-0.00793428,1.675021,0.01744997,-0.3795536,0.04488234,0.9240804,False,0,0,0,Data_from_ARETT
1760985645718,True,True,-0.008612071,1.674155,0.01825416,-0.3781756,0.04131328,0.9248115,False,0,0,0,Data_from_ARETT
1760985645718,True,True,-0.008612071,1.674155,0.01825416,-0.3781756,0.04131328,0.9248115,False,0,0,0,Data_from_ARETT
1760985645718,True,True,-0.008612071,1.674155,0.01825416,-0.3781756,0.04131328,0.9248115,False,0,0,0,Data_from_ARETT
1760985645753,True,True,-0.008596175,1.673772,0.01853864,-0.3763144,0.03440704,0.925853,False,0,0,0,Data_from_ARETT
1760985645753,True,True,-0.008596175,1.673772,0.01853864,-0.3763144,0.03440704,0.925853,False,0,0,0,Data_from_ARETT
1760985645753,True,True,-0.008596175,1.673772,0.01853864,-0.3763144,0.03440704,0.925853,False,0,0,0,Data_from_ARETT
1760985645787,True,True,-0.008356158,1.673261,0.01852832,-0.3759075,0.02486251,0.9263236,False,0,0,0,Data_from_ARETT
1760985645787,True,True,-0.008356158,1.673261,0.01852832,-0.3759075,0.02486251,0.9263236,False,0,0,0,Data_from_ARETT
1760985645787,True,True,-0.008356158,1.673261,0.01852832,-0.3759075,0.02486251,0.9263236,False,0,0,0,Data_from_ARETT
1760985645821,True,True,-0.00877331,1.672491,0.01926433,-0.3779037,0.0148182,0.9257263,False,0,0,0,Data_from_ARETT
1760985645821,True,True,-0.00877331,1.672491,0.01926433,-0.3779037,0.0148182,0.9257263,False,0,0,0,Data_from_ARETT
1760985645821,True,True,-0.00877331,1.672491,0.01926433,-0.3779037,0.0148182,0.9257263,False,0,0,0,Data_from_ARETT
1760985645854,True,True,-0.009254361,1.671888,0.01984602,-0.3783852,0.01110578,0.9255816,False,0,0,0,Data_from_ARETT
1760985645854,True,True,-0.009254361,1.671888,0.01984602,-0.3783852,0.01110578,0.9255816,False,0,0,0,Data_from_ARETT
1760985645854,True,True,-0.009254361,1.671888,0.01984602,-0.3783852,0.01110578,0.9255816,False,0,0,0,Data_from_ARETT
1760985645889,True,True,-0.009314475,1.671242,0.020021,-0.3773725,0.005142413,0.9260473,False,0,0,0,Data_from_ARETT
1760985645889,True,True,-0.009314475,1.671242,0.020021,-0.3773725,0.005142413,0.9260473,False,0,0,0,Data_from_ARETT
1760985645889,True,True,-0.009314475,1.671242,0.020021,-0.3773725,0.005142413,0.9260473,False,0,0,0,Data_from_ARETT
1760985645923,True,True,-0.008788507,1.67048,0.01986678,-0.374937,-0.008974614,0.9270068,False,0,0,0,Data_from_ARETT
1760985645923,True,True,-0.008788507,1.67048,0.01986678,-0.374937,-0.008974614,0.9270068,False,0,0,0,Data_from_ARETT
1760985645923,True,True,-0.008788507,1.67048,0.01986678,-0.374937,-0.008974614,0.9270068,False,0,0,0,Data_from_ARETT
1760985645958,True,True,-0.008689889,1.668887,0.02035516,-0.3704191,-0.02731654,0.928463,False,0,0,0,Data_from_ARETT
1760985645958,True,True,-0.008689889,1.668887,0.02035516,-0.3704191,-0.02731654,0.928463,False,0,0,0,Data_from_ARETT
1760985645958,True,True,-0.008689889,1.668887,0.02035516,-0.3704191,-0.02731654,0.928463,False,0,0,0,Data_from_ARETT
1760985645991,True,True,-0.008538594,1.667241,0.0207353,-0.3635526,-0.04754255,0.9303597,False,0,0,0,Data_from_ARETT
1760985645991,True,True,-0.008538594,1.667241,0.0207353,-0.3635526,-0.04754255,0.9303597,False,0,0,0,Data_from_ARETT
1760985645991,True,True,-0.008538594,1.667241,0.0207353,-0.3635526,-0.04754255,0.9303597,False,0,0,0,Data_from_ARETT
