eyeDataTimestamp,isCalibrationValid,gazeHasValue,gazeOrigin_x,gazeOrigin_y,gazeOrigin_z,gazeDirection_x,gazeDirection_y,gazeDirection_z,gazePointHit,gazePoint_x,gazePoint_y,gazePoint_z,note
1760985656051,True,True,0.009335342,1.681366,0.007564218,-0.3315363,0.1518674,0.9311391,False,0,0,0,Data_from_ARETT
1760985656051,True,True,0.009335342,1.681366,0.007564218,-0.3315363,0.1518674,0.9311391,False,0,0,0,Data_from_ARETT
1760985656051,True,True,0.009335342,1.681366,0.007564218,-0.3315363,0.1518674,0.9311391,False,0,0,0,Data_from_ARETT
1760985656085,True,True,0.009415012,1.681358,0.007954611,-0.3286427,0.1496531,0.9325224,False,0,0,0,Data_from_ARETT
1760985656085,True,True,0.009415012,1.681358,0.007954611,-0.3286427,0.1496531,0.9325224,False,0,0,0,Data_from_ARETT
1760985656085,True,True,0.009415012,1.681358,0.007954611,-0.3286427,0.1496531,0.9325224,False,0,0,0,Data_from_ARETT
1760985656119,True,True,0.009484546,1.681359,0.008181226,-0.3269641,0.1516971,0.9327821,False,0,0,0,Data_from_ARETT
1760985656119,True,True,0.009484546,1.681359,0.008181226,-0.3269641,0.1516971,0.9327821,False,0,0,0,Data_from_ARETT
1760985656119,True,True,0.009484546,1.681359,0.008181226,-0.3269641,0.1516971,0.9327821,False,0,0,0,Data_from_ARETT
1760985656153,True,True,0.00960917,1.681485,0.007768407,-0.327229,0.1525344,0.9325526,False,0,0,0,Data_from_ARETT
1760985656153,True,True,0.00960917,1.681485,0.007768407,-0.327229,0.1525344,0.9325526,False,0,0,0,Data_from_ARETT
1760985656153,True,True,0.00960917,1.681485,0.007768407,-0.327229,0.1525344,0.9325526,False,0,0,0,Data_from_ARETT
1760985656187,True,True,0.009821798,1.681561,0.007504733,-0.3274519,0.1511889,0.9326935,False,0,0,0,Data_from_ARETT
1760985656187,True,True,0.009821798,1.681561,0.007504733,-0.3274519,0.1511889,0.9326935,False,0,0,0,Data_from_ARETT
1760985656187,True,True,0.009821798,1.681561,0.007504733,-0.3274519,0.1511889,0.9326935,False,0,0,0,Data_from_ARETT
1760985656221,True,True,0.009680096,1.681517,0.007609779,-0.3287992,0.1504102,0.9323453,False,0,0,0,Data_from_ARETT
1760985656221,True,True,0.009680096,1.681517,0.007609779,-0.3287992,0.1504102,0.9323453,False,0,0,0,Data_from_ARETT
1760985656221,True,True,0.009680096,1.681517,0.007609779,-0.3287992,0.1504102,0.9323453,False,0,0,0,Data_from_ARETT
1760985656257,True,True,0.009785178,1.681482,0.007642082,-0.3297173,0.1506468,0.9319828,False,0,0,0,Data_from_ARETT
1760985656257,True,True,0.009785178,1.681482,0.007642082,-0.3297173,0.1506468,0.9319828,False,0,0,0,Data_from_ARETT
1760985656257,True,True,0.009785178,1.681482,0.007642082,-0.3297173,0.1506468,0.9319828,False,0,0,0,Data_from_ARETT
1760985656291,True,True,0.009468858,1.681747,0.007629241,-0.332534,0.154623,0.9303294,False,0,0,0,Data_from_ARETT
1760985656291,True,True,0.009468858,1.681747,0.007629241,-0.332534,0.154623,0.9303294,False,0,0,0,Data_from_ARETT
1760985656291,True,True,0.009468858,1.681747,0.007629241,-0.332534,0.154623,0.9303294,False,0,0,0,Data_from_ARETT
1760985656324,True,True,0.009609262,1.682018,0.007293055,-0.3330559,0.1559182,0.9299265,False,0,0,0,Data_from_ARETT
1760985656324,True,True,0.009609262,1.682018,0.007293055,-0.3330559,0.1559182,0.9299265,False,0,0,0,Data_from_ARETT
1760985656324,True,True,0.009609262,1.682018,0.007293055,-0.3330559,0.1559182,0.9299265,False,0,0,0,Data_from_ARETT
1760985656359,True,True,0.009632825,1.682151,0.007602713,-0.332312,0.1565417,0.9300879,False,0,0,0,Data_from_ARETT
1760985656359,True,True,0.009632825,1.682151,0.007602713,-0.332312,0.1565417,0.9300879,False,0,0,0,Data_from_ARETT
1760985656359,True,True,0.009632825,1.682151,0.007602713,-0.332312,0.1565417,0.9300879,False,0,0,0,Data_from_ARETT
1760985656393,True,True,0.00975203,1.682364,0.007560792,-0.3311528,0.1572693,0.9303785,False,0,0,0,Data_from_ARETT
1760985656393,True,True,0.00975203,1.682364,0.007560792,-0.3311528,0.1572693,0.9303785,False,0,0,0,Data_from_ARETT
1760985656393,True,True,0.00975203,1.682364,0.007560792,-0.3311528,0.1572693,0.9303785,False,0,0,0,Data_from_ARETT
1760985656427,True,True,0.009773139,1.682314,0.007707188,-0.3294363,0.1586568,0.9307523,False,0,0,0,Data_from_ARETT
1760985656427,True,True,0.009773139,1.682314,0.007707188,-0.3294363,0.1586568,0.9307523,False,0,0,0,Data_from_ARETT
1760985656427,True,True,0.009773139,1.682314,0.007707188,-0.3294363,0.1586568,0.9307523,False,0,0,0,Data_from_ARETT
1760985656461,True,True,0.01026649,1.68214,0.00775558,-0.3278866,0.1556855,0.9318006,False,0,0,0,Data_from_ARETT
1760985656461,True,True,0.01026649,1.68214,0.00775558,-0.3278866,0.1556855,0.9318006,False,0,0,0,Data_from_ARETT
1760985656461,True,True,0.01026649,1.68214,0.00775558,-0.3278866,0.1556855,0.9318006,False,0,0,0,Data_from_ARETT
1760985656494,True,True,0.009959922,1.681452,0.008151404,-0.3274987,0.1513063,0.932658,False,0,0,0,Data_from_ARETT
1760985656494,True,True,0.009959922,1.681452,0.008151404,-0.3274987,0.1513063,0.932658,False,0,0,0,Data_from_ARETT
1760985656494,True,True,0.009959922,1.681452,0.008151404,-0.3274987,0.1513063,0.932658,False,0,0,0,Data_from_ARETT
1760985656529,True,True,0.009982011,1.681196,0.00806615,-0.3267257,0.1495932,0.9332054,False,0,0,0,Data_from_ARETT
1760985656529,True,True,0.009982011,1.681196,0.00806615,-0.3267257,0.1495932,0.9332054,False,0,0,0,Data_from_ARETT
1760985656529,True,True,0.009982011,1.681196,0.00806615,-0.3267257,0.1495932,0.9332054,False,0,0,0,Data_from_ARETT
1760985656563,True,True,0.009979635,1.680944,0.008209284,-0.3259241,0.1484506,0.933668,False,0,0,0,Data_from_ARETT
1760985656563,True,True,0.009979635,1.680944,0.008209284,-0.3259241,0.1484506,0.933668,False,0,0,0,Data_from_ARETT
1760985656563,True,True,0.009979635,1.680944,0.008209284,-0.3259241,0.1484506,0.933668,False,0,0,0,Data_from_ARETT
1760985656597,True,True,0.0100341,1.680978,0.008200069,-0.3248438,0.1462642,0.9343893,False,0,0,0,Data_from_ARETT
1760985656597,True,True,0.0100341,1.680978,0.008200069,-0.3248438,0.1462642,0.9343893,False,0,0,0,Data_from_ARETT
1760985656597,True,True,0.0100341,1.680978,0.008200069,-0.3248438,0.1462642,0.9343893,False,0,0,0,Data_from_ARETT
1760985656631,True,True,0.01002169,1.680871,0.008310116,-0.322508,0.1441565,0.9355252,False,0,0,0,Data_from_ARETT
1760985656631,True,True,0.01002169,1.680871,0.008310116,-0.322508,0.1441565,0.9355252,False,0,0,0,Data_from_ARETT
1760985656631,True,True,0.01002169,1.680871,0.008310116,-0.322508,0.1441565,0.9355252,False,0,0,0,Data_from_ARETT
1760985656665,True,True,0.01010562,1.680732,0.008583548,-0.3192023,0.1422258,0.9369534,False,0,0,0,Data_from_ARETT
1760985656665,True,True,0.01010562,1.680732,0.008583548,-0.3192023,0.1422258,0.9369534,False,0,0,0,Data_from_ARETT
1760985656665,True,True,0.01010562,1.680732,0.008583548,-0.3192023,0.1422258,0.9369534,False,0,0,0,Data_from_ARETT
1760985656699,True,True,0.01021147,1.680641,0.009019393,-0.3145484,0.1381995,0.9391274,False,0,0,0,Data_from_ARETT
1760985656699,True,True,0.01021147,1.680641,0.009019393,-0.3145484,0.1381995,0.9391274,False,0,0,0,Data_from_ARETT
1760985656699,True,True,0.01021147,1.680641,0.009019393,-0.3145484,0.1381995,0.9391274,False,0,0,0,Data_from_ARETT
1760985656733,True,True,0.01029682,1.680473,0.009680131,-0.3110809,0.1386794,0.940211,False,0,0,0,Data_from_ARETT
1760985656733,True,True,0.01029682,1.680473,0.009680131,-0.3110809,0.1386794,0.940211,False,0,0,0,Data_from_ARETT
1760985656733,True,True,0.01029682,1.680473,0.009680131,-0.3110809,0.1386794,0.940211,False,0,0,0,Data_from_ARETT
1760985656767,True,True,0.0105308,1.680432,0.01017413,-0.3084297,0.1392301,0.9410027,False,0,0,0,Data_from_ARETT
1760985656767,True,True,0.0105308,1.680432,0.01017413,-0.3084297,0.1392301,0.9410027,False,0,0,0,Data_from_ARETT
1760985656767,True,True,0.0105308,1.680432,0.01017413,-0.3084297,0.1392301,0.9410027,False,0,0,0,Data_from_ARETT
1760985656801,True,True,0.01075653,1.680571,0.01033667,-0.305338,0.1388412,0.9420679,False,0,0,0,Data_from_ARETT
1760985656801,True,True,0.01075653,1.680571,0.01033667,-0.305338,0.1388412,0.9420679,False,0,0,0,Data_from_ARETT
1760985656801,True,True,0.01075653,1.680571,0.01033667,-0.305338,0.1388412,0.9420679,False,0,0,0,Data_from_ARETT
1760985656835,True,True,0.01113543,1.680537,0.01063321,-0.3036669,0.1375882,0.9427915,False,0,0,0,Data_from_ARETT
1760985656835,True,True,0.01113543,1.680537,0.01063321,-0.3036669,0.1375882,0.9427915,False,0,0,0,Data_from_ARETT
1760985656835,True,True,0.01113543,1.680537,0.01063321,-0.3036669,0.1375882,0.9427915,False,0,0,0,Data_from_ARETT
1760985656869,True,True,0.01133848,1.68042,0.01093058,-0.3025434,0.1375178,0.9431629,False,0,0,0,Data_from_ARETT
1760985656869,True,True,0.01133848,1.68042,0.01093058,-0.3025434,0.1375178,0.9431629,False,0,0,0,Data_from_ARETT
1760985656869,True,True,0.01133848,1.68042,0.01093058,-0.3025434,0.1375178,0.9431629,False,0,0,0,Data_from_ARETT
1760985656902,True,True,0.01152004,1.680461,0.01097904,-0.3017029,0.1364073,0.9435933,False,0,0,0,Data_from_ARETT
1760985656902,True,True,0.01152004,1.680461,0.01097904,-0.3017029,0.1364073,0.9435933,False,0,0,0,Data_from_ARETT
1760985656902,True,True,0.01152004,1.680461,0.01097904,-0.3017029,0.1364073,0.9435933,False,0,0,0,Data_from_ARETT
1760985656938,True,True,0.01201772,1.680236,0.01127106,-0.3005747,0.135923,0.9440232,False,0,0,0,Data_from_ARETT
1760985656938,True,True,0.01201772,1.680236,0.01127106,-0.3005747,0.135923,0.9440232,False,0,0,0,Data_from_ARETT
1760985656938,True,True,0.01201772,1.680236,0.01127106,-0.3005747,0.135923,0.9440232,False,0,0,0,Data_from_ARETT
1760985656972,True,True,0.01227596,1.680183,0.01142643,-0.2972571,0.1346735,0.9452519,False,0,0,0,Data_from_ARETT
1760985656972,True,True,0.01227596,1.680183,0.01142643,-0.2972571,0.1346735,0.9452519,False,0,0,0,Data_from_ARETT
1760985656972,True,True,0.01227596,1.680183,0.01142643,-0.2972571,0.1346735,0.9452519,False,0,0,0,Data_from_ARETT
1760985657006,True,True,0.01277739,1.679941,0.01186957,-0.2926034,0.1333949,0.9468839,False,0,0,0,Data_from_ARETT
1760985657006,True,True,0.01277739,1.679941,0.01186957,-0.2926034,0.1333949,0.9468839,False,0,0,0,Data_from_ARETT
1760985657006,True,True,0.01277739,1.679941,0.01186957,-0.2926034,0.1333949,0.9468839,False,0,0,0,Data_from_ARETT
1760985657039,True,True,0.01341016,1.679733,0.01214796,-0.2876191,0.1313374,0.9486969,False,0,0,0,Data_from_ARETT
1760985657039,True,True,0.01341016,1.679733,0.01214796,-0.2876191,0.1313374,0.9486969,False,0,0,0,Data_from_ARETT
1760985657039,True,True,0.01341016,1.679733,0.01214796,-0.2876191,0.1313374,0.9486969,False,0,0,0,Data_from_ARETT
1760985657073,True,True,0.01402624,1.679481,0.01229567,-0.2821153,0.1286136,0.9507205,False,0,0,0,Data_from_ARETT
1760985657073,True,True,0.01402624,1.679481,0.01229567,-0.2821153,0.1286136,0.9507205,False,0,0,0,Data_from_ARETT
1760985657073,True,True,0.01402624,1.679481,0.01229567,-0.2821153,0.1286136,0.9507205,False,0,0,0,Data_from_ARETT
1760985657108,True,True,0.01458494,1.679324,0.01270077,-0.2766513,0.1238143,0.9529607,True,-0.3589028,1.846477,1.299227,Data_from_ARETT
1760985657108,True,True,0.01458494,1.679324,0.01270077,-0.2766513,0.1238143,0.9529607,True,-0.3589028,1.846477,1.299227,Data_from_ARETT
1760985657108,True,True,0.01458494,1.679324,0.01270077,-0.2766513,0.1238143,0.9529607,True,-0.3589028,1.846477,1.299227,Data_from_ARETT
1760985657142,True,True,0.01485448,1.678987,0.01390876,-0.2727033,0.1224195,0.9542779,True,-0.3533157,1.844262,1.302256,Data_from_ARETT
1760985657142,True,True,0.01485448,1.678987,0.01390876,-0.2727033,0.1224195,0.9542779,True,-0.3533157,1.844262,1.302256,Data_from_ARETT
1760985657142,True,True,0.01485448,1.678987,0.01390876,-0.2727033,0.1224195,0.9542779,True,-0.3533157,1.844262,1.302256,Data_from_ARETT
1760985657176,True,True,0.01534737,1.67931,0.01405853,-0.2702169,0.1220426,0.9550332,True,-0.3493887,1.844042,1.303153,Data_from_ARETT
1760985657176,True,True,0.01534737,1.67931,0.01405853,-0.2702169,0.1220426,0.9550332,True,-0.3493887,1.844042,1.303153,Data_from_ARETT
1760985657176,True,True,0.01534737,1.67931,0.01405853,-0.2702169,0.1220426,0.9550332,True,-0.3493887,1.844042,1.303153,Data_from_ARETT
1760985657209,True,True,0.01525053,1.679188,0.01478911,-0.2688008,0.1231887,0.9552857,True,-0.3476436,1.845498,1.304471,Data_from_ARETT
1760985657209,True,True,0.01525053,1.679188,0.01478911,-0.2688008,0.1231887,0.9552857,True,-0.3476436,1.845498,1.304471,Data_from_ARETT
1760985657209,True,True,0.01525053,1.679188,0.01478911,-0.2688008,0.1231887,0.9552857,True,-0.3476436,1.845498,1.304471,Data_from_ARETT
1760985657244,True,True,0.0160083,1.679166,0.01478415,-0.2695896,0.1202196,0.9554416,True,-0.3479785,1.841481,1.304775,Data_from_ARETT
1760985657244,True,True,0.0160083,1.679166,0.01478415,-0.2695896,0.1202196,0.9554416,True,-0.3479785,1.841481,1.304775,Data_from_ARETT
1760985657244,True,True,0.0160083,1.679166,0.01478415,-0.2695896,0.1202196,0.9554416,True,-0.3479785,1.841481,1.304775,Data_from_ARETT
1760985657278,True,True,0.01577905,1.678587,0.01569075,-0.2696094,0.1156528,0.9559996,True,-0.3480509,1.834657,1.305784,Data_from_ARETT
1760985657278,True,True,0.01577905,1.678587,0.01569075,-0.2696094,0.1156528,0.9559996,True,-0.3480509,1.834657,1.305784,Data_from_ARETT
1760985657278,True,True,0.01577905,1.678587,0.01569075,-0.2696094,0.1156528,0.9559996,True,-0.3480509,1.834657,1.305784,Data_from_ARETT
1760985657313,True,True,0.01604469,1.678346,0.01624075,-0.2675291,0.1098878,0.9572632,True,-0.3452809,1.82676,1.309123,Data_from_ARETT
1760985657313,True,True,0.01604469,1.678346,0.01624075,-0.2675291,0.1098878,0.9572632,True,-0.3452809,1.82676,1.309123,Data_from_ARETT
1760985657313,True,True,0.01604469,1.678346,0.01624075,-0.2675291,0.1098878,0.9572632,True,-0.3452809,1.82676,1.309123,Data_from_ARETT
1760985657347,True,True,0.01615594,1.678218,0.01672186,-0.2667895,0.1085071,0.9576271,True,-0.3441899,1.824775,1.310164,Data_from_ARETT
1760985657347,True,True,0.01615594,1.678218,0.01672186,-0.2667895,0.1085071,0.9576271,True,-0.3441899,1.824775,1.310164,Data_from_ARETT
1760985657347,True,True,0.01615594,1.678218,0.01672186,-0.2667895,0.1085071,0.9576271,True,-0.3441899,1.824775,1.310164,Data_from_ARETT
1760985657380,True,True,0.01642611,1.678018,0.01722609,-0.2656694,0.1069673,0.9581116,True,-0.3423588,1.822477,1.31115,Data_from_ARETT
1760985657380,True,True,0.01642611,1.678018,0.01722609,-0.2656694,0.1069673,0.9581116,True,-0.3423588,1.822477,1.31115,Data_from_ARETT
1760985657380,True,True,0.01642611,1.678018,0.01722609,-0.2656694,0.1069673,0.9581116,True,-0.3423588,1.822477,1.31115,Data_from_ARETT
1760985657415,True,True,0.01649303,1.677632,0.01797142,-0.2628876,0.100302,0.9595987,False,0,0,0,Data_from_ARETT
1760985657415,True,True,0.01649303,1.677632,0.01797142,-0.2628876,0.100302,0.9595987,False,0,0,0,Data_from_ARETT
1760985657415,True,True,0.01649303,1.677632,0.01797142,-0.2628876,0.100302,0.9595987,False,0,0,0,Data_from_ARETT
1760985657448,True,True,0.01656441,1.67707,0.01882995,-0.2614336,0.09624776,0.9604108,False,0,0,0,Data_from_ARETT
1760985657448,True,True,0.01656441,1.67707,0.01882995,-0.2614336,0.09624776,0.9604108,False,0,0,0,Data_from_ARETT
1760985657448,True,True,0.01656441,1.67707,0.01882995,-0.2614336,0.09624776,0.9604108,False,0,0,0,Data_from_ARETT
1760985657483,True,True,0.01699685,1.676866,0.01933985,-0.2592312,0.09042552,0.9615729,False,0,0,0,Data_from_ARETT
1760985657483,True,True,0.01699685,1.676866,0.01933985,-0.2592312,0.09042552,0.9615729,False,0,0,0,Data_from_ARETT
1760985657483,True,True,0.01699685,1.676866,0.01933985,-0.2592312,0.09042552,0.9615729,False,0,0,0,Data_from_ARETT
1760985657516,True,True,0.01759629,1.676414,0.02011084,-0.2556984,0.08317778,0.9631717,False,0,0,0,Data_from_ARETT
1760985657516,True,True,0.01759629,1.676414,0.02011084,-0.2556984,0.08317778,0.9631717,False,0,0,0,Data_from_ARETT
1760985657516,True,True,0.01759629,1.676414,0.02011084,-0.2556984,0.08317778,0.9631717,False,0,0,0,Data_from_ARETT
1760985657550,True,True,0.01772186,1.675841,0.0213568,-0.2519809,0.07668931,0.9646888,False,0,0,0,Data_from_ARETT
1760985657550,True,True,0.01772186,1.675841,0.0213568,-0.2519809,0.07668931,0.9646888,False,0,0,0,Data_from_ARETT
1760985657550,True,True,0.01772186,1.675841,0.0213568,-0.2519809,0.07668931,0.9646888,False,0,0,0,Data_from_ARETT
1760985657584,True,True,0.01845129,1.675265,0.02214896,-0.2474794,0.07089802,0.9662957,False,0,0,0,Data_from_ARETT
1760985657584,True,True,0.01845129,1.675265,0.02214896,-0.2474794,0.07089802,0.9662957,False,0,0,0,Data_from_ARETT
1760985657584,True,True,0.01845129,1.675265,0.02214896,-0.2474794,0.07089802,0.9662957,False,0,0,0,Data_from_ARETT
1760985657619,True,True,0.01905281,1.674648,0.02349736,-0.2408268,0.06494989,0.9683925,False,0,0,0,Data_from_ARETT
1760985657619,True,True,0.01905281,1.674648,0.02349736,-0.2408268,0.06494989,0.9683925,False,0,0,0,Data_from_ARETT
1760985657619,True,True,0.01905281,1.674648,0.02349736,-0.2408268,0.06494989,0.9683925,False,0,0,0,Data_from_ARETT
1760985657652,True,True,0.0199264,1.674388,0.02436666,-0.2327359,0.05919158,0.970737,False,0,0,0,Data_from_ARETT
1760985657652,True,True,0.0199264,1.674388,0.02436666,-0.2327359,0.05919158,0.970737,False,0,0,0,Data_from_ARETT
1760985657652,True,True,0.0199264,1.674388,0.02436666,-0.2327359,0.05919158,0.970737,False,0,0,0,Data_from_ARETT
1760985657686,True,True,0.02088495,1.673893,0.02527343,-0.2242933,0.05338345,0.9730585,False,0,0,0,Data_from_ARETT
1760985657686,True,True,0.02088495,1.673893,0.02527343,-0.2242933,0.05338345,0.9730585,False,0,0,0,Data_from_ARETT
1760985657686,True,True,0.02088495,1.673893,0.02527343,-0.2242933,0.05338345,0.9730585,False,0,0,0,Data_from_ARETT
1760985657721,True,True,0.02155492,1.673332,0.02631037,-0.2160925,0.04618625,0.9752799,False,0,0,0,Data_from_ARETT
1760985657721,True,True,0.02155492,1.673332,0.02631037,-0.2160925,0.04618625,0.9752799,False,0,0,0,Data_from_ARETT
1760985657721,True,True,0.02155492,1.673332,0.02631037,-0.2160925,0.04618625,0.9752799,False,0,0,0,Data_from_ARETT
1760985657754,True,True,0.02237744,1.672915,0.02723642,-0.2076625,0.04028267,0.9773707,False,0,0,0,Data_from_ARETT
1760985657754,True,True,0.02237744,1.672915,0.02723642,-0.2076625,0.04028267,0.9773707,False,0,0,0,Data_from_ARETT
1760985657754,True,True,0.02237744,1.672915,0.02723642,-0.2076625,0.04028267,0.9773707,False,0,0,0,Data_from_ARETT
1760985657789,True,True,0.02271412,1.672456,0.02818231,-0.1993195,0.03502621,0.9793084,False,0,0,0,Data_from_ARETT
1760985657789,True,True,0.02271412,1.672456,0.02818231,-0.1993195,0.03502621,0.9793084,False,0,0,0,Data_from_ARETT
1760985657789,True,True,0.02271412,1.672456,0.02818231,-0.1993195,0.03502621,0.9793084,False,0,0,0,Data_from_ARETT
1760985657822,True,True,0.02357553,1.671961,0.02910054,-0.191996,0.02953214,0.9809512,False,0,0,0,Data_from_ARETT
1760985657822,True,True,0.02357553,1.671961,0.02910054,-0.191996,0.02953214,0.9809512,False,0,0,0,Data_from_ARETT
1760985657822,True,True,0.02357553,1.671961,0.02910054,-0.191996,0.02953214,0.9809512,False,0,0,0,Data_from_ARETT
1760985657857,True,True,0.02396798,1.671538,0.02960517,-0.1839578,0.02363482,0.98265,False,0,0,0,Data_from_ARETT
1760985657857,True,True,0.02396798,1.671538,0.02960517,-0.1839578,0.02363482,0.98265,False,0,0,0,Data_from_ARETT
1760985657857,True,True,0.02396798,1.671538,0.02960517,-0.1839578,0.02363482,0.98265,False,0,0,0,Data_from_ARETT
1760985657891,True,True,0.02425874,1.6709,0.03060578,-0.1776742,0.01683438,0.9839454,False,0,0,0,Data_from_ARETT
1760985657891,True,True,0.02425874,1.6709,0.03060578,-0.1776742,0.01683438,0.9839454,False,0,0,0,Data_from_ARETT
1760985657891,True,True,0.02425874,1.6709,0.03060578,-0.1776742,0.01683438,0.9839454,False,0,0,0,Data_from_ARETT
1760985657925,True,True,0.0244696,1.670388,0.03163224,-0.1725708,0.01162797,0.9849285,False,0,0,0,Data_from_ARETT
1760985657925,True,True,0.0244696,1.670388,0.03163224,-0.1725708,0.01162797,0.9849285,False,0,0,0,Data_from_ARETT
1760985657925,True,True,0.0244696,1.670388,0.03163224,-0.1725708,0.01162797,0.9849285,False,0,0,0,Data_from_ARETT
1760985657958,True,True,0.02434143,1.670149,0.03244807,-0.1677217,0.008855994,0.9857946,False,0,0,0,Data_from_ARETT
1760985657958,True,True,0.02434143,1.670149,0.03244807,-0.1677217,0.008855994,0.9857946,False,0,0,0,Data_from_ARETT
1760985657958,True,True,0.02434143,1.670149,0.03244807,-0.1677217,0.008855994,0.9857946,False,0,0,0,Data_from_ARETT
1760985657993,True,True,0.0238564,1.670089,0.032889,-0.1632266,0.006518709,0.9865671,False,0,0,0,Data_from_ARETT
1760985657993,True,True,0.0238564,1.670089,0.032889,-0.1632266,0.006518709,0.9865671,False,0,0,0,Data_from_ARETT
1760985657993,True,True,0.0238564,1.670089,0.032889,-0.1632266,0.006518709,0.9865671,False,0,0,0,Data_from_ARETT
1760985658027,True,True,0.02403901,1.669862,0.03350529,-0.1616487,0.002595591,0.986845,False,0,0,0,Data_from_ARETT
1760985658027,True,True,0.02403901,1.669862,0.03350529,-0.1616487,0.002595591,0.986845,False,0,0,0,Data_from_ARETT
1760985658027,True,True,0.02403901,1.669862,0.03350529,-0.1616487,0.002595591,0.986845,False,0,0,0,Data_from_ARETT
1760985658062,True,True,0.02326946,1.669295,0.03434216,-0.1608412,-0.0001326896,0.9869803,False,0,0,0,Data_from_ARETT
1760985658062,True,True,0.02326946,1.669295,0.03434216,-0.1608412,-0.0001326896,0.9869803,False,0,0,0,Data_from_ARETT
1760985658062,True,True,0.02326946,1.669295,0.03434216,-0.1608412,-0.0001326896,0.9869803,False,0,0,0,Data_from_ARETT
1760985658095,True,True,0.0220815,1.668996,0.03486558,-0.1599599,-0.00530912,0.9871092,False,0,0,0,Data_from_ARETT
1760985658095,True,True,0.0220815,1.668996,0.03486558,-0.1599599,-0.00530912,0.9871092,False,0,0,0,Data_from_ARETT
1760985658095,True,True,0.0220815,1.668996,0.03486558,-0.1599599,-0.00530912,0.9871092,False,0,0,0,Data_from_ARETT
1760985658129,True,True,0.02130441,1.668682,0.03561076,-0.1604438,-0.006479529,0.9870237,False,0,0,0,Data_from_ARETT
1760985658129,True,True,0.02130441,1.668682,0.03561076,-0.1604438,-0.006479529,0.9870237,False,0,0,0,Data_from_ARETT
1760985658129,True,True,0.02130441,1.668682,0.03561076,-0.1604438,-0.006479529,0.9870237,False,0,0,0,Data_from_ARETT
1760985658165,True,True,0.02037478,1.668597,0.03589561,-0.1596479,-0.007820508,0.987143,False,0,0,0,Data_from_ARETT
1760985658165,True,True,0.02037478,1.668597,0.03589561,-0.1596479,-0.007820508,0.987143,False,0,0,0,Data_from_ARETT
1760985658165,True,True,0.02037478,1.668597,0.03589561,-0.1596479,-0.007820508,0.987143,False,0,0,0,Data_from_ARETT
1760985658198,True,True,0.01943489,1.668357,0.03641865,-0.1589095,-0.01225504,0.9872171,False,0,0,0,Data_from_ARETT
1760985658198,True,True,0.01943489,1.668357,0.03641865,-0.1589095,-0.01225504,0.9872171,False,0,0,0,Data_from_ARETT
1760985658198,True,True,0.01943489,1.668357,0.03641865,-0.1589095,-0.01225504,0.9872171,False,0,0,0,Data_from_ARETT
1760985658233,True,True,0.01870712,1.668005,0.03708905,-0.1553678,-0.01503851,0.9877422,False,0,0,0,Data_from_ARETT
1760985658233,True,True,0.01870712,1.668005,0.03708905,-0.1553678,-0.01503851,0.9877422,False,0,0,0,Data_from_ARETT
1760985658233,True,True,0.01870712,1.668005,0.03708905,-0.1553678,-0.01503851,0.9877422,False,0,0,0,Data_from_ARETT
1760985658266,True,True,0.01802939,1.667613,0.03769598,-0.1473828,-0.01789267,0.9889177,False,0,0,0,Data_from_ARETT
1760985658266,True,True,0.01802939,1.667613,0.03769598,-0.1473828,-0.01789267,0.9889177,False,0,0,0,Data_from_ARETT
1760985658266,True,True,0.01802939,1.667613,0.03769598,-0.1473828,-0.01789267,0.9889177,False,0,0,0,Data_from_ARETT
1760985658300,True,True,0.01784785,1.667116,0.03838783,-0.1379243,-0.02216415,0.9901947,False,0,0,0,Data_from_ARETT
1760985658300,True,True,0.01784785,1.667116,0.03838783,-0.1379243,-0.02216415,0.9901947,False,0,0,0,Data_from_ARETT
1760985658300,True,True,0.01784785,1.667116,0.03838783,-0.1379243,-0.02216415,0.9901947,False,0,0,0,Data_from_ARETT
1760985658335,True,True,0.01811987,1.667187,0.03863723,-0.1209208,-0.02257673,0.9924054,False,0,0,0,Data_from_ARETT
1760985658335,True,True,0.01811987,1.667187,0.03863723,-0.1209208,-0.02257673,0.9924054,False,0,0,0,Data_from_ARETT
1760985658335,True,True,0.01811987,1.667187,0.03863723,-0.1209208,-0.02257673,0.9924054,False,0,0,0,Data_from_ARETT
1760985658369,True,True,0.01985903,1.667311,0.03958794,-0.08599462,-0.01887494,0.9961168,False,0,0,0,Data_from_ARETT
1760985658369,True,True,0.01985903,1.667311,0.03958794,-0.08599462,-0.01887494,0.9961168,False,0,0,0,Data_from_ARETT
1760985658369,True,True,0.01985903,1.667311,0.03958794,-0.08599462,-0.01887494,0.9961168,False,0,0,0,Data_from_ARETT
1760985658402,True,True,0.02199436,1.66733,0.0400758,-0.04747677,-0.01301023,0.9987876,False,0,0,0,Data_from_ARETT
1760985658402,True,True,0.02199436,1.66733,0.0400758,-0.04747677,-0.01301023,0.9987876,False,0,0,0,Data_from_ARETT
1760985658402,True,True,0.02199436,1.66733,0.0400758,-0.04747677,-0.01301023,0.9987876,False,0,0,0,Data_from_ARETT
1760985658436,True,True,0.02392427,1.66748,0.04021497,-0.01226834,-0.009384115,0.9998807,False,0,0,0,Data_from_ARETT
1760985658436,True,True,0.02392427,1.66748,0.04021497,-0.01226834,-0.009384115,0.9998807,False,0,0,0,Data_from_ARETT
1760985658436,True,True,0.02392427,1.66748,0.04021497,-0.01226834,-0.009384115,0.9998807,False,0,0,0,Data_from_ARETT
1760985658471,True,True,0.02588217,1.667471,0.03998849,0.01802719,-0.009158218,0.9997956,False,0,0,0,Data_from_ARETT
1760985658471,True,True,0.02588217,1.667471,0.03998849,0.01802719,-0.009158218,0.9997956,False,0,0,0,Data_from_ARETT
1760985658471,True,True,0.02588217,1.667471,0.03998849,0.01802719,-0.009158218,0.9997956,False,0,0,0,Data_from_ARETT
1760985658505,True,True,0.02732655,1.667296,0.04030766,0.04119344,-0.008901965,0.9991115,False,0,0,0,Data_from_ARETT
1760985658505,True,True,0.02732655,1.667296,0.04030766,0.04119344,-0.008901965,0.9991115,False,0,0,0,Data_from_ARETT
1760985658505,True,True,0.02732655,1.667296,0.04030766,0.04119344,-0.008901965,0.9991115,False,0,0,0,Data_from_ARETT
1760985658539,True,True,0.02788757,1.667067,0.04079062,0.0583689,-0.006614403,0.9982732,False,0,0,0,Data_from_ARETT
1760985658539,True,True,0.02788757,1.667067,0.04079062,0.0583689,-0.006614403,0.9982732,False,0,0,0,Data_from_ARETT
1760985658539,True,True,0.02788757,1.667067,0.04079062,0.0583689,-0.006614403,0.9982732,False,0,0,0,Data_from_ARETT
1760985658572,True,True,0.02874921,1.667223,0.0406535,0.06608044,-0.003232328,0.9978091,False,0,0,0,Data_from_ARETT
1760985658572,True,True,0.02874921,1.667223,0.0406535,0.06608044,-0.003232328,0.9978091,False,0,0,0,Data_from_ARETT
1760985658572,True,True,0.02874921,1.667223,0.0406535,0.06608044,-0.003232328,0.9978091,False,0,0,0,Data_from_ARETT
1760985658607,True,True,0.02995712,1.66772,0.03992153,0.07779443,0.0006877019,0.9969692,False,0,0,0,Data_from_ARETT
1760985658607,True,True,0.02995712,1.66772,0.03992153,0.07779443,0.0006877019,0.9969692,False,0,0,0,Data_from_ARETT
1760985658607,True,True,0.02995712,1.66772,0.03992153,0.07779443,0.0006877019,0.9969692,False,0,0,0,Data_from_ARETT
1760985658641,True,True,0.0308391,1.667518,0.03984331,0.09144745,0.004193827,0.9958011,False,0,0,0,Data_from_ARETT
1760985658641,True,True,0.0308391,1.667518,0.03984331,0.09144745,0.004193827,0.9958011,False,0,0,0,Data_from_ARETT
1760985658641,True,True,0.0308391,1.667518,0.03984331,0.09144745,0.004193827,0.9958011,False,0,0,0,Data_from_ARETT
1760985658675,True,True,0.03207599,1.667483,0.03965702,0.1024268,0.005674098,0.9947243,False,0,0,0,Data_from_ARETT
1760985658675,True,True,0.03207599,1.667483,0.03965702,0.1024268,0.005674098,0.9947243,False,0,0,0,Data_from_ARETT
1760985658675,True,True,0.03207599,1.667483,0.03965702,0.1024268,0.005674098,0.9947243,False,0,0,0,Data_from_ARETT
1760985658709,True,True,0.03273818,1.668275,0.0388484,0.1137813,0.007597,0.9934768,False,0,0,0,Data_from_ARETT
1760985658709,True,True,0.03273818,1.668275,0.0388484,0.1137813,0.007597,0.9934768,False,0,0,0,Data_from_ARETT
1760985658709,True,True,0.03273818,1.668275,0.0388484,0.1137813,0.007597,0.9934768,False,0,0,0,Data_from_ARETT
1760985658743,True,True,0.03304012,1.668382,0.03893157,0.1228301,0.01319793,0.99234,False,0,0,0,Data_from_ARETT
1760985658743,True,True,0.03304012,1.668382,0.03893157,0.1228301,0.01319793,0.99234,False,0,0,0,Data_from_ARETT
1760985658743,True,True,0.03304012,1.668382,0.03893157,0.1228301,0.01319793,0.99234,False,0,0,0,Data_from_ARETT
1760985658777,True,True,0.0332726,1.668454,0.03882109,0.1210208,0.01554331,0.9925283,False,0,0,0,Data_from_ARETT
1760985658777,True,True,0.0332726,1.668454,0.03882109,0.1210208,0.01554331,0.9925283,False,0,0,0,Data_from_ARETT
1760985658777,True,True,0.0332726,1.668454,0.03882109,0.1210208,0.01554331,0.9925283,False,0,0,0,Data_from_ARETT
1760985658811,True,True,0.03323108,1.668778,0.03901957,0.1095412,0.01482743,0.9938716,False,0,0,0,Data_from_ARETT
1760985658811,True,True,0.03323108,1.668778,0.03901957,0.1095412,0.01482743,0.9938716,False,0,0,0,Data_from_ARETT
1760985658811,True,True,0.03323108,1.668778,0.03901957,0.1095412,0.01482743,0.9938716,False,0,0,0,Data_from_ARETT
1760985658846,True,True,0.03161319,1.669812,0.03781641,0.09211741,0.02306382,0.995481,False,0,0,0,Data_from_ARETT
1760985658846,True,True,0.03161319,1.669812,0.03781641,0.09211741,0.02306382,0.995481,False,0,0,0,Data_from_ARETT
1760985658846,True,True,0.03161319,1.669812,0.03781641,0.09211741,0.02306382,0.995481,False,0,0,0,Data_from_ARETT
1760985658879,True,True,0.03170801,1.669871,0.03810413,0.08571625,0.02252319,0.996065,False,0,0,0,Data_from_ARETT
1760985658879,True,True,0.03170801,1.669871,0.03810413,0.08571625,0.02252319,0.996065,False,0,0,0,Data_from_ARETT
1760985658879,True,True,0.03170801,1.669871,0.03810413,0.08571625,0.02252319,0.996065,False,0,0,0,Data_from_ARETT
1760985658914,True,True,0.03127464,1.669989,0.03825888,0.08320984,0.03152772,0.9960332,False,0,0,0,Data_from_ARETT
1760985658914,True,True,0.03127464,1.669989,0.03825888,0.08320984,0.03152772,0.9960332,False,0,0,0,Data_from_ARETT
1760985658914,True,True,0.03127464,1.669989,0.03825888,0.08320984,0.03152772,0.9960332,False,0,0,0,Data_from_ARETT
1760985658948,True,True,0.03143203,1.670244,0.03738126,0.08413015,0.03134135,0.9959618,False,0,0,0,Data_from_ARETT
1760985658948,True,True,0.03143203,1.670244,0.03738126,0.08413015,0.03134135,0.9959618,False,0,0,0,Data_from_ARETT
1760985658948,True,True,0.03143203,1.670244,0.03738126,0.08413015,0.03134135,0.9959618,False,0,0,0,Data_from_ARETT
1760985658982,True,True,0.03202245,1.670228,0.03757594,0.08944371,0.02530465,0.9956704,False,0,0,0,Data_from_ARETT
1760985658982,True,True,0.03202245,1.670228,0.03757594,0.08944371,0.02530465,0.9956704,False,0,0,0,Data_from_ARETT
1760985658982,True,True,0.03202245,1.670228,0.03757594,0.08944371,0.02530465,0.9956704,False,0,0,0,Data_from_ARETT
1760985659016,True,True,0.03235361,1.670131,0.03913837,0.09098682,0.02770259,0.9954667,False,0,0,0,Data_from_ARETT
1760985659016,True,True,0.03235361,1.670131,0.03913837,0.09098682,0.02770259,0.9954667,False,0,0,0,Data_from_ARETT
1760985659016,True,True,0.03235361,1.670131,0.03913837,0.09098682,0.02770259,0.9954667,False,0,0,0,Data_from_ARETT
1760985659051,True,True,0.03223585,1.671878,0.03838377,0.08758661,0.04793095,0.9950031,False,0,0,0,Data_from_ARETT
1760985659051,True,True,0.03223585,1.671878,0.03838377,0.08758661,0.04793095,0.9950031,False,0,0,0,Data_from_ARETT
1760985659051,True,True,0.03223585,1.671878,0.03838377,0.08758661,0.04793095,0.9950031,False,0,0,0,Data_from_ARETT
1760985659084,True,True,0.03238923,1.672134,0.0378212,0.08817178,0.04513156,0.9950823,False,0,0,0,Data_from_ARETT
1760985659084,True,True,0.03238923,1.672134,0.0378212,0.08817178,0.04513156,0.9950823,False,0,0,0,Data_from_ARETT
1760985659084,True,True,0.03238923,1.672134,0.0378212,0.08817178,0.04513156,0.9950823,False,0,0,0,Data_from_ARETT
1760985659118,True,True,0.03245499,1.671674,0.03975139,0.08659238,0.04656279,0.9951551,False,0,0,0,Data_from_ARETT
1760985659118,True,True,0.03245499,1.671674,0.03975139,0.08659238,0.04656279,0.9951551,False,0,0,0,Data_from_ARETT
1760985659118,True,True,0.03245499,1.671674,0.03975139,0.08659238,0.04656279,0.9951551,False,0,0,0,Data_from_ARETT
1760985659152,True,True,0.0320153,1.672303,0.03994092,0.08095387,0.05627506,0.9951279,False,0,0,0,Data_from_ARETT
1760985659152,True,True,0.0320153,1.672303,0.03994092,0.08095387,0.05627506,0.9951279,False,0,0,0,Data_from_ARETT
1760985659152,True,True,0.0320153,1.672303,0.03994092,0.08095387,0.05627506,0.9951279,False,0,0,0,Data_from_ARETT
1760985659186,True,True,0.03132002,1.672627,0.03920396,0.0751518,0.05322784,0.9957505,False,0,0,0,Data_from_ARETT
1760985659186,True,True,0.03132002,1.672627,0.03920396,0.0751518,0.05322784,0.9957505,False,0,0,0,Data_from_ARETT
1760985659186,True,True,0.03132002,1.672627,0.03920396,0.0751518,0.05322784,0.9957505,False,0,0,0,Data_from_ARETT
1760985659221,True,True,0.03097578,1.672318,0.0403748,0.06866003,0.04743804,0.9965116,False,0,0,0,Data_from_ARETT
1760985659221,True,True,0.03097578,1.672318,0.0403748,0.06866003,0.04743804,0.9965116,False,0,0,0,Data_from_ARETT
1760985659221,True,True,0.03097578,1.672318,0.0403748,0.06866003,0.04743804,0.9965116,False,0,0,0,Data_from_ARETT
1760985659255,True,True,0.02995109,1.672561,0.04214197,0.0629047,0.05389983,0.996563,False,0,0,0,Data_from_ARETT
1760985659255,True,True,0.02995109,1.672561,0.04214197,0.0629047,0.05389983,0.996563,False,0,0,0,Data_from_ARETT
1760985659255,True,True,0.02995109,1.672561,0.04214197,0.0629047,0.05389983,0.996563,False,0,0,0,Data_from_ARETT
1760985659289,True,True,0.02922951,1.673069,0.04294401,0.05947257,0.05381941,0.9967781,False,0,0,0,Data_from_ARETT
1760985659289,True,True,0.02922951,1.673069,0.04294401,0.05947257,0.05381941,0.9967781,False,0,0,0,Data_from_ARETT
1760985659289,True,True,0.02922951,1.673069,0.04294401,0.05947257,0.05381941,0.9967781,False,0,0,0,Data_from_ARETT
1760985659323,True,True,0.02827671,1.673607,0.04586435,0.05535921,0.05155247,0.9971347,False,0,0,0,Data_from_ARETT
1760985659323,True,True,0.02827671,1.673607,0.04586435,0.05535921,0.05155247,0.9971347,False,0,0,0,Data_from_ARETT
1760985659323,True,True,0.02827671,1.673607,0.04586435,0.05535921,0.05155247,0.9971347,False,0,0,0,Data_from_ARETT
1760985659356,True,True,0.02628983,1.675021,0.04893049,0.04782443,0.05637599,0.9972636,False,0,0,0,Data_from_ARETT
1760985659356,True,True,0.02628983,1.675021,0.04893049,0.04782443,0.05637599,0.9972636,False,0,0,0,Data_from_ARETT
1760985659356,True,True,0.02628983,1.675021,0.04893049,0.04782443,0.05637599,0.9972636,False,0,0,0,Data_from_ARETT
1760985659391,True,True,0.02356747,1.676509,0.05344762,0.0389088,0.05084705,0.9979482,False,0,0,0,Data_from_ARETT
1760985659391,True,True,0.02356747,1.676509,0.05344762,0.0389088,0.05084705,0.9979482,False,0,0,0,Data_from_ARETT
1760985659391,True,True,0.02356747,1.676509,0.05344762,0.0389088,0.05084705,0.9979482,False,0,0,0,Data_from_ARETT
1760985659425,True,True,0.02021474,1.678012,0.05991196,0.02655504,0.0508489,0.9983532,False,0,0,0,Data_from_ARETT
1760985659425,True,True,0.02021474,1.678012,0.05991196,0.02655504,0.0508489,0.9983532,False,0,0,0,Data_from_ARETT
1760985659425,True,True,0.02021474,1.678012,0.05991196,0.02655504,0.0508489,0.9983532,False,0,0,0,Data_from_ARETT
1760985659459,True,True,0.0160883,1.679542,0.06650356,0.01495931,0.04517874,0.9988669,False,0,0,0,Data_from_ARETT
1760985659459,True,True,0.0160883,1.679542,0.06650356,0.01495931,0.04517874,0.9988669,False,0,0,0,Data_from_ARETT
1760985659459,True,True,0.0160883,1.679542,0.06650356,0.01495931,0.04517874,0.9988669,False,0,0,0,Data_from_ARETT
1760985659493,True,True,0.01177636,1.680812,0.07386468,0.009304557,0.0318339,0.9994498,False,0,0,0,Data_from_ARETT
1760985659493,True,True,0.01177636,1.680812,0.07386468,0.009304557,0.0318339,0.9994498,False,0,0,0,Data_from_ARETT
1760985659493,True,True,0.01177636,1.680812,0.07386468,0.009304557,0.0318339,0.9994498,False,0,0,0,Data_from_ARETT
1760985659527,True,True,0.007235639,1.682773,0.08210723,0.008998726,0.0234025,0.9996856,False,0,0,0,Data_from_ARETT
1760985659527,True,True,0.007235639,1.682773,0.08210723,0.008998726,0.0234025,0.9996856,False,0,0,0,Data_from_ARETT
1760985659527,True,True,0.007235639,1.682773,0.08210723,0.008998726,0.0234025,0.9996856,False,0,0,0,Data_from_ARETT
1760985659561,True,True,0.0002294974,1.686507,0.09243774,0.01032532,0.02912369,0.9995225,False,0,0,0,Data_from_ARETT
1760985659561,True,True,0.0002294974,1.686507,0.09243774,0.01032532,0.02912369,0.9995225,False,0,0,0,Data_from_ARETT
1760985659561,True,True,0.0002294974,1.686507,0.09243774,0.01032532,0.02912369,0.9995225,False,0,0,0,Data_from_ARETT
1760985659594,True,True,-0.004884799,1.687411,0.09960399,0.01116844,0.02151558,0.9997061,False,0,0,0,Data_from_ARETT
1760985659594,True,True,-0.004884799,1.687411,0.09960399,0.01116844,0.02151558,0.9997061,False,0,0,0,Data_from_ARETT
1760985659594,True,True,-0.004884799,1.687411,0.09960399,0.01116844,0.02151558,0.9997061,False,0,0,0,Data_from_ARETT
1760985659628,True,True,-0.01087967,1.688172,0.1063118,0.007513642,0.01685916,0.9998296,False,0,0,0,Data_from_ARETT
1760985659628,True,True,-0.01087967,1.688172,0.1063118,0.007513642,0.01685916,0.9998296,False,0,0,0,Data_from_ARETT
1760985659628,True,True,-0.01087967,1.688172,0.1063118,0.007513642,0.01685916,0.9998296,False,0,0,0,Data_from_ARETT
1760985659663,True,True,-0.01686116,1.689811,0.1129221,0.002638885,0.01701759,0.9998517,False,0,0,0,Data_from_ARETT
1760985659663,True,True,-0.01686116,1.689811,0.1129221,0.002638885,0.01701759,0.9998517,False,0,0,0,Data_from_ARETT
1760985659663,True,True,-0.01686116,1.689811,0.1129221,0.002638885,0.01701759,0.9998517,False,0,0,0,Data_from_ARETT
1760985659697,True,True,-0.02229005,1.691616,0.1187658,-0.0005376769,0.02178344,0.9997626,False,0,0,0,Data_from_ARETT
1760985659697,True,True,-0.02229005,1.691616,0.1187658,-0.0005376769,0.02178344,0.9997626,False,0,0,0,Data_from_ARETT
1760985659697,True,True,-0.02229005,1.691616,0.1187658,-0.0005376769,0.02178344,0.9997626,False,0,0,0,Data_from_ARETT
1760985659732,True,True,-0.02803033,1.69304,0.123066,-0.001946376,0.01888169,0.9998198,False,0,0,0,Data_from_ARETT
1760985659732,True,True,-0.02803033,1.69304,0.123066,-0.001946376,0.01888169,0.9998198,False,0,0,0,Data_from_ARETT
1760985659732,True,True,-0.02803033,1.69304,0.123066,-0.001946376,0.01888169,0.9998198,False,0,0,0,Data_from_ARETT
1760985659766,True,True,-0.03321212,1.693989,0.1286477,-0.003163816,0.01292516,0.9999115,False,0,0,0,Data_from_ARETT
1760985659766,True,True,-0.03321212,1.693989,0.1286477,-0.003163816,0.01292516,0.9999115,False,0,0,0,Data_from_ARETT
1760985659766,True,True,-0.03321212,1.693989,0.1286477,-0.003163816,0.01292516,0.9999115,False,0,0,0,Data_from_ARETT
1760985659800,True,True,-0.03867136,1.695639,0.1339483,-0.006203819,0.01343838,0.9998904,False,0,0,0,Data_from_ARETT
1760985659800,True,True,-0.03867136,1.695639,0.1339483,-0.006203819,0.01343838,0.9998904,False,0,0,0,Data_from_ARETT
1760985659800,True,True,-0.03867136,1.695639,0.1339483,-0.006203819,0.01343838,0.9998904,False,0,0,0,Data_from_ARETT
1760985659834,True,True,-0.04303706,1.697373,0.1381517,0.0007745229,0.007224243,0.9999736,False,0,0,0,Data_from_ARETT
1760985659834,True,True,-0.04303706,1.697373,0.1381517,0.0007745229,0.007224243,0.9999736,False,0,0,0,Data_from_ARETT
1760985659834,True,True,-0.04303706,1.697373,0.1381517,0.0007745229,0.007224243,0.9999736,False,0,0,0,Data_from_ARETT
1760985659868,True,True,-0.04663121,1.69894,0.1424329,0.007769838,0.0005074897,0.9999697,False,0,0,0,Data_from_ARETT
1760985659868,True,True,-0.04663121,1.69894,0.1424329,0.007769838,0.0005074897,0.9999697,False,0,0,0,Data_from_ARETT
1760985659868,True,True,-0.04663121,1.69894,0.1424329,0.007769838,0.0005074897,0.9999697,False,0,0,0,Data_from_ARETT
1760985659902,True,True,-0.05130733,1.700536,0.1479026,0.009201012,0.002666401,0.9999541,False,0,0,0,Data_from_ARETT
1760985659902,True,True,-0.05130733,1.700536,0.1479026,0.009201012,0.002666401,0.9999541,False,0,0,0,Data_from_ARETT
1760985659902,True,True,-0.05130733,1.700536,0.1479026,0.009201012,0.002666401,0.9999541,False,0,0,0,Data_from_ARETT
1760985659935,True,True,-0.05496606,1.702623,0.1514749,0.01011532,0.009277392,0.9999058,False,0,0,0,Data_from_ARETT
1760985659935,True,True,-0.05496606,1.702623,0.1514749,0.01011532,0.009277392,0.9999058,False,0,0,0,Data_from_ARETT
1760985659935,True,True,-0.05496606,1.702623,0.1514749,0.01011532,0.009277392,0.9999058,False,0,0,0,Data_from_ARETT
1760985659971,True,True,-0.05819849,1.704524,0.1543989,0.01269529,0.005237801,0.9999057,False,0,0,0,Data_from_ARETT
1760985659971,True,True,-0.05819849,1.704524,0.1543989,0.01269529,0.005237801,0.9999057,False,0,0,0,Data_from_ARETT
1760985659971,True,True,-0.05819849,1.704524,0.1543989,0.01269529,0.005237801,0.9999057,False,0,0,0,Data_from_ARETT
1760985660004,True,True,-0.06102435,1.706169,0.1574228,0.0146058,0.001742868,0.9998918,False,0,0,0,Data_from_ARETT
1760985660004,True,True,-0.06102435,1.706169,0.1574228,0.0146058,0.001742868,0.9998918,False,0,0,0,Data_from_ARETT
1760985660004,True,True,-0.06102435,1.706169,0.1574228,0.0146058,0.001742868,0.9998918,False,0,0,0,Data_from_ARETT
1760985660038,True,True,-0.06368075,1.70756,0.1610746,0.015413,0.001275038,0.9998804,False,0,0,0,Data_from_ARETT
1760985660038,True,True,-0.06368075,1.70756,0.1610746,0.015413,0.001275038,0.9998804,False,0,0,0,Data_from_ARETT
1760985660038,True,True,-0.06368075,1.70756,0.1610746,0.015413,0.001275038,0.9998804,False,0,0,0,Data_from_ARETT
1760985660073,True,True,-0.065763,1.710053,0.1634026,0.01771618,0.004676794,0.9998321,False,0,0,0,Data_from_ARETT
1760985660073,True,True,-0.065763,1.710053,0.1634026,0.01771618,0.004676794,0.9998321,False,0,0,0,Data_from_ARETT
1760985660073,True,True,-0.065763,1.710053,0.1634026,0.01771618,0.004676794,0.9998321,False,0,0,0,Data_from_ARETT
1760985660107,True,True,-0.06748751,1.712446,0.1655548,0.02194523,0.0122162,0.9996845,False,0,0,0,Data_from_ARETT
1760985660107,True,True,-0.06748751,1.712446,0.1655548,0.02194523,0.0122162,0.9996845,False,0,0,0,Data_from_ARETT
1760985660107,True,True,-0.06748751,1.712446,0.1655548,0.02194523,0.0122162,0.9996845,False,0,0,0,Data_from_ARETT
1760985660140,True,True,-0.0680231,1.714244,0.1688364,0.02480999,0.01843071,0.9995223,False,0,0,0,Data_from_ARETT
1760985660140,True,True,-0.0680231,1.714244,0.1688364,0.02480999,0.01843071,0.9995223,False,0,0,0,Data_from_ARETT
1760985660140,True,True,-0.0680231,1.714244,0.1688364,0.02480999,0.01843071,0.9995223,False,0,0,0,Data_from_ARETT
1760985660175,True,True,-0.0693261,1.716678,0.1708185,0.02435225,0.02539011,0.9993809,False,0,0,0,Data_from_ARETT
1760985660175,True,True,-0.0693261,1.716678,0.1708185,0.02435225,0.02539011,0.9993809,False,0,0,0,Data_from_ARETT
1760985660175,True,True,-0.0693261,1.716678,0.1708185,0.02435225,0.02539011,0.9993809,False,0,0,0,Data_from_ARETT
1760985660208,True,True,-0.07037146,1.718878,0.1727577,0.02866884,0.03074281,0.9991161,False,0,0,0,Data_from_ARETT
1760985660208,True,True,-0.07037146,1.718878,0.1727577,0.02866884,0.03074281,0.9991161,False,0,0,0,Data_from_ARETT
1760985660208,True,True,-0.07037146,1.718878,0.1727577,0.02866884,0.03074281,0.9991161,False,0,0,0,Data_from_ARETT
1760985660243,True,True,-0.07091909,1.719872,0.1762699,0.03165766,0.03913522,0.9987323,False,0,0,0,Data_from_ARETT
1760985660243,True,True,-0.07091909,1.719872,0.1762699,0.03165766,0.03913522,0.9987323,False,0,0,0,Data_from_ARETT
1760985660243,True,True,-0.07091909,1.719872,0.1762699,0.03165766,0.03913522,0.9987323,False,0,0,0,Data_from_ARETT
1760985660277,True,True,-0.0718779,1.721633,0.1777852,0.03210658,0.04172597,0.9986131,False,0,0,0,Data_from_ARETT
1760985660277,True,True,-0.0718779,1.721633,0.1777852,0.03210658,0.04172597,0.9986131,False,0,0,0,Data_from_ARETT
1760985660277,True,True,-0.0718779,1.721633,0.1777852,0.03210658,0.04172597,0.9986131,False,0,0,0,Data_from_ARETT
1760985660310,True,True,-0.07320493,1.722335,0.1798901,0.03184767,0.0399664,0.9986933,False,0,0,0,Data_from_ARETT
1760985660310,True,True,-0.07320493,1.722335,0.1798901,0.03184767,0.0399664,0.9986933,False,0,0,0,Data_from_ARETT
1760985660310,True,True,-0.07320493,1.722335,0.1798901,0.03184767,0.0399664,0.9986933,False,0,0,0,Data_from_ARETT
1760985660346,True,True,-0.07388689,1.722906,0.1812676,0.02847621,0.03358711,0.9990301,False,0,0,0,Data_from_ARETT
1760985660346,True,True,-0.07388689,1.722906,0.1812676,0.02847621,0.03358711,0.9990301,False,0,0,0,Data_from_ARETT
1760985660346,True,True,-0.07388689,1.722906,0.1812676,0.02847621,0.03358711,0.9990301,False,0,0,0,Data_from_ARETT
1760985660379,True,True,-0.07571121,1.722667,0.1831628,0.02043124,0.03138323,0.9992986,False,0,0,0,Data_from_ARETT
1760985660379,True,True,-0.07571121,1.722667,0.1831628,0.02043124,0.03138323,0.9992986,False,0,0,0,Data_from_ARETT
1760985660379,True,True,-0.07571121,1.722667,0.1831628,0.02043124,0.03138323,0.9992986,False,0,0,0,Data_from_ARETT
1760985660413,True,True,-0.07670177,1.722854,0.1841338,0.01947308,0.02830823,0.9994096,False,0,0,0,Data_from_ARETT
1760985660413,True,True,-0.07670177,1.722854,0.1841338,0.01947308,0.02830823,0.9994096,False,0,0,0,Data_from_ARETT
1760985660413,True,True,-0.07670177,1.722854,0.1841338,0.01947308,0.02830823,0.9994096,False,0,0,0,Data_from_ARETT
1760985660448,True,True,-0.07712746,1.72279,0.1848883,0.02006683,0.02912665,0.9993743,False,0,0,0,Data_from_ARETT
1760985660448,True,True,-0.07712746,1.72279,0.1848883,0.02006683,0.02912665,0.9993743,False,0,0,0,Data_from_ARETT
1760985660448,True,True,-0.07712746,1.72279,0.1848883,0.02006683,0.02912665,0.9993743,False,0,0,0,Data_from_ARETT
1760985660483,True,True,-0.07727389,1.72259,0.185194,0.02274326,0.02655767,0.9993885,False,0,0,0,Data_from_ARETT
1760985660483,True,True,-0.07727389,1.72259,0.185194,0.02274326,0.02655767,0.9993885,False,0,0,0,Data_from_ARETT
1760985660483,True,True,-0.07727389,1.72259,0.185194,0.02274326,0.02655767,0.9993885,False,0,0,0,Data_from_ARETT
1760985660516,True,True,-0.07743654,1.722182,0.1861397,0.02534469,0.02309296,0.999412,False,0,0,0,Data_from_ARETT
1760985660516,True,True,-0.07743654,1.722182,0.1861397,0.02534469,0.02309296,0.999412,False,0,0,0,Data_from_ARETT
1760985660516,True,True,-0.07743654,1.722182,0.1861397,0.02534469,0.02309296,0.999412,False,0,0,0,Data_from_ARETT
1760985660550,True,True,-0.07744331,1.722065,0.1862209,0.0267718,0.02072736,0.9994267,False,0,0,0,Data_from_ARETT
1760985660550,True,True,-0.07744331,1.722065,0.1862209,0.0267718,0.02072736,0.9994267,False,0,0,0,Data_from_ARETT
1760985660550,True,True,-0.07744331,1.722065,0.1862209,0.0267718,0.02072736,0.9994267,False,0,0,0,Data_from_ARETT
1760985660585,True,True,-0.0777296,1.721825,0.1866753,0.02693919,0.01684632,0.9994951,False,0,0,0,Data_from_ARETT
1760985660585,True,True,-0.0777296,1.721825,0.1866753,0.02693919,0.01684632,0.9994951,False,0,0,0,Data_from_ARETT
1760985660585,True,True,-0.0777296,1.721825,0.1866753,0.02693919,0.01684632,0.9994951,False,0,0,0,Data_from_ARETT
1760985660618,True,True,-0.07762775,1.721232,0.1870749,0.02494631,0.01788778,0.9995288,False,0,0,0,Data_from_ARETT
1760985660618,True,True,-0.07762775,1.721232,0.1870749,0.02494631,0.01788778,0.9995288,False,0,0,0,Data_from_ARETT
1760985660618,True,True,-0.07762775,1.721232,0.1870749,0.02494631,0.01788778,0.9995288,False,0,0,0,Data_from_ARETT
1760985660653,True,True,-0.07681978,1.720935,0.1867581,0.02540981,0.01310799,0.9995912,False,0,0,0,Data_from_ARETT
1760985660653,True,True,-0.07681978,1.720935,0.1867581,0.02540981,0.01310799,0.9995912,False,0,0,0,Data_from_ARETT
1760985660653,True,True,-0.07681978,1.720935,0.1867581,0.02540981,0.01310799,0.9995912,False,0,0,0,Data_from_ARETT
1760985660686,True,True,-0.07568765,1.720545,0.1872654,0.02665308,0.00959174,0.9995987,False,0,0,0,Data_from_ARETT
1760985660686,True,True,-0.07568765,1.720545,0.1872654,0.02665308,0.00959174,0.9995987,False,0,0,0,Data_from_ARETT
1760985660686,True,True,-0.07568765,1.720545,0.1872654,0.02665308,0.00959174,0.9995987,False,0,0,0,Data_from_ARETT
1760985660721,True,True,-0.07446215,1.720984,0.187321,0.02771671,0.009402636,0.9995716,False,0,0,0,Data_from_ARETT
1760985660721,True,True,-0.07446215,1.720984,0.187321,0.02771671,0.009402636,0.9995716,False,0,0,0,Data_from_ARETT
1760985660721,True,True,-0.07446215,1.720984,0.187321,0.02771671,0.009402636,0.9995716,False,0,0,0,Data_from_ARETT
1760985660755,True,True,-0.07250815,1.721619,0.1871812,0.03065987,0.007899888,0.9994987,False,0,0,0,Data_from_ARETT
1760985660755,True,True,-0.07250815,1.721619,0.1871812,0.03065987,0.007899888,0.9994987,False,0,0,0,Data_from_ARETT
1760985660755,True,True,-0.07250815,1.721619,0.1871812,0.03065987,0.007899888,0.9994987,False,0,0,0,Data_from_ARETT
1760985660788,True,True,-0.07026431,1.721878,0.187947,0.0330129,0.00748961,0.9994268,False,0,0,0,Data_from_ARETT
1760985660788,True,True,-0.07026431,1.721878,0.187947,0.0330129,0.00748961,0.9994268,False,0,0,0,Data_from_ARETT
1760985660788,True,True,-0.07026431,1.721878,0.187947,0.0330129,0.00748961,0.9994268,False,0,0,0,Data_from_ARETT
1760985660822,True,True,-0.06833637,1.722219,0.1880656,0.03453455,0.007493856,0.9993754,False,0,0,0,Data_from_ARETT
1760985660822,True,True,-0.06833637,1.722219,0.1880656,0.03453455,0.007493856,0.9993754,False,0,0,0,Data_from_ARETT
1760985660822,True,True,-0.06833637,1.722219,0.1880656,0.03453455,0.007493856,0.9993754,False,0,0,0,Data_from_ARETT
1760985660857,True,True,-0.06625807,1.722852,0.1884613,0.03732786,0.005975837,0.9992852,False,0,0,0,Data_from_ARETT
1760985660857,True,True,-0.06625807,1.722852,0.1884613,0.03732786,0.005975837,0.9992852,False,0,0,0,Data_from_ARETT
1760985660857,True,True,-0.06625807,1.722852,0.1884613,0.03732786,0.005975837,0.9992852,False,0,0,0,Data_from_ARETT
1760985660890,True,True,-0.06502198,1.723265,0.1883272,0.03792847,0.007721862,0.9992507,False,0,0,0,Data_from_ARETT
1760985660890,True,True,-0.06502198,1.723265,0.1883272,0.03792847,0.007721862,0.9992507,False,0,0,0,Data_from_ARETT
1760985660890,True,True,-0.06502198,1.723265,0.1883272,0.03792847,0.007721862,0.9992507,False,0,0,0,Data_from_ARETT
1760985660925,True,True,-0.06231998,1.723809,0.1884035,0.03837926,0.01145868,0.9991975,False,0,0,0,Data_from_ARETT
1760985660925,True,True,-0.06231998,1.723809,0.1884035,0.03837926,0.01145868,0.9991975,False,0,0,0,Data_from_ARETT
1760985660925,True,True,-0.06231998,1.723809,0.1884035,0.03837926,0.01145868,0.9991975,False,0,0,0,Data_from_ARETT
1760985660959,True,True,-0.06131262,1.72423,0.1877934,0.03998221,0.01186003,0.99913,False,0,0,0,Data_from_ARETT
1760985660959,True,True,-0.06131262,1.72423,0.1877934,0.03998221,0.01186003,0.99913,False,0,0,0,Data_from_ARETT
1760985660959,True,True,-0.06131262,1.72423,0.1877934,0.03998221,0.01186003,0.99913,False,0,0,0,Data_from_ARETT
1760985660993,True,True,-0.06028588,1.724426,0.1874012,0.04387546,0.0170165,0.9988921,False,0,0,0,Data_from_ARETT
1760985660993,True,True,-0.06028588,1.724426,0.1874012,0.04387546,0.0170165,0.9988921,False,0,0,0,Data_from_ARETT
1760985660993,True,True,-0.06028588,1.724426,0.1874012,0.04387546,0.0170165,0.9988921,False,0,0,0,Data_from_ARETT
1760985661027,True,True,-0.05909832,1.724806,0.186991,0.04308731,0.02310206,0.9988042,False,0,0,0,Data_from_ARETT
1760985661027,True,True,-0.05909832,1.724806,0.186991,0.04308731,0.02310206,0.9988042,False,0,0,0,Data_from_ARETT
1760985661027,True,True,-0.05909832,1.724806,0.186991,0.04308731,0.02310206,0.9988042,False,0,0,0,Data_from_ARETT
1760985661061,True,True,-0.05888238,1.725336,0.1857806,0.03918137,0.02556179,0.9989051,False,0,0,0,Data_from_ARETT
1760985661061,True,True,-0.05888238,1.725336,0.1857806,0.03918137,0.02556179,0.9989051,False,0,0,0,Data_from_ARETT
1760985661061,True,True,-0.05888238,1.725336,0.1857806,0.03918137,0.02556179,0.9989051,False,0,0,0,Data_from_ARETT
1760985661095,True,True,-0.05813681,1.725263,0.1856209,0.03527138,0.02378494,0.9990947,False,0,0,0,Data_from_ARETT
1760985661095,True,True,-0.05813681,1.725263,0.1856209,0.03527138,0.02378494,0.9990947,False,0,0,0,Data_from_ARETT
1760985661095,True,True,-0.05813681,1.725263,0.1856209,0.03527138,0.02378494,0.9990947,False,0,0,0,Data_from_ARETT
1760985661129,True,True,-0.0562961,1.72579,0.1855079,0.03677613,0.0242528,0.9990292,False,0,0,0,Data_from_ARETT
1760985661129,True,True,-0.0562961,1.72579,0.1855079,0.03677613,0.0242528,0.9990292,False,0,0,0,Data_from_ARETT
1760985661129,True,True,-0.0562961,1.72579,0.1855079,0.03677613,0.0242528,0.9990292,False,0,0,0,Data_from_ARETT
1760985661164,True,True,-0.05470497,1.72585,0.185194,0.03571751,0.02543011,0.9990383,False,0,0,0,Data_from_ARETT
1760985661164,True,True,-0.05470497,1.72585,0.185194,0.03571751,0.02543011,0.9990383,False,0,0,0,Data_from_ARETT
1760985661164,True,True,-0.05470497,1.72585,0.185194,0.03571751,0.02543011,0.9990383,False,0,0,0,Data_from_ARETT
1760985661198,True,True,-0.05231668,1.725706,0.1854014,0.03058239,0.02172239,0.9992962,False,0,0,0,Data_from_ARETT
1760985661198,True,True,-0.05231668,1.725706,0.1854014,0.03058239,0.02172239,0.9992962,False,0,0,0,Data_from_ARETT
1760985661198,True,True,-0.05231668,1.725706,0.1854014,0.03058239,0.02172239,0.9992962,False,0,0,0,Data_from_ARETT
1760985661232,True,True,-0.05031916,1.726318,0.1853307,0.02355438,0.02412746,0.9994314,False,0,0,0,Data_from_ARETT
1760985661232,True,True,-0.05031916,1.726318,0.1853307,0.02355438,0.02412746,0.9994314,False,0,0,0,Data_from_ARETT
1760985661232,True,True,-0.05031916,1.726318,0.1853307,0.02355438,0.02412746,0.9994314,False,0,0,0,Data_from_ARETT
1760985661265,True,True,-0.04786074,1.727235,0.1843449,0.01808598,0.02979025,0.9993925,False,0,0,0,Data_from_ARETT
1760985661265,True,True,-0.04786074,1.727235,0.1843449,0.01808598,0.02979025,0.9993925,False,0,0,0,Data_from_ARETT
1760985661265,True,True,-0.04786074,1.727235,0.1843449,0.01808598,0.02979025,0.9993925,False,0,0,0,Data_from_ARETT
1760985661300,True,True,-0.04417339,1.727854,0.1823023,0.01308509,0.0263576,0.9995669,False,0,0,0,Data_from_ARETT
1760985661300,True,True,-0.04417339,1.727854,0.1823023,0.01308509,0.0263576,0.9995669,False,0,0,0,Data_from_ARETT
1760985661300,True,True,-0.04417339,1.727854,0.1823023,0.01308509,0.0263576,0.9995669,False,0,0,0,Data_from_ARETT
1760985661333,True,True,-0.04145049,1.727255,0.1819827,0.007155132,0.02528031,0.9996548,False,0,0,0,Data_from_ARETT
1760985661333,True,True,-0.04145049,1.727255,0.1819827,0.007155132,0.02528031,0.9996548,False,0,0,0,Data_from_ARETT
1760985661333,True,True,-0.04145049,1.727255,0.1819827,0.007155132,0.02528031,0.9996548,False,0,0,0,Data_from_ARETT
1760985661367,True,True,-0.03807686,1.726506,0.179758,-0.002508281,0.01817131,0.9998317,False,0,0,0,Data_from_ARETT
1760985661367,True,True,-0.03807686,1.726506,0.179758,-0.002508281,0.01817131,0.9998317,False,0,0,0,Data_from_ARETT
1760985661367,True,True,-0.03807686,1.726506,0.179758,-0.002508281,0.01817131,0.9998317,False,0,0,0,Data_from_ARETT
1760985661401,True,True,-0.03493401,1.725288,0.1780348,-0.005085346,0.002051168,0.999985,False,0,0,0,Data_from_ARETT
1760985661401,True,True,-0.03493401,1.725288,0.1780348,-0.005085346,0.002051168,0.999985,False,0,0,0,Data_from_ARETT
1760985661401,True,True,-0.03493401,1.725288,0.1780348,-0.005085346,0.002051168,0.999985,False,0,0,0,Data_from_ARETT
1760985661436,True,True,-0.03058376,1.72356,0.1775107,-0.005450692,-0.0186975,0.9998103,False,0,0,0,Data_from_ARETT
1760985661436,True,True,-0.03058376,1.72356,0.1775107,-0.005450692,-0.0186975,0.9998103,False,0,0,0,Data_from_ARETT
1760985661436,True,True,-0.03058376,1.72356,0.1775107,-0.005450692,-0.0186975,0.9998103,False,0,0,0,Data_from_ARETT
1760985661469,True,True,-0.02649662,1.722255,0.1792016,-0.01323432,-0.01914513,0.9997291,False,0,0,0,Data_from_ARETT
1760985661469,True,True,-0.02649662,1.722255,0.1792016,-0.01323432,-0.01914513,0.9997291,False,0,0,0,Data_from_ARETT
1760985661469,True,True,-0.02649662,1.722255,0.1792016,-0.01323432,-0.01914513,0.9997291,False,0,0,0,Data_from_ARETT
1760985661504,True,True,-0.02391112,1.724342,0.175648,-0.01952427,-0.006014316,0.9997913,False,0,0,0,Data_from_ARETT
1760985661504,True,True,-0.02391112,1.724342,0.175648,-0.01952427,-0.006014316,0.9997913,False,0,0,0,Data_from_ARETT
1760985661504,True,True,-0.02391112,1.724342,0.175648,-0.01952427,-0.006014316,0.9997913,False,0,0,0,Data_from_ARETT
1760985661538,True,True,-0.01976138,1.723592,0.1752263,-0.02363403,-0.008198846,0.9996871,False,0,0,0,Data_from_ARETT
1760985661538,True,True,-0.01976138,1.723592,0.1752263,-0.02363403,-0.008198846,0.9996871,False,0,0,0,Data_from_ARETT
1760985661538,True,True,-0.01976138,1.723592,0.1752263,-0.02363403,-0.008198846,0.9996871,False,0,0,0,Data_from_ARETT
1760985661572,True,True,-0.01616847,1.722329,0.175413,-0.02341483,-0.01151936,0.9996595,False,0,0,0,Data_from_ARETT
1760985661572,True,True,-0.01616847,1.722329,0.175413,-0.02341483,-0.01151936,0.9996595,False,0,0,0,Data_from_ARETT
1760985661572,True,True,-0.01616847,1.722329,0.175413,-0.02341483,-0.01151936,0.9996595,False,0,0,0,Data_from_ARETT
1760985661606,True,True,-0.01182114,1.722116,0.1752653,-0.02294837,-0.02294461,0.9994733,False,0,0,0,Data_from_ARETT
1760985661606,True,True,-0.01182114,1.722116,0.1752653,-0.02294837,-0.02294461,0.9994733,False,0,0,0,Data_from_ARETT
1760985661606,True,True,-0.01182114,1.722116,0.1752653,-0.02294837,-0.02294461,0.9994733,False,0,0,0,Data_from_ARETT
1760985661640,True,True,-0.008333242,1.721298,0.1764552,-0.02702721,-0.02322424,0.9993649,False,0,0,0,Data_from_ARETT
1760985661640,True,True,-0.008333242,1.721298,0.1764552,-0.02702721,-0.02322424,0.9993649,False,0,0,0,Data_from_ARETT
1760985661640,True,True,-0.008333242,1.721298,0.1764552,-0.02702721,-0.02322424,0.9993649,False,0,0,0,Data_from_ARETT
1760985661674,True,True,-0.005918916,1.72054,0.1779115,-0.03303127,-0.02324505,0.999184,False,0,0,0,Data_from_ARETT
1760985661674,True,True,-0.005918916,1.72054,0.1779115,-0.03303127,-0.02324505,0.999184,False,0,0,0,Data_from_ARETT
1760985661674,True,True,-0.005918916,1.72054,0.1779115,-0.03303127,-0.02324505,0.999184,False,0,0,0,Data_from_ARETT
1760985661708,True,True,-0.003893438,1.719808,0.178934,-0.03841987,-0.02310532,0.9989945,False,0,0,0,Data_from_ARETT
1760985661708,True,True,-0.003893438,1.719808,0.178934,-0.03841987,-0.02310532,0.9989945,False,0,0,0,Data_from_ARETT
1760985661708,True,True,-0.003893438,1.719808,0.178934,-0.03841987,-0.02310532,0.9989945,False,0,0,0,Data_from_ARETT
1760985661742,True,True,-0.00119393,1.719619,0.1794456,-0.04291321,-0.02881606,0.9986631,False,0,0,0,Data_from_ARETT
1760985661742,True,True,-0.00119393,1.719619,0.1794456,-0.04291321,-0.02881606,0.9986631,False,0,0,0,Data_from_ARETT
1760985661742,True,True,-0.00119393,1.719619,0.1794456,-0.04291321,-0.02881606,0.9986631,False,0,0,0,Data_from_ARETT
1760985661777,True,True,5.788915E-05,1.717509,0.182397,-0.04860642,-0.02865349,0.9984069,False,0,0,0,Data_from_ARETT
1760985661777,True,True,5.788915E-05,1.717509,0.182397,-0.04860642,-0.02865349,0.9984069,False,0,0,0,Data_from_ARETT
1760985661777,True,True,5.788915E-05,1.717509,0.182397,-0.04860642,-0.02865349,0.9984069,False,0,0,0,Data_from_ARETT
1760985661810,True,True,0.001800694,1.717457,0.1832048,-0.05248529,-0.02944851,0.9981874,False,0,0,0,Data_from_ARETT
1760985661810,True,True,0.001800694,1.717457,0.1832048,-0.05248529,-0.02944851,0.9981874,False,0,0,0,Data_from_ARETT
1760985661810,True,True,0.001800694,1.717457,0.1832048,-0.05248529,-0.02944851,0.9981874,False,0,0,0,Data_from_ARETT
1760985661845,True,True,0.004068741,1.717025,0.183854,-0.05674832,-0.03947146,0.9976079,False,0,0,0,Data_from_ARETT
1760985661845,True,True,0.004068741,1.717025,0.183854,-0.05674832,-0.03947146,0.9976079,False,0,0,0,Data_from_ARETT
1760985661845,True,True,0.004068741,1.717025,0.183854,-0.05674832,-0.03947146,0.9976079,False,0,0,0,Data_from_ARETT
1760985661879,True,True,0.005568981,1.715944,0.1863359,-0.06128278,-0.03747143,0.9974168,False,0,0,0,Data_from_ARETT
1760985661879,True,True,0.005568981,1.715944,0.1863359,-0.06128278,-0.03747143,0.9974168,False,0,0,0,Data_from_ARETT
1760985661879,True,True,0.005568981,1.715944,0.1863359,-0.06128278,-0.03747143,0.9974168,False,0,0,0,Data_from_ARETT
1760985661914,True,True,0.008875459,1.715945,0.1874749,-0.05982156,-0.04585653,0.9971552,False,0,0,0,Data_from_ARETT
1760985661914,True,True,0.008875459,1.715945,0.1874749,-0.05982156,-0.04585653,0.9971552,False,0,0,0,Data_from_ARETT
1760985661914,True,True,0.008875459,1.715945,0.1874749,-0.05982156,-0.04585653,0.9971552,False,0,0,0,Data_from_ARETT
1760985661948,True,True,0.01162838,1.715781,0.18973,-0.06082564,-0.04979097,0.9969057,False,0,0,0,Data_from_ARETT
1760985661948,True,True,0.01162838,1.715781,0.18973,-0.06082564,-0.04979097,0.9969057,False,0,0,0,Data_from_ARETT
1760985661948,True,True,0.01162838,1.715781,0.18973,-0.06082564,-0.04979097,0.9969057,False,0,0,0,Data_from_ARETT
1760985661981,True,True,0.01335,1.717073,0.1897038,-0.06048681,-0.04779699,0.9970239,False,0,0,0,Data_from_ARETT
1760985661981,True,True,0.01335,1.717073,0.1897038,-0.06048681,-0.04779699,0.9970239,False,0,0,0,Data_from_ARETT
1760985661981,True,True,0.01335,1.717073,0.1897038,-0.06048681,-0.04779699,0.9970239,False,0,0,0,Data_from_ARETT
1760985662016,True,True,0.01550527,1.717156,0.1909125,-0.05893601,-0.04929769,0.9970438,False,0,0,0,Data_from_ARETT
1760985662016,True,True,0.01550527,1.717156,0.1909125,-0.05893601,-0.04929769,0.9970438,False,0,0,0,Data_from_ARETT
1760985662016,True,True,0.01550527,1.717156,0.1909125,-0.05893601,-0.04929769,0.9970438,False,0,0,0,Data_from_ARETT
1760985662049,True,True,0.01741935,1.717432,0.1922396,-0.05673623,-0.04972821,0.99715,False,0,0,0,Data_from_ARETT
1760985662049,True,True,0.01741935,1.717432,0.1922396,-0.05673623,-0.04972821,0.99715,False,0,0,0,Data_from_ARETT
1760985662049,True,True,0.01741935,1.717432,0.1922396,-0.05673623,-0.04972821,0.99715,False,0,0,0,Data_from_ARETT
1760985662084,True,True,0.01950275,1.718135,0.1929183,-0.05370225,-0.05009858,0.9972994,False,0,0,0,Data_from_ARETT
1760985662084,True,True,0.01950275,1.718135,0.1929183,-0.05370225,-0.05009858,0.9972994,False,0,0,0,Data_from_ARETT
1760985662084,True,True,0.01950275,1.718135,0.1929183,-0.05370225,-0.05009858,0.9972994,False,0,0,0,Data_from_ARETT
1760985662118,True,True,0.0213623,1.718864,0.1936266,-0.05116728,-0.04607996,0.9976265,False,0,0,0,Data_from_ARETT
1760985662118,True,True,0.0213623,1.718864,0.1936266,-0.05116728,-0.04607996,0.9976265,False,0,0,0,Data_from_ARETT
1760985662118,True,True,0.0213623,1.718864,0.1936266,-0.05116728,-0.04607996,0.9976265,False,0,0,0,Data_from_ARETT
1760985662152,True,True,0.02347467,1.719073,0.1939826,-0.04813236,-0.04532371,0.9978122,False,0,0,0,Data_from_ARETT
1760985662152,True,True,0.02347467,1.719073,0.1939826,-0.04813236,-0.04532371,0.9978122,False,0,0,0,Data_from_ARETT
1760985662152,True,True,0.02347467,1.719073,0.1939826,-0.04813236,-0.04532371,0.9978122,False,0,0,0,Data_from_ARETT
1760985662186,True,True,0.02509934,1.719254,0.1939929,-0.04261873,-0.04852786,0.9979122,False,0,0,0,Data_from_ARETT
1760985662186,True,True,0.02509934,1.719254,0.1939929,-0.04261873,-0.04852786,0.9979122,False,0,0,0,Data_from_ARETT
1760985662186,True,True,0.02509934,1.719254,0.1939929,-0.04261873,-0.04852786,0.9979122,False,0,0,0,Data_from_ARETT
1760985662220,True,True,0.02659248,1.719219,0.1939015,-0.03956417,-0.05021975,0.9979542,False,0,0,0,Data_from_ARETT
1760985662220,True,True,0.02659248,1.719219,0.1939015,-0.03956417,-0.05021975,0.9979542,False,0,0,0,Data_from_ARETT
1760985662220,True,True,0.02659248,1.719219,0.1939015,-0.03956417,-0.05021975,0.9979542,False,0,0,0,Data_from_ARETT
1760985662254,True,True,0.02906843,1.719014,0.1943725,-0.03846423,-0.04834092,0.99809,False,0,0,0,Data_from_ARETT
1760985662254,True,True,0.02906843,1.719014,0.1943725,-0.03846423,-0.04834092,0.99809,False,0,0,0,Data_from_ARETT
1760985662254,True,True,0.02906843,1.719014,0.1943725,-0.03846423,-0.04834092,0.99809,False,0,0,0,Data_from_ARETT
1760985662289,True,True,0.03040948,1.719446,0.1937149,-0.03444258,-0.04775598,0.998265,False,0,0,0,Data_from_ARETT
1760985662289,True,True,0.03040948,1.719446,0.1937149,-0.03444258,-0.04775598,0.998265,False,0,0,0,Data_from_ARETT
1760985662289,True,True,0.03040948,1.719446,0.1937149,-0.03444258,-0.04775598,0.998265,False,0,0,0,Data_from_ARETT
1760985662323,True,True,0.03200241,1.719094,0.1932228,-0.03274082,-0.05362884,0.998024,False,0,0,0,Data_from_ARETT
1760985662323,True,True,0.03200241,1.719094,0.1932228,-0.03274082,-0.05362884,0.998024,False,0,0,0,Data_from_ARETT
1760985662323,True,True,0.03200241,1.719094,0.1932228,-0.03274082,-0.05362884,0.998024,False,0,0,0,Data_from_ARETT
1760985662356,True,True,0.03386609,1.718044,0.1943412,-0.03433451,-0.05756083,0.9977514,False,0,0,0,Data_from_ARETT
1760985662356,True,True,0.03386609,1.718044,0.1943412,-0.03433451,-0.05756083,0.9977514,False,0,0,0,Data_from_ARETT
1760985662356,True,True,0.03386609,1.718044,0.1943412,-0.03433451,-0.05756083,0.9977514,False,0,0,0,Data_from_ARETT
1760985662390,True,True,0.03528135,1.718359,0.1940868,-0.03184546,-0.05777939,0.9978213,False,0,0,0,Data_from_ARETT
1760985662390,True,True,0.03528135,1.718359,0.1940868,-0.03184546,-0.05777939,0.9978213,False,0,0,0,Data_from_ARETT
1760985662390,True,True,0.03528135,1.718359,0.1940868,-0.03184546,-0.05777939,0.9978213,False,0,0,0,Data_from_ARETT
1760985662425,True,True,0.03556609,1.718179,0.1941213,-0.03276386,-0.05786187,0.9977868,False,0,0,0,Data_from_ARETT
1760985662425,True,True,0.03556609,1.718179,0.1941213,-0.03276386,-0.05786187,0.9977868,False,0,0,0,Data_from_ARETT
1760985662425,True,True,0.03556609,1.718179,0.1941213,-0.03276386,-0.05786187,0.9977868,False,0,0,0,Data_from_ARETT
1760985662458,True,True,0.03627696,1.718202,0.1944273,-0.03579463,-0.05635941,0.9977687,False,0,0,0,Data_from_ARETT
1760985662458,True,True,0.03627696,1.718202,0.1944273,-0.03579463,-0.05635941,0.9977687,False,0,0,0,Data_from_ARETT
1760985662458,True,True,0.03627696,1.718202,0.1944273,-0.03579463,-0.05635941,0.9977687,False,0,0,0,Data_from_ARETT
1760985662492,True,True,0.0367461,1.717991,0.194681,-0.03673033,-0.05408753,0.9978604,False,0,0,0,Data_from_ARETT
1760985662492,True,True,0.0367461,1.717991,0.194681,-0.03673033,-0.05408753,0.9978604,False,0,0,0,Data_from_ARETT
1760985662492,True,True,0.0367461,1.717991,0.194681,-0.03673033,-0.05408753,0.9978604,False,0,0,0,Data_from_ARETT
1760985662527,True,True,0.03662771,1.718522,0.1942291,-0.0361174,-0.05741884,0.9976966,False,0,0,0,Data_from_ARETT
1760985662527,True,True,0.03662771,1.718522,0.1942291,-0.0361174,-0.05741884,0.9976966,False,0,0,0,Data_from_ARETT
1760985662527,True,True,0.03662771,1.718522,0.1942291,-0.0361174,-0.05741884,0.9976966,False,0,0,0,Data_from_ARETT
1760985662561,True,True,0.03719325,1.718479,0.1947922,-0.03407373,-0.05897491,0.9976778,False,0,0,0,Data_from_ARETT
1760985662561,True,True,0.03719325,1.718479,0.1947922,-0.03407373,-0.05897491,0.9976778,False,0,0,0,Data_from_ARETT
1760985662561,True,True,0.03719325,1.718479,0.1947922,-0.03407373,-0.05897491,0.9976778,False,0,0,0,Data_from_ARETT
1760985662595,True,True,0.03734767,1.718956,0.1945671,-0.02884419,-0.05438754,0.9981032,False,0,0,0,Data_from_ARETT
1760985662595,True,True,0.03734767,1.718956,0.1945671,-0.02884419,-0.05438754,0.9981032,False,0,0,0,Data_from_ARETT
1760985662595,True,True,0.03734767,1.718956,0.1945671,-0.02884419,-0.05438754,0.9981032,False,0,0,0,Data_from_ARETT
1760985662629,True,True,0.03788218,1.718511,0.194416,-0.01760537,-0.05673579,0.998234,False,0,0,0,Data_from_ARETT
1760985662629,True,True,0.03788218,1.718511,0.194416,-0.01760537,-0.05673579,0.998234,False,0,0,0,Data_from_ARETT
1760985662629,True,True,0.03788218,1.718511,0.194416,-0.01760537,-0.05673579,0.998234,False,0,0,0,Data_from_ARETT
1760985662662,True,True,0.03750801,1.718347,0.1942894,-0.01712743,-0.05930904,0.9980927,False,0,0,0,Data_from_ARETT
1760985662662,True,True,0.03750801,1.718347,0.1942894,-0.01712743,-0.05930904,0.9980927,False,0,0,0,Data_from_ARETT
1760985662662,True,True,0.03750801,1.718347,0.1942894,-0.01712743,-0.05930904,0.9980927,False,0,0,0,Data_from_ARETT
1760985662697,True,True,0.03723117,1.718003,0.1944043,-0.01647237,-0.06150131,0.9979711,False,0,0,0,Data_from_ARETT
1760985662697,True,True,0.03723117,1.718003,0.1944043,-0.01647237,-0.06150131,0.9979711,False,0,0,0,Data_from_ARETT
1760985662697,True,True,0.03723117,1.718003,0.1944043,-0.01647237,-0.06150131,0.9979711,False,0,0,0,Data_from_ARETT
1760985662731,True,True,0.0366484,1.717975,0.1940092,-0.01541493,-0.06200328,0.9979569,False,0,0,0,Data_from_ARETT
1760985662731,True,True,0.0366484,1.717975,0.1940092,-0.01541493,-0.06200328,0.9979569,False,0,0,0,Data_from_ARETT
1760985662731,True,True,0.0366484,1.717975,0.1940092,-0.01541493,-0.06200328,0.9979569,False,0,0,0,Data_from_ARETT
1760985662765,True,True,0.03628518,1.718196,0.193522,-0.01419702,-0.06279516,0.9979255,False,0,0,0,Data_from_ARETT
1760985662765,True,True,0.03628518,1.718196,0.193522,-0.01419702,-0.06279516,0.9979255,False,0,0,0,Data_from_ARETT
1760985662765,True,True,0.03628518,1.718196,0.193522,-0.01419702,-0.06279516,0.9979255,False,0,0,0,Data_from_ARETT
1760985662799,True,True,0.03631458,1.717729,0.1939175,-0.01217023,-0.06173123,0.9980186,False,0,0,0,Data_from_ARETT
1760985662799,True,True,0.03631458,1.717729,0.1939175,-0.01217023,-0.06173123,0.9980186,False,0,0,0,Data_from_ARETT
1760985662799,True,True,0.03631458,1.717729,0.1939175,-0.01217023,-0.06173123,0.9980186,False,0,0,0,Data_from_ARETT
1760985662833,True,True,0.03637223,1.718105,0.1936825,-0.0100016,-0.061077,0.9980829,False,0,0,0,Data_from_ARETT
1760985662833,True,True,0.03637223,1.718105,0.1936825,-0.0100016,-0.061077,0.9980829,False,0,0,0,Data_from_ARETT
1760985662833,True,True,0.03637223,1.718105,0.1936825,-0.0100016,-0.061077,0.9980829,False,0,0,0,Data_from_ARETT
1760985662867,True,True,0.03607328,1.718484,0.1935264,-0.009376561,-0.06004209,0.9981518,False,0,0,0,Data_from_ARETT
1760985662867,True,True,0.03607328,1.718484,0.1935264,-0.009376561,-0.06004209,0.9981518,False,0,0,0,Data_from_ARETT
1760985662867,True,True,0.03607328,1.718484,0.1935264,-0.009376561,-0.06004209,0.9981518,False,0,0,0,Data_from_ARETT
1760985662901,True,True,0.03649184,1.718335,0.193701,-0.007679256,-0.05888323,0.9982353,False,0,0,0,Data_from_ARETT
1760985662901,True,True,0.03649184,1.718335,0.193701,-0.007679256,-0.05888323,0.9982353,False,0,0,0,Data_from_ARETT
1760985662901,True,True,0.03649184,1.718335,0.193701,-0.007679256,-0.05888323,0.9982353,False,0,0,0,Data_from_ARETT
1760985662935,True,True,0.0365725,1.718121,0.1939102,-0.007650504,-0.05892497,0.9982331,False,0,0,0,Data_from_ARETT
1760985662935,True,True,0.0365725,1.718121,0.1939102,-0.007650504,-0.05892497,0.9982331,False,0,0,0,Data_from_ARETT
1760985662935,True,True,0.0365725,1.718121,0.1939102,-0.007650504,-0.05892497,0.9982331,False,0,0,0,Data_from_ARETT
1760985662969,True,True,0.03712319,1.718063,0.194043,-0.008610695,-0.06011212,0.9981545,False,0,0,0,Data_from_ARETT
1760985662969,True,True,0.03712319,1.718063,0.194043,-0.008610695,-0.06011212,0.9981545,False,0,0,0,Data_from_ARETT
1760985662969,True,True,0.03712319,1.718063,0.194043,-0.008610695,-0.06011212,0.9981545,False,0,0,0,Data_from_ARETT
1760985663003,True,True,0.03765466,1.71827,0.1941162,-0.006344525,-0.06185269,0.9980651,False,0,0,0,Data_from_ARETT
1760985663003,True,True,0.03765466,1.71827,0.1941162,-0.006344525,-0.06185269,0.9980651,False,0,0,0,Data_from_ARETT
1760985663003,True,True,0.03765466,1.71827,0.1941162,-0.006344525,-0.06185269,0.9980651,False,0,0,0,Data_from_ARETT
1760985663038,True,True,0.03825707,1.718007,0.194511,-0.004071426,-0.06388677,0.9979488,False,0,0,0,Data_from_ARETT
1760985663038,True,True,0.03825707,1.718007,0.194511,-0.004071426,-0.06388677,0.9979488,False,0,0,0,Data_from_ARETT
1760985663038,True,True,0.03825707,1.718007,0.194511,-0.004071426,-0.06388677,0.9979488,False,0,0,0,Data_from_ARETT
1760985663071,True,True,0.03925198,1.717785,0.1948263,-0.001066878,-0.06565417,0.9978419,False,0,0,0,Data_from_ARETT
1760985663071,True,True,0.03925198,1.717785,0.1948263,-0.001066878,-0.06565417,0.9978419,False,0,0,0,Data_from_ARETT
1760985663071,True,True,0.03925198,1.717785,0.1948263,-0.001066878,-0.06565417,0.9978419,False,0,0,0,Data_from_ARETT
1760985663106,True,True,0.04010076,1.717404,0.1949869,0.003302363,-0.06777385,0.9976953,False,0,0,0,Data_from_ARETT
1760985663106,True,True,0.04010076,1.717404,0.1949869,0.003302363,-0.06777385,0.9976953,False,0,0,0,Data_from_ARETT
1760985663106,True,True,0.04010076,1.717404,0.1949869,0.003302363,-0.06777385,0.9976953,False,0,0,0,Data_from_ARETT
1760985663140,True,True,0.04103493,1.717216,0.1952917,0.005081407,-0.06974243,0.9975521,False,0,0,0,Data_from_ARETT
1760985663140,True,True,0.04103493,1.717216,0.1952917,0.005081407,-0.06974243,0.9975521,False,0,0,0,Data_from_ARETT
1760985663140,True,True,0.04103493,1.717216,0.1952917,0.005081407,-0.06974243,0.9975521,False,0,0,0,Data_from_ARETT
1760985663174,True,True,0.04122761,1.716871,0.1957191,0.006049729,-0.07149603,0.9974225,False,0,0,0,Data_from_ARETT
1760985663174,True,True,0.04122761,1.716871,0.1957191,0.006049729,-0.07149603,0.9974225,False,0,0,0,Data_from_ARETT
1760985663174,True,True,0.04122761,1.716871,0.1957191,0.006049729,-0.07149603,0.9974225,False,0,0,0,Data_from_ARETT
1760985663208,True,True,0.04170951,1.716988,0.1955649,0.005875546,-0.07328574,0.9972937,False,0,0,0,Data_from_ARETT
1760985663208,True,True,0.04170951,1.716988,0.1955649,0.005875546,-0.07328574,0.9972937,False,0,0,0,Data_from_ARETT
1760985663208,True,True,0.04170951,1.716988,0.1955649,0.005875546,-0.07328574,0.9972937,False,0,0,0,Data_from_ARETT
1760985663242,True,True,0.04179122,1.716666,0.1962972,0.004938791,-0.07227806,0.9973723,False,0,0,0,Data_from_ARETT
1760985663242,True,True,0.04179122,1.716666,0.1962972,0.004938791,-0.07227806,0.9973723,False,0,0,0,Data_from_ARETT
1760985663242,True,True,0.04179122,1.716666,0.1962972,0.004938791,-0.07227806,0.9973723,False,0,0,0,Data_from_ARETT
1760985663277,True,True,0.04210317,1.716805,0.1962479,0.004845579,-0.07407954,0.9972405,False,0,0,0,Data_from_ARETT
1760985663277,True,True,0.04210317,1.716805,0.1962479,0.004845579,-0.07407954,0.9972405,False,0,0,0,Data_from_ARETT
1760985663277,True,True,0.04210317,1.716805,0.1962479,0.004845579,-0.07407954,0.9972405,False,0,0,0,Data_from_ARETT
1760985663310,True,True,0.04198653,1.716617,0.1962404,0.002793615,-0.07592157,0.9971099,False,0,0,0,Data_from_ARETT
1760985663310,True,True,0.04198653,1.716617,0.1962404,0.002793615,-0.07592157,0.9971099,False,0,0,0,Data_from_ARETT
1760985663310,True,True,0.04198653,1.716617,0.1962404,0.002793615,-0.07592157,0.9971099,False,0,0,0,Data_from_ARETT
1760985663344,True,True,0.04215723,1.716341,0.1965628,0.000401824,-0.07675796,0.9970497,False,0,0,0,Data_from_ARETT
1760985663344,True,True,0.04215723,1.716341,0.1965628,0.000401824,-0.07675796,0.9970497,False,0,0,0,Data_from_ARETT
1760985663344,True,True,0.04215723,1.716341,0.1965628,0.000401824,-0.07675796,0.9970497,False,0,0,0,Data_from_ARETT
1760985663378,True,True,0.04218835,1.716531,0.196574,0.00115483,-0.07736413,0.9970022,False,0,0,0,Data_from_ARETT
1760985663378,True,True,0.04218835,1.716531,0.196574,0.00115483,-0.07736413,0.9970022,False,0,0,0,Data_from_ARETT
1760985663378,True,True,0.04218835,1.716531,0.196574,0.00115483,-0.07736413,0.9970022,False,0,0,0,Data_from_ARETT
1760985663413,True,True,0.04217003,1.716578,0.1969284,0.002715226,-0.07616973,0.9970912,False,0,0,0,Data_from_ARETT
1760985663413,True,True,0.04217003,1.716578,0.1969284,0.002715226,-0.07616973,0.9970912,False,0,0,0,Data_from_ARETT
1760985663413,True,True,0.04217003,1.716578,0.1969284,0.002715226,-0.07616973,0.9970912,False,0,0,0,Data_from_ARETT
1760985663447,True,True,0.04241616,1.716823,0.1969919,0.002255851,-0.07543424,0.9971482,False,0,0,0,Data_from_ARETT
1760985663447,True,True,0.04241616,1.716823,0.1969919,0.002255851,-0.07543424,0.9971482,False,0,0,0,Data_from_ARETT
1760985663447,True,True,0.04241616,1.716823,0.1969919,0.002255851,-0.07543424,0.9971482,False,0,0,0,Data_from_ARETT
1760985663481,True,True,0.04216263,1.716977,0.197263,0.001892336,-0.07430794,0.9972336,False,0,0,0,Data_from_ARETT
1760985663481,True,True,0.04216263,1.716977,0.197263,0.001892336,-0.07430794,0.9972336,False,0,0,0,Data_from_ARETT
1760985663481,True,True,0.04216263,1.716977,0.197263,0.001892336,-0.07430794,0.9972336,False,0,0,0,Data_from_ARETT
1760985663515,True,True,0.04227681,1.716995,0.1971789,0.001680912,-0.07393127,0.9972619,False,0,0,0,Data_from_ARETT
1760985663515,True,True,0.04227681,1.716995,0.1971789,0.001680912,-0.07393127,0.9972619,False,0,0,0,Data_from_ARETT
1760985663515,True,True,0.04227681,1.716995,0.1971789,0.001680912,-0.07393127,0.9972619,False,0,0,0,Data_from_ARETT
1760985663549,True,True,0.04222303,1.716637,0.1974036,0.0003248903,-0.07407018,0.997253,False,0,0,0,Data_from_ARETT
1760985663549,True,True,0.04222303,1.716637,0.1974036,0.0003248903,-0.07407018,0.997253,False,0,0,0,Data_from_ARETT
1760985663549,True,True,0.04222303,1.716637,0.1974036,0.0003248903,-0.07407018,0.997253,False,0,0,0,Data_from_ARETT
1760985663583,True,True,0.04207916,1.717076,0.1968527,0.0001837548,-0.07391064,0.9972649,False,0,0,0,Data_from_ARETT
1760985663583,True,True,0.04207916,1.717076,0.1968527,0.0001837548,-0.07391064,0.9972649,False,0,0,0,Data_from_ARETT
1760985663583,True,True,0.04207916,1.717076,0.1968527,0.0001837548,-0.07391064,0.9972649,False,0,0,0,Data_from_ARETT
1760985663617,True,True,0.04248519,1.717028,0.1968062,0.0001114863,-0.07576775,0.9971255,False,0,0,0,Data_from_ARETT
1760985663617,True,True,0.04248519,1.717028,0.1968062,0.0001114863,-0.07576775,0.9971255,False,0,0,0,Data_from_ARETT
1760985663617,True,True,0.04248519,1.717028,0.1968062,0.0001114863,-0.07576775,0.9971255,False,0,0,0,Data_from_ARETT
1760985663651,True,True,0.04251639,1.716851,0.1969949,0.001234119,-0.0759221,0.997113,False,0,0,0,Data_from_ARETT
1760985663651,True,True,0.04251639,1.716851,0.1969949,0.001234119,-0.0759221,0.997113,False,0,0,0,Data_from_ARETT
1760985663651,True,True,0.04251639,1.716851,0.1969949,0.001234119,-0.0759221,0.997113,False,0,0,0,Data_from_ARETT
1760985663685,True,True,0.04278543,1.71685,0.1968209,0.00321504,-0.07379545,0.9972682,False,0,0,0,Data_from_ARETT
1760985663685,True,True,0.04278543,1.71685,0.1968209,0.00321504,-0.07379545,0.9972682,False,0,0,0,Data_from_ARETT
1760985663685,True,True,0.04278543,1.71685,0.1968209,0.00321504,-0.07379545,0.9972682,False,0,0,0,Data_from_ARETT
1760985663720,True,True,0.04363895,1.716777,0.1965326,0.004725904,-0.07459197,0.9972029,False,0,0,0,Data_from_ARETT
1760985663720,True,True,0.04363895,1.716777,0.1965326,0.004725904,-0.07459197,0.9972029,False,0,0,0,Data_from_ARETT
1760985663720,True,True,0.04363895,1.716777,0.1965326,0.004725904,-0.07459197,0.9972029,False,0,0,0,Data_from_ARETT
1760985663754,True,True,0.04387278,1.716598,0.1965189,0.005356931,-0.07365906,0.9972691,False,0,0,0,Data_from_ARETT
1760985663754,True,True,0.04387278,1.716598,0.1965189,0.005356931,-0.07365906,0.9972691,False,0,0,0,Data_from_ARETT
1760985663754,True,True,0.04387278,1.716598,0.1965189,0.005356931,-0.07365906,0.9972691,False,0,0,0,Data_from_ARETT
1760985663788,True,True,0.04414562,1.716567,0.1964293,0.005181718,-0.07202394,0.9973894,False,0,0,0,Data_from_ARETT
1760985663788,True,True,0.04414562,1.716567,0.1964293,0.005181718,-0.07202394,0.9973894,False,0,0,0,Data_from_ARETT
1760985663788,True,True,0.04414562,1.716567,0.1964293,0.005181718,-0.07202394,0.9973894,False,0,0,0,Data_from_ARETT
1760985663823,True,True,0.04447927,1.716756,0.1960479,0.004359868,-0.07274236,0.9973412,False,0,0,0,Data_from_ARETT
1760985663823,True,True,0.04447927,1.716756,0.1960479,0.004359868,-0.07274236,0.9973412,False,0,0,0,Data_from_ARETT
1760985663823,True,True,0.04447927,1.716756,0.1960479,0.004359868,-0.07274236,0.9973412,False,0,0,0,Data_from_ARETT
1760985663857,True,True,0.04460674,1.716868,0.1961525,0.003307213,-0.07331457,0.9973034,False,0,0,0,Data_from_ARETT
1760985663857,True,True,0.04460674,1.716868,0.1961525,0.003307213,-0.07331457,0.9973034,False,0,0,0,Data_from_ARETT
1760985663857,True,True,0.04460674,1.716868,0.1961525,0.003307213,-0.07331457,0.9973034,False,0,0,0,Data_from_ARETT
1760985663890,True,True,0.04463899,1.716439,0.1962724,0.003627263,-0.07152812,0.997432,False,0,0,0,Data_from_ARETT
1760985663890,True,True,0.04463899,1.716439,0.1962724,0.003627263,-0.07152812,0.997432,False,0,0,0,Data_from_ARETT
1760985663890,True,True,0.04463899,1.716439,0.1962724,0.003627263,-0.07152812,0.997432,False,0,0,0,Data_from_ARETT
1760985663925,True,True,0.04451797,1.716697,0.1955737,0.005251808,-0.07327222,0.9972981,False,0,0,0,Data_from_ARETT
1760985663925,True,True,0.04451797,1.716697,0.1955737,0.005251808,-0.07327222,0.9972981,False,0,0,0,Data_from_ARETT
1760985663925,True,True,0.04451797,1.716697,0.1955737,0.005251808,-0.07327222,0.9972981,False,0,0,0,Data_from_ARETT
1760985663959,True,True,0.04469376,1.716659,0.1955363,0.005560955,-0.075424,0.9971361,False,0,0,0,Data_from_ARETT
1760985663959,True,True,0.04469376,1.716659,0.1955363,0.005560955,-0.075424,0.9971361,False,0,0,0,Data_from_ARETT
1760985663959,True,True,0.04469376,1.716659,0.1955363,0.005560955,-0.075424,0.9971361,False,0,0,0,Data_from_ARETT
1760985663993,True,True,0.04431793,1.716537,0.1959207,0.00563609,-0.07220177,0.9973741,False,0,0,0,Data_from_ARETT
1760985663993,True,True,0.04431793,1.716537,0.1959207,0.00563609,-0.07220177,0.9973741,False,0,0,0,Data_from_ARETT
1760985663993,True,True,0.04431793,1.716537,0.1959207,0.00563609,-0.07220177,0.9973741,False,0,0,0,Data_from_ARETT
1760985664027,True,True,0.04444478,1.717205,0.1954328,0.0045768,-0.07270172,0.9973432,False,0,0,0,Data_from_ARETT
1760985664027,True,True,0.04444478,1.717205,0.1954328,0.0045768,-0.07270172,0.9973432,False,0,0,0,Data_from_ARETT
1760985664027,True,True,0.04444478,1.717205,0.1954328,0.0045768,-0.07270172,0.9973432,False,0,0,0,Data_from_ARETT
1760985664062,True,True,0.04382851,1.716693,0.1955241,0.003804839,-0.07104342,0.997466,False,0,0,0,Data_from_ARETT
1760985664062,True,True,0.04382851,1.716693,0.1955241,0.003804839,-0.07104342,0.997466,False,0,0,0,Data_from_ARETT
1760985664062,True,True,0.04382851,1.716693,0.1955241,0.003804839,-0.07104342,0.997466,False,0,0,0,Data_from_ARETT
1760985664095,True,True,0.04413423,1.716645,0.1952628,0.003837194,-0.07226868,0.9973778,False,0,0,0,Data_from_ARETT
1760985664095,True,True,0.04413423,1.716645,0.1952628,0.003837194,-0.07226868,0.9973778,False,0,0,0,Data_from_ARETT
1760985664095,True,True,0.04413423,1.716645,0.1952628,0.003837194,-0.07226868,0.9973778,False,0,0,0,Data_from_ARETT
1760985664130,True,True,0.04392707,1.716435,0.1953505,0.0044306,-0.07226001,0.997376,False,0,0,0,Data_from_ARETT
1760985664130,True,True,0.04392707,1.716435,0.1953505,0.0044306,-0.07226001,0.997376,False,0,0,0,Data_from_ARETT
1760985664130,True,True,0.04392707,1.716435,0.1953505,0.0044306,-0.07226001,0.997376,False,0,0,0,Data_from_ARETT
1760985664164,True,True,0.04394044,1.71623,0.1953902,0.005505258,-0.07324757,0.9972986,False,0,0,0,Data_from_ARETT
1760985664164,True,True,0.04394044,1.71623,0.1953902,0.005505258,-0.07324757,0.9972986,False,0,0,0,Data_from_ARETT
1760985664164,True,True,0.04394044,1.71623,0.1953902,0.005505258,-0.07324757,0.9972986,False,0,0,0,Data_from_ARETT
1760985664198,True,True,0.04404903,1.716179,0.1952651,0.004869746,-0.07578017,0.9971126,False,0,0,0,Data_from_ARETT
1760985664198,True,True,0.04404903,1.716179,0.1952651,0.004869746,-0.07578017,0.9971126,False,0,0,0,Data_from_ARETT
1760985664198,True,True,0.04404903,1.716179,0.1952651,0.004869746,-0.07578017,0.9971126,False,0,0,0,Data_from_ARETT
1760985664232,True,True,0.04373108,1.716224,0.1955455,0.004125661,-0.07409032,0.997243,False,0,0,0,Data_from_ARETT
1760985664232,True,True,0.04373108,1.716224,0.1955455,0.004125661,-0.07409032,0.997243,False,0,0,0,Data_from_ARETT
1760985664232,True,True,0.04373108,1.716224,0.1955455,0.004125661,-0.07409032,0.997243,False,0,0,0,Data_from_ARETT
1760985664266,True,True,0.04396876,1.716493,0.1952928,0.003893074,-0.0723353,0.9973727,False,0,0,0,Data_from_ARETT
1760985664266,True,True,0.04396876,1.716493,0.1952928,0.003893074,-0.0723353,0.9973727,False,0,0,0,Data_from_ARETT
1760985664266,True,True,0.04396876,1.716493,0.1952928,0.003893074,-0.0723353,0.9973727,False,0,0,0,Data_from_ARETT
1760985664300,True,True,0.04390764,1.716512,0.1952494,0.004510456,-0.07180364,0.9974086,False,0,0,0,Data_from_ARETT
1760985664300,True,True,0.04390764,1.716512,0.1952494,0.004510456,-0.07180364,0.9974086,False,0,0,0,Data_from_ARETT
1760985664300,True,True,0.04390764,1.716512,0.1952494,0.004510456,-0.07180364,0.9974086,False,0,0,0,Data_from_ARETT
1760985664334,True,True,0.04396569,1.716603,0.1952495,0.006330658,-0.07171406,0.9974051,False,0,0,0,Data_from_ARETT
1760985664334,True,True,0.04396569,1.716603,0.1952495,0.006330658,-0.07171406,0.9974051,False,0,0,0,Data_from_ARETT
1760985664334,True,True,0.04396569,1.716603,0.1952495,0.006330658,-0.07171406,0.9974051,False,0,0,0,Data_from_ARETT
1760985664368,True,True,0.04402762,1.71666,0.1953178,0.006887401,-0.07207873,0.9973752,False,0,0,0,Data_from_ARETT
1760985664368,True,True,0.04402762,1.71666,0.1953178,0.006887401,-0.07207873,0.9973752,False,0,0,0,Data_from_ARETT
1760985664368,True,True,0.04402762,1.71666,0.1953178,0.006887401,-0.07207873,0.9973752,False,0,0,0,Data_from_ARETT
1760985664403,True,True,0.04386042,1.716408,0.1954917,0.006346553,-0.07172629,0.9974042,False,0,0,0,Data_from_ARETT
1760985664403,True,True,0.04386042,1.716408,0.1954917,0.006346553,-0.07172629,0.9974042,False,0,0,0,Data_from_ARETT
1760985664403,True,True,0.04386042,1.716408,0.1954917,0.006346553,-0.07172629,0.9974042,False,0,0,0,Data_from_ARETT
1760985664436,True,True,0.04386691,1.716495,0.1954552,0.005103326,-0.07187048,0.9974009,False,0,0,0,Data_from_ARETT
1760985664436,True,True,0.04386691,1.716495,0.1954552,0.005103326,-0.07187048,0.9974009,False,0,0,0,Data_from_ARETT
1760985664436,True,True,0.04386691,1.716495,0.1954552,0.005103326,-0.07187048,0.9974009,False,0,0,0,Data_from_ARETT
1760985664470,True,True,0.04383184,1.716657,0.1953569,0.003639098,-0.07126808,0.9974505,False,0,0,0,Data_from_ARETT
1760985664470,True,True,0.04383184,1.716657,0.1953569,0.003639098,-0.07126808,0.9974505,False,0,0,0,Data_from_ARETT
1760985664470,True,True,0.04383184,1.716657,0.1953569,0.003639098,-0.07126808,0.9974505,False,0,0,0,Data_from_ARETT
1760985664505,True,True,0.04363896,1.716828,0.1952603,0.002620631,-0.07018091,0.9975308,False,0,0,0,Data_from_ARETT
1760985664505,True,True,0.04363896,1.716828,0.1952603,0.002620631,-0.07018091,0.9975308,False,0,0,0,Data_from_ARETT
1760985664505,True,True,0.04363896,1.716828,0.1952603,0.002620631,-0.07018091,0.9975308,False,0,0,0,Data_from_ARETT
1760985664540,True,True,0.04383805,1.716583,0.19539,0.001830526,-0.06982319,0.9975577,False,0,0,0,Data_from_ARETT
1760985664540,True,True,0.04383805,1.716583,0.19539,0.001830526,-0.06982319,0.9975577,False,0,0,0,Data_from_ARETT
1760985664540,True,True,0.04383805,1.716583,0.19539,0.001830526,-0.06982319,0.9975577,False,0,0,0,Data_from_ARETT
1760985664573,True,True,0.04367306,1.716767,0.1952446,0.002656675,-0.06942993,0.9975833,False,0,0,0,Data_from_ARETT
1760985664573,True,True,0.04367306,1.716767,0.1952446,0.002656675,-0.06942993,0.9975833,False,0,0,0,Data_from_ARETT
1760985664573,True,True,0.04367306,1.716767,0.1952446,0.002656675,-0.06942993,0.9975833,False,0,0,0,Data_from_ARETT
1760985664607,True,True,0.04399392,1.716534,0.1952786,0.00375911,-0.06989956,0.997547,False,0,0,0,Data_from_ARETT
1760985664607,True,True,0.04399392,1.716534,0.1952786,0.00375911,-0.06989956,0.997547,False,0,0,0,Data_from_ARETT
1760985664607,True,True,0.04399392,1.716534,0.1952786,0.00375911,-0.06989956,0.997547,False,0,0,0,Data_from_ARETT
1760985664641,True,True,0.04390601,1.71673,0.1950764,0.004164661,-0.07026841,0.9975194,False,0,0,0,Data_from_ARETT
1760985664641,True,True,0.04390601,1.71673,0.1950764,0.004164661,-0.07026841,0.9975194,False,0,0,0,Data_from_ARETT
1760985664641,True,True,0.04390601,1.71673,0.1950764,0.004164661,-0.07026841,0.9975194,False,0,0,0,Data_from_ARETT
1760985664676,True,True,0.0438116,1.716779,0.1952119,0.003624644,-0.06992362,0.9975458,False,0,0,0,Data_from_ARETT
1760985664676,True,True,0.0438116,1.716779,0.1952119,0.003624644,-0.06992362,0.9975458,False,0,0,0,Data_from_ARETT
1760985664676,True,True,0.0438116,1.716779,0.1952119,0.003624644,-0.06992362,0.9975458,False,0,0,0,Data_from_ARETT
1760985664710,True,True,0.04395444,1.717043,0.1949926,0.002436379,-0.06928911,0.9975936,False,0,0,0,Data_from_ARETT
1760985664710,True,True,0.04395444,1.717043,0.1949926,0.002436379,-0.06928911,0.9975936,False,0,0,0,Data_from_ARETT
1760985664710,True,True,0.04395444,1.717043,0.1949926,0.002436379,-0.06928911,0.9975936,False,0,0,0,Data_from_ARETT
1760985664743,True,True,0.043603,1.716642,0.1956867,0.001403696,-0.06670503,0.9977717,False,0,0,0,Data_from_ARETT
1760985664743,True,True,0.043603,1.716642,0.1956867,0.001403696,-0.06670503,0.9977717,False,0,0,0,Data_from_ARETT
1760985664743,True,True,0.043603,1.716642,0.1956867,0.001403696,-0.06670503,0.9977717,False,0,0,0,Data_from_ARETT
1760985664778,True,True,0.04392052,1.716924,0.1951328,0.0009420365,-0.06808005,0.9976794,False,0,0,0,Data_from_ARETT
1760985664778,True,True,0.04392052,1.716924,0.1951328,0.0009420365,-0.06808005,0.9976794,False,0,0,0,Data_from_ARETT
1760985664778,True,True,0.04392052,1.716924,0.1951328,0.0009420365,-0.06808005,0.9976794,False,0,0,0,Data_from_ARETT
1760985664812,True,True,0.04362188,1.71685,0.195329,0.00100411,-0.06921634,0.9976012,False,0,0,0,Data_from_ARETT
1760985664812,True,True,0.04362188,1.71685,0.195329,0.00100411,-0.06921634,0.9976012,False,0,0,0,Data_from_ARETT
1760985664812,True,True,0.04362188,1.71685,0.195329,0.00100411,-0.06921634,0.9976012,False,0,0,0,Data_from_ARETT
1760985664847,True,True,0.0435282,1.716909,0.1952606,0.0006268192,-0.06905393,0.9976127,False,0,0,0,Data_from_ARETT
1760985664847,True,True,0.0435282,1.716909,0.1952606,0.0006268192,-0.06905393,0.9976127,False,0,0,0,Data_from_ARETT
1760985664847,True,True,0.0435282,1.716909,0.1952606,0.0006268192,-0.06905393,0.9976127,False,0,0,0,Data_from_ARETT
1760985664881,True,True,0.04337143,1.716857,0.1952192,-0.001534467,-0.06897897,0.9976169,False,0,0,0,Data_from_ARETT
1760985664881,True,True,0.04337143,1.716857,0.1952192,-0.001534467,-0.06897897,0.9976169,False,0,0,0,Data_from_ARETT
1760985664881,True,True,0.04337143,1.716857,0.1952192,-0.001534467,-0.06897897,0.9976169,False,0,0,0,Data_from_ARETT
1760985664914,True,True,0.04301693,1.716785,0.1951075,-0.003811158,-0.06845946,0.9976466,False,0,0,0,Data_from_ARETT
1760985664914,True,True,0.04301693,1.716785,0.1951075,-0.003811158,-0.06845946,0.9976466,False,0,0,0,Data_from_ARETT
1760985664914,True,True,0.04301693,1.716785,0.1951075,-0.003811158,-0.06845946,0.9976466,False,0,0,0,Data_from_ARETT
1760985664950,True,True,0.04288954,1.716812,0.1951238,-0.004352744,-0.06859029,0.9976354,False,0,0,0,Data_from_ARETT
1760985664950,True,True,0.04288954,1.716812,0.1951238,-0.004352744,-0.06859029,0.9976354,False,0,0,0,Data_from_ARETT
1760985664950,True,True,0.04288954,1.716812,0.1951238,-0.004352744,-0.06859029,0.9976354,False,0,0,0,Data_from_ARETT
1760985664984,True,True,0.04270955,1.716798,0.1950301,-0.003030522,-0.06859024,0.9976403,False,0,0,0,Data_from_ARETT
1760985664984,True,True,0.04270955,1.716798,0.1950301,-0.003030522,-0.06859024,0.9976403,False,0,0,0,Data_from_ARETT
1760985664984,True,True,0.04270955,1.716798,0.1950301,-0.003030522,-0.06859024,0.9976403,False,0,0,0,Data_from_ARETT
1760985665017,True,True,0.04278843,1.716832,0.1950145,-0.001638874,-0.06909635,0.9976087,False,0,0,0,Data_from_ARETT
1760985665017,True,True,0.04278843,1.716832,0.1950145,-0.001638874,-0.06909635,0.9976087,False,0,0,0,Data_from_ARETT
1760985665017,True,True,0.04278843,1.716832,0.1950145,-0.001638874,-0.06909635,0.9976087,False,0,0,0,Data_from_ARETT
1760985665051,True,True,0.04269019,1.716744,0.1949351,-0.001468511,-0.06993156,0.9975507,False,0,0,0,Data_from_ARETT
1760985665051,True,True,0.04269019,1.716744,0.1949351,-0.001468511,-0.06993156,0.9975507,False,0,0,0,Data_from_ARETT
1760985665051,True,True,0.04269019,1.716744,0.1949351,-0.001468511,-0.06993156,0.9975507,False,0,0,0,Data_from_ARETT
1760985665086,True,True,0.04261095,1.716737,0.1949045,-0.001278852,-0.07075355,0.997493,False,0,0,0,Data_from_ARETT
1760985665086,True,True,0.04261095,1.716737,0.1949045,-0.001278852,-0.07075355,0.997493,False,0,0,0,Data_from_ARETT
1760985665086,True,True,0.04261095,1.716737,0.1949045,-0.001278852,-0.07075355,0.997493,False,0,0,0,Data_from_ARETT
1760985665120,True,True,0.04270682,1.71693,0.1947888,-0.001502269,-0.07109588,0.9974684,False,0,0,0,Data_from_ARETT
1760985665120,True,True,0.04270682,1.71693,0.1947888,-0.001502269,-0.07109588,0.9974684,False,0,0,0,Data_from_ARETT
1760985665120,True,True,0.04270682,1.71693,0.1947888,-0.001502269,-0.07109588,0.9974684,False,0,0,0,Data_from_ARETT
1760985665153,True,True,0.0425397,1.716765,0.1950327,-0.001870588,-0.07015903,0.997534,False,0,0,0,Data_from_ARETT
1760985665153,True,True,0.0425397,1.716765,0.1950327,-0.001870588,-0.07015903,0.997534,False,0,0,0,Data_from_ARETT
1760985665153,True,True,0.0425397,1.716765,0.1950327,-0.001870588,-0.07015903,0.997534,False,0,0,0,Data_from_ARETT
1760985665188,True,True,0.04258851,1.716947,0.1949481,-0.003147571,-0.06980442,0.9975557,False,0,0,0,Data_from_ARETT
1760985665188,True,True,0.04258851,1.716947,0.1949481,-0.003147571,-0.06980442,0.9975557,False,0,0,0,Data_from_ARETT
1760985665188,True,True,0.04258851,1.716947,0.1949481,-0.003147571,-0.06980442,0.9975557,False,0,0,0,Data_from_ARETT
1760985665222,True,True,0.04195563,1.717263,0.1948891,-0.005041433,-0.0689915,0.9976045,False,0,0,0,Data_from_ARETT
1760985665222,True,True,0.04195563,1.717263,0.1948891,-0.005041433,-0.0689915,0.9976045,False,0,0,0,Data_from_ARETT
1760985665222,True,True,0.04195563,1.717263,0.1948891,-0.005041433,-0.0689915,0.9976045,False,0,0,0,Data_from_ARETT
1760985665257,True,True,0.04197322,1.71716,0.1950757,-0.006176035,-0.06944581,0.9975666,False,0,0,0,Data_from_ARETT
1760985665257,True,True,0.04197322,1.71716,0.1950757,-0.006176035,-0.06944581,0.9975666,False,0,0,0,Data_from_ARETT
1760985665257,True,True,0.04197322,1.71716,0.1950757,-0.006176035,-0.06944581,0.9975666,False,0,0,0,Data_from_ARETT
1760985665291,True,True,0.04164378,1.717095,0.1951834,-0.007456913,-0.07002708,0.9975172,False,0,0,0,Data_from_ARETT
1760985665291,True,True,0.04164378,1.717095,0.1951834,-0.007456913,-0.07002708,0.9975172,False,0,0,0,Data_from_ARETT
1760985665291,True,True,0.04164378,1.717095,0.1951834,-0.007456913,-0.07002708,0.9975172,False,0,0,0,Data_from_ARETT
1760985665325,True,True,0.04163083,1.716864,0.1954522,-0.006624412,-0.07148756,0.9974195,False,0,0,0,Data_from_ARETT
1760985665325,True,True,0.04163083,1.716864,0.1954522,-0.006624412,-0.07148756,0.9974195,False,0,0,0,Data_from_ARETT
1760985665325,True,True,0.04163083,1.716864,0.1954522,-0.006624412,-0.07148756,0.9974195,False,0,0,0,Data_from_ARETT
1760985665358,True,True,0.04169175,1.716556,0.1957812,-0.005684271,-0.0723145,0.9973657,False,0,0,0,Data_from_ARETT
1760985665358,True,True,0.04169175,1.716556,0.1957812,-0.005684271,-0.0723145,0.9973657,False,0,0,0,Data_from_ARETT
1760985665358,True,True,0.04169175,1.716556,0.1957812,-0.005684271,-0.0723145,0.9973657,False,0,0,0,Data_from_ARETT
1760985665393,True,True,0.04160234,1.716548,0.1956463,-0.004633124,-0.07433887,0.9972223,False,0,0,0,Data_from_ARETT
1760985665393,True,True,0.04160234,1.716548,0.1956463,-0.004633124,-0.07433887,0.9972223,False,0,0,0,Data_from_ARETT
1760985665393,True,True,0.04160234,1.716548,0.1956463,-0.004633124,-0.07433887,0.9972223,False,0,0,0,Data_from_ARETT
1760985665427,True,True,0.04196383,1.716476,0.1957596,-0.003989455,-0.07658149,0.9970554,False,0,0,0,Data_from_ARETT
1760985665427,True,True,0.04196383,1.716476,0.1957596,-0.003989455,-0.07658149,0.9970554,False,0,0,0,Data_from_ARETT
1760985665427,True,True,0.04196383,1.716476,0.1957596,-0.003989455,-0.07658149,0.9970554,False,0,0,0,Data_from_ARETT
1760985665461,True,True,0.04193291,1.716446,0.1957977,-0.003563191,-0.07821146,0.9969304,False,0,0,0,Data_from_ARETT
1760985665461,True,True,0.04193291,1.716446,0.1957977,-0.003563191,-0.07821146,0.9969304,False,0,0,0,Data_from_ARETT
1760985665461,True,True,0.04193291,1.716446,0.1957977,-0.003563191,-0.07821146,0.9969304,False,0,0,0,Data_from_ARETT
1760985665495,True,True,0.04186336,1.716175,0.1963407,-0.004727591,-0.07511742,0.9971635,False,0,0,0,Data_from_ARETT
1760985665495,True,True,0.04186336,1.716175,0.1963407,-0.004727591,-0.07511742,0.9971635,False,0,0,0,Data_from_ARETT
1760985665495,True,True,0.04186336,1.716175,0.1963407,-0.004727591,-0.07511742,0.9971635,False,0,0,0,Data_from_ARETT
1760985665529,True,True,0.04184861,1.71671,0.1958009,-0.005732815,-0.07606504,0.9970864,False,0,0,0,Data_from_ARETT
1760985665529,True,True,0.04184861,1.71671,0.1958009,-0.005732815,-0.07606504,0.9970864,False,0,0,0,Data_from_ARETT
1760985665529,True,True,0.04184861,1.71671,0.1958009,-0.005732815,-0.07606504,0.9970864,False,0,0,0,Data_from_ARETT
1760985665563,True,True,0.04195838,1.716253,0.1962024,-0.006492454,-0.07784875,0.9969441,False,0,0,0,Data_from_ARETT
1760985665563,True,True,0.04195838,1.716253,0.1962024,-0.006492454,-0.07784875,0.9969441,False,0,0,0,Data_from_ARETT
1760985665563,True,True,0.04195838,1.716253,0.1962024,-0.006492454,-0.07784875,0.9969441,False,0,0,0,Data_from_ARETT
1760985665597,True,True,0.0418617,1.716289,0.1959631,-0.006608702,-0.07776513,0.9969498,False,0,0,0,Data_from_ARETT
1760985665597,True,True,0.0418617,1.716289,0.1959631,-0.006608702,-0.07776513,0.9969498,False,0,0,0,Data_from_ARETT
1760985665597,True,True,0.0418617,1.716289,0.1959631,-0.006608702,-0.07776513,0.9969498,False,0,0,0,Data_from_ARETT
1760985665631,True,True,0.04203511,1.716355,0.1959441,-0.006103361,-0.07875868,0.996875,False,0,0,0,Data_from_ARETT
1760985665631,True,True,0.04203511,1.716355,0.1959441,-0.006103361,-0.07875868,0.996875,False,0,0,0,Data_from_ARETT
1760985665631,True,True,0.04203511,1.716355,0.1959441,-0.006103361,-0.07875868,0.996875,False,0,0,0,Data_from_ARETT
1760985665666,True,True,0.04214919,1.716101,0.1961562,-0.006389986,-0.07781143,0.9969476,False,0,0,0,Data_from_ARETT
1760985665666,True,True,0.04214919,1.716101,0.1961562,-0.006389986,-0.07781143,0.9969476,False,0,0,0,Data_from_ARETT
1760985665666,True,True,0.04214919,1.716101,0.1961562,-0.006389986,-0.07781143,0.9969476,False,0,0,0,Data_from_ARETT
1760985665700,True,True,0.04240428,1.716202,0.1960818,-0.006128411,-0.07855376,0.996891,False,0,0,0,Data_from_ARETT
1760985665700,True,True,0.04240428,1.716202,0.1960818,-0.006128411,-0.07855376,0.996891,False,0,0,0,Data_from_ARETT
1760985665700,True,True,0.04240428,1.716202,0.1960818,-0.006128411,-0.07855376,0.996891,False,0,0,0,Data_from_ARETT
1760985665734,True,True,0.04238399,1.715924,0.1964036,-0.006505881,-0.07936236,0.9968246,False,0,0,0,Data_from_ARETT
1760985665734,True,True,0.04238399,1.715924,0.1964036,-0.006505881,-0.07936236,0.9968246,False,0,0,0,Data_from_ARETT
1760985665734,True,True,0.04238399,1.715924,0.1964036,-0.006505881,-0.07936236,0.9968246,False,0,0,0,Data_from_ARETT
1760985665768,True,True,0.04255677,1.716077,0.1963141,-0.006887197,-0.0800554,0.9967666,False,0,0,0,Data_from_ARETT
1760985665768,True,True,0.04255677,1.716077,0.1963141,-0.006887197,-0.0800554,0.9967666,False,0,0,0,Data_from_ARETT
1760985665768,True,True,0.04255677,1.716077,0.1963141,-0.006887197,-0.0800554,0.9967666,False,0,0,0,Data_from_ARETT
1760985665801,True,True,0.04266525,1.71616,0.1963326,-0.007176747,-0.07991359,0.996776,False,0,0,0,Data_from_ARETT
1760985665801,True,True,0.04266525,1.71616,0.1963326,-0.007176747,-0.07991359,0.996776,False,0,0,0,Data_from_ARETT
1760985665801,True,True,0.04266525,1.71616,0.1963326,-0.007176747,-0.07991359,0.996776,False,0,0,0,Data_from_ARETT
1760985665836,True,True,0.04288655,1.716033,0.1965552,-0.006832061,-0.07903628,0.9968483,False,0,0,0,Data_from_ARETT
1760985665836,True,True,0.04288655,1.716033,0.1965552,-0.006832061,-0.07903628,0.9968483,False,0,0,0,Data_from_ARETT
1760985665836,True,True,0.04288655,1.716033,0.1965552,-0.006832061,-0.07903628,0.9968483,False,0,0,0,Data_from_ARETT
1760985665869,True,True,0.0428167,1.71617,0.1965404,-0.005895894,-0.08000221,0.9967772,False,0,0,0,Data_from_ARETT
1760985665869,True,True,0.0428167,1.71617,0.1965404,-0.005895894,-0.08000221,0.9967772,False,0,0,0,Data_from_ARETT
1760985665869,True,True,0.0428167,1.71617,0.1965404,-0.005895894,-0.08000221,0.9967772,False,0,0,0,Data_from_ARETT
1760985665905,True,True,0.04298986,1.71625,0.196539,-0.005255923,-0.07994239,0.9967856,False,0,0,0,Data_from_ARETT
1760985665905,True,True,0.04298986,1.71625,0.196539,-0.005255923,-0.07994239,0.9967856,False,0,0,0,Data_from_ARETT
1760985665905,True,True,0.04298986,1.71625,0.196539,-0.005255923,-0.07994239,0.9967856,False,0,0,0,Data_from_ARETT
1760985665939,True,True,0.04293108,1.715993,0.196667,-0.005238159,-0.07941484,0.9968279,False,0,0,0,Data_from_ARETT
1760985665939,True,True,0.04293108,1.715993,0.196667,-0.005238159,-0.07941484,0.9968279,False,0,0,0,Data_from_ARETT
1760985665939,True,True,0.04293108,1.715993,0.196667,-0.005238159,-0.07941484,0.9968279,False,0,0,0,Data_from_ARETT
1760985665973,True,True,0.04283764,1.716151,0.1966937,-0.005453309,-0.07978316,0.9967973,False,0,0,0,Data_from_ARETT
1760985665973,True,True,0.04283764,1.716151,0.1966937,-0.005453309,-0.07978316,0.9967973,False,0,0,0,Data_from_ARETT
1760985665973,True,True,0.04283764,1.716151,0.1966937,-0.005453309,-0.07978316,0.9967973,False,0,0,0,Data_from_ARETT
1760985666007,True,True,0.04296331,1.71618,0.1966978,-0.006234455,-0.07898446,0.9968563,False,0,0,0,Data_from_ARETT
1760985666007,True,True,0.04296331,1.71618,0.1966978,-0.006234455,-0.07898446,0.9968563,False,0,0,0,Data_from_ARETT
1760985666007,True,True,0.04296331,1.71618,0.1966978,-0.006234455,-0.07898446,0.9968563,False,0,0,0,Data_from_ARETT
1760985666042,True,True,0.04281747,1.71616,0.1966416,-0.006524416,-0.07866181,0.99688,False,0,0,0,Data_from_ARETT
1760985666042,True,True,0.04281747,1.71616,0.1966416,-0.006524416,-0.07866181,0.99688,False,0,0,0,Data_from_ARETT
1760985666042,True,True,0.04281747,1.71616,0.1966416,-0.006524416,-0.07866181,0.99688,False,0,0,0,Data_from_ARETT
