eyeDataTimestamp,isCalibrationValid,gazeHasValue,gazeOrigin_x,gazeOrigin_y,gazeOrigin_z,gazeDirection_x,gazeDirection_y,gazeDirection_z,gazePointHit,gazePoint_x,gazePoint_y,gazePoint_z,note
1760984948251,True,True,0.03366062,1.713434,0.04171485,0.1893043,0.1719188,0.9667512,False,0,0,0,Data_from_ARETT
1760984948251,True,True,0.03366062,1.713434,0.04171485,0.1893043,0.1719188,0.9667512,False,0,0,0,Data_from_ARETT
1760984948251,True,True,0.03366062,1.713434,0.04171485,0.1893043,0.1719188,0.9667512,False,0,0,0,Data_from_ARETT
1760984948285,True,True,0.03367406,1.713733,0.04136392,0.189307,0.1713346,0.9668543,False,0,0,0,Data_from_ARETT
1760984948285,True,True,0.03367406,1.713733,0.04136392,0.189307,0.1713346,0.9668543,False,0,0,0,Data_from_ARETT
1760984948285,True,True,0.03367406,1.713733,0.04136392,0.189307,0.1713346,0.9668543,False,0,0,0,Data_from_ARETT
1760984948320,True,True,0.03373782,1.713688,0.0418135,0.1880779,0.1727155,0.9668485,False,0,0,0,Data_from_ARETT
1760984948320,True,True,0.03373782,1.713688,0.0418135,0.1880779,0.1727155,0.9668485,False,0,0,0,Data_from_ARETT
1760984948320,True,True,0.03373782,1.713688,0.0418135,0.1880779,0.1727155,0.9668485,False,0,0,0,Data_from_ARETT
1760984948354,True,True,0.03348979,1.713871,0.04143471,0.1873429,0.1732065,0.9669034,False,0,0,0,Data_from_ARETT
1760984948354,True,True,0.03348979,1.713871,0.04143471,0.1873429,0.1732065,0.9669034,False,0,0,0,Data_from_ARETT
1760984948354,True,True,0.03348979,1.713871,0.04143471,0.1873429,0.1732065,0.9669034,False,0,0,0,Data_from_ARETT
1760984948388,True,True,0.03358971,1.71391,0.04130766,0.187364,0.1725726,0.9670126,False,0,0,0,Data_from_ARETT
1760984948388,True,True,0.03358971,1.71391,0.04130766,0.187364,0.1725726,0.9670126,False,0,0,0,Data_from_ARETT
1760984948388,True,True,0.03358971,1.71391,0.04130766,0.187364,0.1725726,0.9670126,False,0,0,0,Data_from_ARETT
1760984948422,True,True,0.03371492,1.713838,0.0411441,0.1877331,0.1719249,0.9670564,False,0,0,0,Data_from_ARETT
1760984948422,True,True,0.03371492,1.713838,0.0411441,0.1877331,0.1719249,0.9670564,False,0,0,0,Data_from_ARETT
1760984948422,True,True,0.03371492,1.713838,0.0411441,0.1877331,0.1719249,0.9670564,False,0,0,0,Data_from_ARETT
1760984948457,True,True,0.03374901,1.713775,0.0412477,0.1889362,0.1716513,0.9668707,False,0,0,0,Data_from_ARETT
1760984948457,True,True,0.03374901,1.713775,0.0412477,0.1889362,0.1716513,0.9668707,False,0,0,0,Data_from_ARETT
1760984948457,True,True,0.03374901,1.713775,0.0412477,0.1889362,0.1716513,0.9668707,False,0,0,0,Data_from_ARETT
1760984948491,True,True,0.03379248,1.71376,0.0413468,0.1885184,0.1730022,0.9667115,False,0,0,0,Data_from_ARETT
1760984948491,True,True,0.03379248,1.71376,0.0413468,0.1885184,0.1730022,0.9667115,False,0,0,0,Data_from_ARETT
1760984948491,True,True,0.03379248,1.71376,0.0413468,0.1885184,0.1730022,0.9667115,False,0,0,0,Data_from_ARETT
1760984948524,True,True,0.03363308,1.713828,0.04102723,0.1872831,0.1737284,0.9668213,False,0,0,0,Data_from_ARETT
1760984948524,True,True,0.03363308,1.713828,0.04102723,0.1872831,0.1737284,0.9668213,False,0,0,0,Data_from_ARETT
1760984948524,True,True,0.03363308,1.713828,0.04102723,0.1872831,0.1737284,0.9668213,False,0,0,0,Data_from_ARETT
1760984948558,True,True,0.03338284,1.713853,0.04116284,0.1862916,0.1727698,0.9671846,False,0,0,0,Data_from_ARETT
1760984948558,True,True,0.03338284,1.713853,0.04116284,0.1862916,0.1727698,0.9671846,False,0,0,0,Data_from_ARETT
1760984948558,True,True,0.03338284,1.713853,0.04116284,0.1862916,0.1727698,0.9671846,False,0,0,0,Data_from_ARETT
1760984948592,True,True,0.03343851,1.713763,0.04121443,0.1853448,0.1724974,0.9674151,False,0,0,0,Data_from_ARETT
1760984948592,True,True,0.03343851,1.713763,0.04121443,0.1853448,0.1724974,0.9674151,False,0,0,0,Data_from_ARETT
1760984948592,True,True,0.03343851,1.713763,0.04121443,0.1853448,0.1724974,0.9674151,False,0,0,0,Data_from_ARETT
1760984948627,True,True,0.03343949,1.713888,0.04123056,0.185599,0.1717664,0.9674965,False,0,0,0,Data_from_ARETT
1760984948627,True,True,0.03343949,1.713888,0.04123056,0.185599,0.1717664,0.9674965,False,0,0,0,Data_from_ARETT
1760984948627,True,True,0.03343949,1.713888,0.04123056,0.185599,0.1717664,0.9674965,False,0,0,0,Data_from_ARETT
1760984948660,True,True,0.03352995,1.713828,0.04139869,0.1862546,0.1723995,0.9672578,False,0,0,0,Data_from_ARETT
1760984948660,True,True,0.03352995,1.713828,0.04139869,0.1862546,0.1723995,0.9672578,False,0,0,0,Data_from_ARETT
1760984948660,True,True,0.03352995,1.713828,0.04139869,0.1862546,0.1723995,0.9672578,False,0,0,0,Data_from_ARETT
1760984948694,True,True,0.03345345,1.713861,0.04140615,0.1877612,0.1728162,0.9668921,False,0,0,0,Data_from_ARETT
1760984948694,True,True,0.03345345,1.713861,0.04140615,0.1877612,0.1728162,0.9668921,False,0,0,0,Data_from_ARETT
1760984948694,True,True,0.03345345,1.713861,0.04140615,0.1877612,0.1728162,0.9668921,False,0,0,0,Data_from_ARETT
1760984948728,True,True,0.03355497,1.713841,0.04122881,0.1870863,0.1728767,0.9670121,False,0,0,0,Data_from_ARETT
1760984948728,True,True,0.03355497,1.713841,0.04122881,0.1870863,0.1728767,0.9670121,False,0,0,0,Data_from_ARETT
1760984948728,True,True,0.03355497,1.713841,0.04122881,0.1870863,0.1728767,0.9670121,False,0,0,0,Data_from_ARETT
1760984948762,True,True,0.03354255,1.713758,0.04137568,0.1864965,0.1725964,0.9671761,False,0,0,0,Data_from_ARETT
1760984948762,True,True,0.03354255,1.713758,0.04137568,0.1864965,0.1725964,0.9671761,False,0,0,0,Data_from_ARETT
1760984948762,True,True,0.03354255,1.713758,0.04137568,0.1864965,0.1725964,0.9671761,False,0,0,0,Data_from_ARETT
1760984948797,True,True,0.03349274,1.71372,0.0414174,0.1864675,0.1717346,0.967335,False,0,0,0,Data_from_ARETT
1760984948797,True,True,0.03349274,1.71372,0.0414174,0.1864675,0.1717346,0.967335,False,0,0,0,Data_from_ARETT
1760984948797,True,True,0.03349274,1.71372,0.0414174,0.1864675,0.1717346,0.967335,False,0,0,0,Data_from_ARETT
1760984948831,True,True,0.03358639,1.713757,0.04150106,0.1859102,0.17173,0.9674431,False,0,0,0,Data_from_ARETT
1760984948831,True,True,0.03358639,1.713757,0.04150106,0.1859102,0.17173,0.9674431,False,0,0,0,Data_from_ARETT
1760984948831,True,True,0.03358639,1.713757,0.04150106,0.1859102,0.17173,0.9674431,False,0,0,0,Data_from_ARETT
1760984948864,True,True,0.03343817,1.71388,0.0415377,0.1852186,0.1725436,0.967431,False,0,0,0,Data_from_ARETT
1760984948864,True,True,0.03343817,1.71388,0.0415377,0.1852186,0.1725436,0.967431,False,0,0,0,Data_from_ARETT
1760984948864,True,True,0.03343817,1.71388,0.0415377,0.1852186,0.1725436,0.967431,False,0,0,0,Data_from_ARETT
1760984948898,True,True,0.0335009,1.713693,0.04143161,0.1849811,0.1726892,0.9674505,False,0,0,0,Data_from_ARETT
1760984948898,True,True,0.0335009,1.713693,0.04143161,0.1849811,0.1726892,0.9674505,False,0,0,0,Data_from_ARETT
1760984948898,True,True,0.0335009,1.713693,0.04143161,0.1849811,0.1726892,0.9674505,False,0,0,0,Data_from_ARETT
1760984948934,True,True,0.03346046,1.713675,0.04116552,0.1851161,0.1714834,0.9676391,False,0,0,0,Data_from_ARETT
1760984948934,True,True,0.03346046,1.713675,0.04116552,0.1851161,0.1714834,0.9676391,False,0,0,0,Data_from_ARETT
1760984948934,True,True,0.03346046,1.713675,0.04116552,0.1851161,0.1714834,0.9676391,False,0,0,0,Data_from_ARETT
1760984948968,True,True,0.03349103,1.713389,0.04135265,0.1848026,0.1708926,0.9678035,False,0,0,0,Data_from_ARETT
1760984948968,True,True,0.03349103,1.713389,0.04135265,0.1848026,0.1708926,0.9678035,False,0,0,0,Data_from_ARETT
1760984948968,True,True,0.03349103,1.713389,0.04135265,0.1848026,0.1708926,0.9678035,False,0,0,0,Data_from_ARETT
1760984949001,True,True,0.03348878,1.713652,0.0411671,0.1842115,0.1706253,0.9679634,False,0,0,0,Data_from_ARETT
1760984949001,True,True,0.03348878,1.713652,0.0411671,0.1842115,0.1706253,0.9679634,False,0,0,0,Data_from_ARETT
1760984949001,True,True,0.03348878,1.713652,0.0411671,0.1842115,0.1706253,0.9679634,False,0,0,0,Data_from_ARETT
1760984949036,True,True,0.03329471,1.713703,0.04146794,0.1828232,0.1726273,0.9678716,False,0,0,0,Data_from_ARETT
1760984949036,True,True,0.03329471,1.713703,0.04146794,0.1828232,0.1726273,0.9678716,False,0,0,0,Data_from_ARETT
1760984949036,True,True,0.03329471,1.713703,0.04146794,0.1828232,0.1726273,0.9678716,False,0,0,0,Data_from_ARETT
1760984949069,True,True,0.03289504,1.713767,0.04112358,0.1808322,0.1727437,0.9682248,False,0,0,0,Data_from_ARETT
1760984949069,True,True,0.03289504,1.713767,0.04112358,0.1808322,0.1727437,0.9682248,False,0,0,0,Data_from_ARETT
1760984949069,True,True,0.03289504,1.713767,0.04112358,0.1808322,0.1727437,0.9682248,False,0,0,0,Data_from_ARETT
1760984949104,True,True,0.03283153,1.713794,0.04094447,0.1774342,0.1707185,0.9692122,False,0,0,0,Data_from_ARETT
1760984949104,True,True,0.03283153,1.713794,0.04094447,0.1774342,0.1707185,0.9692122,False,0,0,0,Data_from_ARETT
1760984949104,True,True,0.03283153,1.713794,0.04094447,0.1774342,0.1707185,0.9692122,False,0,0,0,Data_from_ARETT
1760984949138,True,True,0.03270023,1.713623,0.04104223,0.1754398,0.1717978,0.9693846,False,0,0,0,Data_from_ARETT
1760984949138,True,True,0.03270023,1.713623,0.04104223,0.1754398,0.1717978,0.9693846,False,0,0,0,Data_from_ARETT
1760984949138,True,True,0.03270023,1.713623,0.04104223,0.1754398,0.1717978,0.9693846,False,0,0,0,Data_from_ARETT
1760984949173,True,True,0.03251457,1.713747,0.04077621,0.1761925,0.1715156,0.969298,False,0,0,0,Data_from_ARETT
1760984949173,True,True,0.03251457,1.713747,0.04077621,0.1761925,0.1715156,0.969298,False,0,0,0,Data_from_ARETT
1760984949173,True,True,0.03251457,1.713747,0.04077621,0.1761925,0.1715156,0.969298,False,0,0,0,Data_from_ARETT
1760984949207,True,True,0.03249217,1.71361,0.04103051,0.1756686,0.1733365,0.9690691,False,0,0,0,Data_from_ARETT
1760984949207,True,True,0.03249217,1.71361,0.04103051,0.1756686,0.1733365,0.9690691,False,0,0,0,Data_from_ARETT
1760984949207,True,True,0.03249217,1.71361,0.04103051,0.1756686,0.1733365,0.9690691,False,0,0,0,Data_from_ARETT
1760984949241,True,True,0.03188444,1.713678,0.04090336,0.1728033,0.1731236,0.9696223,False,0,0,0,Data_from_ARETT
1760984949241,True,True,0.03188444,1.713678,0.04090336,0.1728033,0.1731236,0.9696223,False,0,0,0,Data_from_ARETT
1760984949241,True,True,0.03188444,1.713678,0.04090336,0.1728033,0.1731236,0.9696223,False,0,0,0,Data_from_ARETT
1760984949275,True,True,0.03106232,1.713651,0.04071468,0.1628268,0.1703996,0.9718289,False,0,0,0,Data_from_ARETT
1760984949275,True,True,0.03106232,1.713651,0.04071468,0.1628268,0.1703996,0.9718289,False,0,0,0,Data_from_ARETT
1760984949275,True,True,0.03106232,1.713651,0.04071468,0.1628268,0.1703996,0.9718289,False,0,0,0,Data_from_ARETT
1760984949309,True,True,0.02979365,1.713463,0.04117234,0.1493745,0.1670803,0.9745622,False,0,0,0,Data_from_ARETT
1760984949309,True,True,0.02979365,1.713463,0.04117234,0.1493745,0.1670803,0.9745622,False,0,0,0,Data_from_ARETT
1760984949309,True,True,0.02979365,1.713463,0.04117234,0.1493745,0.1670803,0.9745622,False,0,0,0,Data_from_ARETT
1760984949343,True,True,0.02879335,1.713337,0.04133379,0.1343862,0.1650027,0.9770949,False,0,0,0,Data_from_ARETT
1760984949343,True,True,0.02879335,1.713337,0.04133379,0.1343862,0.1650027,0.9770949,False,0,0,0,Data_from_ARETT
1760984949343,True,True,0.02879335,1.713337,0.04133379,0.1343862,0.1650027,0.9770949,False,0,0,0,Data_from_ARETT
1760984949377,True,True,0.02737136,1.713179,0.04152863,0.1192167,0.1634863,0.9793159,False,0,0,0,Data_from_ARETT
1760984949377,True,True,0.02737136,1.713179,0.04152863,0.1192167,0.1634863,0.9793159,False,0,0,0,Data_from_ARETT
1760984949377,True,True,0.02737136,1.713179,0.04152863,0.1192167,0.1634863,0.9793159,False,0,0,0,Data_from_ARETT
1760984949411,True,True,0.02513814,1.712838,0.04167031,0.09489718,0.1605299,0.9824585,False,0,0,0,Data_from_ARETT
1760984949411,True,True,0.02513814,1.712838,0.04167031,0.09489718,0.1605299,0.9824585,False,0,0,0,Data_from_ARETT
1760984949411,True,True,0.02513814,1.712838,0.04167031,0.09489718,0.1605299,0.9824585,False,0,0,0,Data_from_ARETT
1760984949445,True,True,0.02336353,1.712814,0.04157107,0.07530893,0.157549,0.9846354,False,0,0,0,Data_from_ARETT
1760984949445,True,True,0.02336353,1.712814,0.04157107,0.07530893,0.157549,0.9846354,False,0,0,0,Data_from_ARETT
1760984949445,True,True,0.02336353,1.712814,0.04157107,0.07530893,0.157549,0.9846354,False,0,0,0,Data_from_ARETT
1760984949479,True,True,0.02188045,1.712763,0.04196175,0.05411723,0.1586009,0.9858586,False,0,0,0,Data_from_ARETT
1760984949479,True,True,0.02188045,1.712763,0.04196175,0.05411723,0.1586009,0.9858586,False,0,0,0,Data_from_ARETT
1760984949479,True,True,0.02188045,1.712763,0.04196175,0.05411723,0.1586009,0.9858586,False,0,0,0,Data_from_ARETT
1760984949513,True,True,0.0196415,1.712949,0.04130466,0.03019061,0.1583944,0.9869143,False,0,0,0,Data_from_ARETT
1760984949513,True,True,0.0196415,1.712949,0.04130466,0.03019061,0.1583944,0.9869143,False,0,0,0,Data_from_ARETT
1760984949513,True,True,0.0196415,1.712949,0.04130466,0.03019061,0.1583944,0.9869143,False,0,0,0,Data_from_ARETT
1760984949547,True,True,0.01857364,1.712889,0.04142237,0.01898342,0.1576056,0.9873196,False,0,0,0,Data_from_ARETT
1760984949547,True,True,0.01857364,1.712889,0.04142237,0.01898342,0.1576056,0.9873196,False,0,0,0,Data_from_ARETT
1760984949547,True,True,0.01857364,1.712889,0.04142237,0.01898342,0.1576056,0.9873196,False,0,0,0,Data_from_ARETT
1760984949581,True,True,0.01579867,1.712933,0.04148459,-0.01694537,0.158819,0.9871623,False,0,0,0,Data_from_ARETT
1760984949581,True,True,0.01579867,1.712933,0.04148459,-0.01694537,0.158819,0.9871623,False,0,0,0,Data_from_ARETT
1760984949581,True,True,0.01579867,1.712933,0.04148459,-0.01694537,0.158819,0.9871623,False,0,0,0,Data_from_ARETT
1760984949615,True,True,0.01376795,1.713061,0.04088029,-0.03969686,0.1603497,0.9862617,False,0,0,0,Data_from_ARETT
1760984949615,True,True,0.01376795,1.713061,0.04088029,-0.03969686,0.1603497,0.9862617,False,0,0,0,Data_from_ARETT
1760984949615,True,True,0.01376795,1.713061,0.04088029,-0.03969686,0.1603497,0.9862617,False,0,0,0,Data_from_ARETT
1760984949649,True,True,0.01161616,1.713018,0.04046682,-0.06300423,0.1616609,0.9848331,False,0,0,0,Data_from_ARETT
1760984949649,True,True,0.01161616,1.713018,0.04046682,-0.06300423,0.1616609,0.9848331,False,0,0,0,Data_from_ARETT
1760984949649,True,True,0.01161616,1.713018,0.04046682,-0.06300423,0.1616609,0.9848331,False,0,0,0,Data_from_ARETT
1760984949684,True,True,0.009661868,1.713021,0.03976545,-0.0853904,0.1602201,0.9833809,False,0,0,0,Data_from_ARETT
1760984949684,True,True,0.009661868,1.713021,0.03976545,-0.0853904,0.1602201,0.9833809,False,0,0,0,Data_from_ARETT
1760984949684,True,True,0.009661868,1.713021,0.03976545,-0.0853904,0.1602201,0.9833809,False,0,0,0,Data_from_ARETT
1760984949717,True,True,0.007988987,1.713026,0.03929541,-0.1084537,0.158726,0.981348,False,0,0,0,Data_from_ARETT
1760984949717,True,True,0.007988987,1.713026,0.03929541,-0.1084537,0.158726,0.981348,False,0,0,0,Data_from_ARETT
1760984949717,True,True,0.007988987,1.713026,0.03929541,-0.1084537,0.158726,0.981348,False,0,0,0,Data_from_ARETT
1760984949751,True,True,0.006326331,1.713157,0.03910787,-0.1321996,0.1609082,0.9780756,False,0,0,0,Data_from_ARETT
1760984949751,True,True,0.006326331,1.713157,0.03910787,-0.1321996,0.1609082,0.9780756,False,0,0,0,Data_from_ARETT
1760984949751,True,True,0.006326331,1.713157,0.03910787,-0.1321996,0.1609082,0.9780756,False,0,0,0,Data_from_ARETT
1760984949785,True,True,0.003960653,1.713172,0.03868148,-0.1535821,0.1642294,0.9743928,False,0,0,0,Data_from_ARETT
1760984949785,True,True,0.003960653,1.713172,0.03868148,-0.1535821,0.1642294,0.9743928,False,0,0,0,Data_from_ARETT
1760984949785,True,True,0.003960653,1.713172,0.03868148,-0.1535821,0.1642294,0.9743928,False,0,0,0,Data_from_ARETT
1760984949819,True,True,0.002231447,1.713192,0.03790551,-0.1742447,0.1656665,0.9706665,False,0,0,0,Data_from_ARETT
1760984949819,True,True,0.002231447,1.713192,0.03790551,-0.1742447,0.1656665,0.9706665,False,0,0,0,Data_from_ARETT
1760984949819,True,True,0.002231447,1.713192,0.03790551,-0.1742447,0.1656665,0.9706665,False,0,0,0,Data_from_ARETT
1760984949853,True,True,0.0004257471,1.713131,0.03701594,-0.19425,0.1648586,0.9669998,False,0,0,0,Data_from_ARETT
1760984949853,True,True,0.0004257471,1.713131,0.03701594,-0.19425,0.1648586,0.9669998,False,0,0,0,Data_from_ARETT
1760984949853,True,True,0.0004257471,1.713131,0.03701594,-0.19425,0.1648586,0.9669998,False,0,0,0,Data_from_ARETT
1760984949887,True,True,-0.001169007,1.712875,0.03644688,-0.2110275,0.1637339,0.9636694,False,0,0,0,Data_from_ARETT
1760984949887,True,True,-0.001169007,1.712875,0.03644688,-0.2110275,0.1637339,0.9636694,False,0,0,0,Data_from_ARETT
1760984949887,True,True,-0.001169007,1.712875,0.03644688,-0.2110275,0.1637339,0.9636694,False,0,0,0,Data_from_ARETT
1760984949921,True,True,-0.002813451,1.712542,0.03639142,-0.231427,0.164443,0.9588535,False,0,0,0,Data_from_ARETT
1760984949921,True,True,-0.002813451,1.712542,0.03639142,-0.231427,0.164443,0.9588535,False,0,0,0,Data_from_ARETT
1760984949921,True,True,-0.002813451,1.712542,0.03639142,-0.231427,0.164443,0.9588535,False,0,0,0,Data_from_ARETT
1760984949956,True,True,-0.004576471,1.712709,0.03524273,-0.2518942,0.1646166,0.9536512,False,0,0,0,Data_from_ARETT
1760984949956,True,True,-0.004576471,1.712709,0.03524273,-0.2518942,0.1646166,0.9536512,False,0,0,0,Data_from_ARETT
1760984949956,True,True,-0.004576471,1.712709,0.03524273,-0.2518942,0.1646166,0.9536512,False,0,0,0,Data_from_ARETT
1760984949991,True,True,-0.005699107,1.712712,0.03472021,-0.2660064,0.1654367,0.9496691,False,0,0,0,Data_from_ARETT
1760984949991,True,True,-0.005699107,1.712712,0.03472021,-0.2660064,0.1654367,0.9496691,False,0,0,0,Data_from_ARETT
1760984949991,True,True,-0.005699107,1.712712,0.03472021,-0.2660064,0.1654367,0.9496691,False,0,0,0,Data_from_ARETT
1760984950024,True,True,-0.00677281,1.712649,0.03448545,-0.2767151,0.1656626,0.9465647,False,0,0,0,Data_from_ARETT
1760984950024,True,True,-0.00677281,1.712649,0.03448545,-0.2767151,0.1656626,0.9465647,False,0,0,0,Data_from_ARETT
1760984950024,True,True,-0.00677281,1.712649,0.03448545,-0.2767151,0.1656626,0.9465647,False,0,0,0,Data_from_ARETT
1760984950058,True,True,-0.007424734,1.712703,0.03425626,-0.2818837,0.1668457,0.9448302,False,0,0,0,Data_from_ARETT
1760984950058,True,True,-0.007424734,1.712703,0.03425626,-0.2818837,0.1668457,0.9448302,False,0,0,0,Data_from_ARETT
1760984950058,True,True,-0.007424734,1.712703,0.03425626,-0.2818837,0.1668457,0.9448302,False,0,0,0,Data_from_ARETT
1760984950092,True,True,-0.007629839,1.71294,0.03374111,-0.282315,0.1685177,0.9444046,False,0,0,0,Data_from_ARETT
1760984950092,True,True,-0.007629839,1.71294,0.03374111,-0.282315,0.1685177,0.9444046,False,0,0,0,Data_from_ARETT
1760984950092,True,True,-0.007629839,1.71294,0.03374111,-0.282315,0.1685177,0.9444046,False,0,0,0,Data_from_ARETT
1760984950126,True,True,-0.007665185,1.712745,0.03384183,-0.2813953,0.1700491,0.9444045,False,0,0,0,Data_from_ARETT
1760984950126,True,True,-0.007665185,1.712745,0.03384183,-0.2813953,0.1700491,0.9444045,False,0,0,0,Data_from_ARETT
1760984950126,True,True,-0.007665185,1.712745,0.03384183,-0.2813953,0.1700491,0.9444045,False,0,0,0,Data_from_ARETT
1760984950160,True,True,-0.007716608,1.71269,0.03365493,-0.2783559,0.169895,0.9453326,False,0,0,0,Data_from_ARETT
1760984950160,True,True,-0.007716608,1.71269,0.03365493,-0.2783559,0.169895,0.9453326,False,0,0,0,Data_from_ARETT
1760984950160,True,True,-0.007716608,1.71269,0.03365493,-0.2783559,0.169895,0.9453326,False,0,0,0,Data_from_ARETT
1760984950194,True,True,-0.007396469,1.712752,0.0336469,-0.2732771,0.1697526,0.9468387,False,0,0,0,Data_from_ARETT
1760984950194,True,True,-0.007396469,1.712752,0.0336469,-0.2732771,0.1697526,0.9468387,False,0,0,0,Data_from_ARETT
1760984950194,True,True,-0.007396469,1.712752,0.0336469,-0.2732771,0.1697526,0.9468387,False,0,0,0,Data_from_ARETT
1760984950228,True,True,-0.007217892,1.712625,0.03376794,-0.2713561,0.1693359,0.9474657,False,0,0,0,Data_from_ARETT
1760984950228,True,True,-0.007217892,1.712625,0.03376794,-0.2713561,0.1693359,0.9474657,False,0,0,0,Data_from_ARETT
1760984950228,True,True,-0.007217892,1.712625,0.03376794,-0.2713561,0.1693359,0.9474657,False,0,0,0,Data_from_ARETT
1760984950263,True,True,-0.007038011,1.712721,0.03347838,-0.2708654,0.1679403,0.9478544,False,0,0,0,Data_from_ARETT
1760984950263,True,True,-0.007038011,1.712721,0.03347838,-0.2708654,0.1679403,0.9478544,False,0,0,0,Data_from_ARETT
1760984950263,True,True,-0.007038011,1.712721,0.03347838,-0.2708654,0.1679403,0.9478544,False,0,0,0,Data_from_ARETT
1760984950297,True,True,-0.007109335,1.712596,0.03379669,-0.2713837,0.1676014,0.9477661,False,0,0,0,Data_from_ARETT
1760984950297,True,True,-0.007109335,1.712596,0.03379669,-0.2713837,0.1676014,0.9477661,False,0,0,0,Data_from_ARETT
1760984950297,True,True,-0.007109335,1.712596,0.03379669,-0.2713837,0.1676014,0.9477661,False,0,0,0,Data_from_ARETT
1760984950331,True,True,-0.007182963,1.712493,0.03388039,-0.272055,0.1677987,0.9475387,False,0,0,0,Data_from_ARETT
1760984950331,True,True,-0.007182963,1.712493,0.03388039,-0.272055,0.1677987,0.9475387,False,0,0,0,Data_from_ARETT
1760984950331,True,True,-0.007182963,1.712493,0.03388039,-0.272055,0.1677987,0.9475387,False,0,0,0,Data_from_ARETT
1760984950366,True,True,-0.006952927,1.712572,0.03355129,-0.2737016,0.166831,0.9472353,False,0,0,0,Data_from_ARETT
1760984950366,True,True,-0.006952927,1.712572,0.03355129,-0.2737016,0.166831,0.9472353,False,0,0,0,Data_from_ARETT
1760984950366,True,True,-0.006952927,1.712572,0.03355129,-0.2737016,0.166831,0.9472353,False,0,0,0,Data_from_ARETT
1760984950400,True,True,-0.006746353,1.7125,0.03394896,-0.2738432,0.1668908,0.9471839,False,0,0,0,Data_from_ARETT
1760984950400,True,True,-0.006746353,1.7125,0.03394896,-0.2738432,0.1668908,0.9471839,False,0,0,0,Data_from_ARETT
1760984950400,True,True,-0.006746353,1.7125,0.03394896,-0.2738432,0.1668908,0.9471839,False,0,0,0,Data_from_ARETT
1760984950433,True,True,-0.00659022,1.712628,0.03402711,-0.2739302,0.1679477,0.946972,False,0,0,0,Data_from_ARETT
1760984950433,True,True,-0.00659022,1.712628,0.03402711,-0.2739302,0.1679477,0.946972,False,0,0,0,Data_from_ARETT
1760984950433,True,True,-0.00659022,1.712628,0.03402711,-0.2739302,0.1679477,0.946972,False,0,0,0,Data_from_ARETT
1760984950467,True,True,-0.006254354,1.713001,0.03391098,-0.2749675,0.1684754,0.9465775,False,0,0,0,Data_from_ARETT
1760984950467,True,True,-0.006254354,1.713001,0.03391098,-0.2749675,0.1684754,0.9465775,False,0,0,0,Data_from_ARETT
1760984950467,True,True,-0.006254354,1.713001,0.03391098,-0.2749675,0.1684754,0.9465775,False,0,0,0,Data_from_ARETT
1760984950501,True,True,-0.006555976,1.713026,0.03396541,-0.2753363,0.1700137,0.9461951,False,0,0,0,Data_from_ARETT
1760984950501,True,True,-0.006555976,1.713026,0.03396541,-0.2753363,0.1700137,0.9461951,False,0,0,0,Data_from_ARETT
1760984950501,True,True,-0.006555976,1.713026,0.03396541,-0.2753363,0.1700137,0.9461951,False,0,0,0,Data_from_ARETT
1760984950535,True,True,-0.006224727,1.712999,0.03385966,-0.274684,0.169798,0.9464234,False,0,0,0,Data_from_ARETT
1760984950535,True,True,-0.006224727,1.712999,0.03385966,-0.274684,0.169798,0.9464234,False,0,0,0,Data_from_ARETT
1760984950535,True,True,-0.006224727,1.712999,0.03385966,-0.274684,0.169798,0.9464234,False,0,0,0,Data_from_ARETT
1760984950570,True,True,-0.006052419,1.712825,0.03376888,-0.2740153,0.1672267,0.9470749,False,0,0,0,Data_from_ARETT
1760984950570,True,True,-0.006052419,1.712825,0.03376888,-0.2740153,0.1672267,0.9470749,False,0,0,0,Data_from_ARETT
1760984950570,True,True,-0.006052419,1.712825,0.03376888,-0.2740153,0.1672267,0.9470749,False,0,0,0,Data_from_ARETT
1760984950603,True,True,-0.005834058,1.712652,0.03399537,-0.2732827,0.1658927,0.9475211,False,0,0,0,Data_from_ARETT
1760984950603,True,True,-0.005834058,1.712652,0.03399537,-0.2732827,0.1658927,0.9475211,False,0,0,0,Data_from_ARETT
1760984950603,True,True,-0.005834058,1.712652,0.03399537,-0.2732827,0.1658927,0.9475211,False,0,0,0,Data_from_ARETT
1760984950637,True,True,-0.005755993,1.712593,0.03417936,-0.273223,0.1671289,0.947321,False,0,0,0,Data_from_ARETT
1760984950637,True,True,-0.005755993,1.712593,0.03417936,-0.273223,0.1671289,0.947321,False,0,0,0,Data_from_ARETT
1760984950637,True,True,-0.005755993,1.712593,0.03417936,-0.273223,0.1671289,0.947321,False,0,0,0,Data_from_ARETT
1760984950671,True,True,-0.005623879,1.712709,0.03392549,-0.2735534,0.1677074,0.9471234,False,0,0,0,Data_from_ARETT
1760984950671,True,True,-0.005623879,1.712709,0.03392549,-0.2735534,0.1677074,0.9471234,False,0,0,0,Data_from_ARETT
1760984950671,True,True,-0.005623879,1.712709,0.03392549,-0.2735534,0.1677074,0.9471234,False,0,0,0,Data_from_ARETT
1760984950706,True,True,-0.005538369,1.712686,0.03386097,-0.2744275,0.1667695,0.9470361,False,0,0,0,Data_from_ARETT
1760984950706,True,True,-0.005538369,1.712686,0.03386097,-0.2744275,0.1667695,0.9470361,False,0,0,0,Data_from_ARETT
1760984950706,True,True,-0.005538369,1.712686,0.03386097,-0.2744275,0.1667695,0.9470361,False,0,0,0,Data_from_ARETT
1760984950739,True,True,-0.00564048,1.71279,0.03381269,-0.2752813,0.1664625,0.9468424,False,0,0,0,Data_from_ARETT
1760984950739,True,True,-0.00564048,1.71279,0.03381269,-0.2752813,0.1664625,0.9468424,False,0,0,0,Data_from_ARETT
1760984950739,True,True,-0.00564048,1.71279,0.03381269,-0.2752813,0.1664625,0.9468424,False,0,0,0,Data_from_ARETT
1760984950774,True,True,-0.005800848,1.712947,0.03428212,-0.2787339,0.1676644,0.9456194,False,0,0,0,Data_from_ARETT
1760984950774,True,True,-0.005800848,1.712947,0.03428212,-0.2787339,0.1676644,0.9456194,False,0,0,0,Data_from_ARETT
1760984950774,True,True,-0.005800848,1.712947,0.03428212,-0.2787339,0.1676644,0.9456194,False,0,0,0,Data_from_ARETT
1760984950808,True,True,-0.006800813,1.713136,0.03331713,-0.2903692,0.1704933,0.9416038,False,0,0,0,Data_from_ARETT
1760984950808,True,True,-0.006800813,1.713136,0.03331713,-0.2903692,0.1704933,0.9416038,False,0,0,0,Data_from_ARETT
1760984950808,True,True,-0.006800813,1.713136,0.03331713,-0.2903692,0.1704933,0.9416038,False,0,0,0,Data_from_ARETT
1760984950842,True,True,-0.008044139,1.713037,0.033113,-0.3037111,0.1704356,0.937396,False,0,0,0,Data_from_ARETT
1760984950842,True,True,-0.008044139,1.713037,0.033113,-0.3037111,0.1704356,0.937396,False,0,0,0,Data_from_ARETT
1760984950842,True,True,-0.008044139,1.713037,0.033113,-0.3037111,0.1704356,0.937396,False,0,0,0,Data_from_ARETT
1760984950876,True,True,-0.00957266,1.713023,0.0325216,-0.3241646,0.1715201,0.9303216,False,0,0,0,Data_from_ARETT
1760984950876,True,True,-0.00957266,1.713023,0.0325216,-0.3241646,0.1715201,0.9303216,False,0,0,0,Data_from_ARETT
1760984950876,True,True,-0.00957266,1.713023,0.0325216,-0.3241646,0.1715201,0.9303216,False,0,0,0,Data_from_ARETT
1760984950911,True,True,-0.01122106,1.712985,0.03175421,-0.3491376,0.1723301,0.9210892,False,0,0,0,Data_from_ARETT
1760984950911,True,True,-0.01122106,1.712985,0.03175421,-0.3491376,0.1723301,0.9210892,False,0,0,0,Data_from_ARETT
1760984950911,True,True,-0.01122106,1.712985,0.03175421,-0.3491376,0.1723301,0.9210892,False,0,0,0,Data_from_ARETT
1760984950944,True,True,-0.01397584,1.713005,0.03025253,-0.3843696,0.1720923,0.9069974,False,0,0,0,Data_from_ARETT
1760984950944,True,True,-0.01397584,1.713005,0.03025253,-0.3843696,0.1720923,0.9069974,False,0,0,0,Data_from_ARETT
1760984950944,True,True,-0.01397584,1.713005,0.03025253,-0.3843696,0.1720923,0.9069974,False,0,0,0,Data_from_ARETT
1760984950978,True,True,-0.01495408,1.712886,0.02985916,-0.3962873,0.1726542,0.9017466,False,0,0,0,Data_from_ARETT
1760984950978,True,True,-0.01495408,1.712886,0.02985916,-0.3962873,0.1726542,0.9017466,False,0,0,0,Data_from_ARETT
1760984950978,True,True,-0.01495408,1.712886,0.02985916,-0.3962873,0.1726542,0.9017466,False,0,0,0,Data_from_ARETT
1760984951013,True,True,-0.01752369,1.712789,0.02864787,-0.428301,0.1737976,0.8867653,False,0,0,0,Data_from_ARETT
1760984951013,True,True,-0.01752369,1.712789,0.02864787,-0.428301,0.1737976,0.8867653,False,0,0,0,Data_from_ARETT
1760984951013,True,True,-0.01752369,1.712789,0.02864787,-0.428301,0.1737976,0.8867653,False,0,0,0,Data_from_ARETT
1760984951047,True,True,-0.01912137,1.71298,0.02741346,-0.4464286,0.1758222,0.8773757,False,0,0,0,Data_from_ARETT
1760984951047,True,True,-0.01912137,1.71298,0.02741346,-0.4464286,0.1758222,0.8773757,False,0,0,0,Data_from_ARETT
1760984951047,True,True,-0.01912137,1.71298,0.02741346,-0.4464286,0.1758222,0.8773757,False,0,0,0,Data_from_ARETT
1760984951082,True,True,-0.02074554,1.712942,0.02655617,-0.4651413,0.1785176,0.8670496,False,0,0,0,Data_from_ARETT
1760984951082,True,True,-0.02074554,1.712942,0.02655617,-0.4651413,0.1785176,0.8670496,False,0,0,0,Data_from_ARETT
1760984951082,True,True,-0.02074554,1.712942,0.02655617,-0.4651413,0.1785176,0.8670496,False,0,0,0,Data_from_ARETT
1760984951115,True,True,-0.02240972,1.712861,0.02557432,-0.4831198,0.18031,0.8567867,False,0,0,0,Data_from_ARETT
1760984951115,True,True,-0.02240972,1.712861,0.02557432,-0.4831198,0.18031,0.8567867,False,0,0,0,Data_from_ARETT
1760984951115,True,True,-0.02240972,1.712861,0.02557432,-0.4831198,0.18031,0.8567867,False,0,0,0,Data_from_ARETT
1760984951150,True,True,-0.02375412,1.712999,0.024702,-0.5018396,0.1824915,0.8454903,False,0,0,0,Data_from_ARETT
1760984951150,True,True,-0.02375412,1.712999,0.024702,-0.5018396,0.1824915,0.8454903,False,0,0,0,Data_from_ARETT
1760984951150,True,True,-0.02375412,1.712999,0.024702,-0.5018396,0.1824915,0.8454903,False,0,0,0,Data_from_ARETT
1760984951184,True,True,-0.02538398,1.71316,0.02349448,-0.5245767,0.1863392,0.8307208,False,0,0,0,Data_from_ARETT
1760984951184,True,True,-0.02538398,1.71316,0.02349448,-0.5245767,0.1863392,0.8307208,False,0,0,0,Data_from_ARETT
1760984951184,True,True,-0.02538398,1.71316,0.02349448,-0.5245767,0.1863392,0.8307208,False,0,0,0,Data_from_ARETT
1760984951218,True,True,-0.02739322,1.713282,0.02196499,-0.5448805,0.1890012,0.8169356,False,0,0,0,Data_from_ARETT
1760984951218,True,True,-0.02739322,1.713282,0.02196499,-0.5448805,0.1890012,0.8169356,False,0,0,0,Data_from_ARETT
1760984951218,True,True,-0.02739322,1.713282,0.02196499,-0.5448805,0.1890012,0.8169356,False,0,0,0,Data_from_ARETT
1760984951253,True,True,-0.02906611,1.713462,0.02081471,-0.5635914,0.1945098,0.8028266,False,0,0,0,Data_from_ARETT
1760984951253,True,True,-0.02906611,1.713462,0.02081471,-0.5635914,0.1945098,0.8028266,False,0,0,0,Data_from_ARETT
1760984951253,True,True,-0.02906611,1.713462,0.02081471,-0.5635914,0.1945098,0.8028266,False,0,0,0,Data_from_ARETT
1760984951287,True,True,-0.0304608,1.713788,0.01918897,-0.58223,0.198282,0.7884748,False,0,0,0,Data_from_ARETT
1760984951287,True,True,-0.0304608,1.713788,0.01918897,-0.58223,0.198282,0.7884748,False,0,0,0,Data_from_ARETT
1760984951287,True,True,-0.0304608,1.713788,0.01918897,-0.58223,0.198282,0.7884748,False,0,0,0,Data_from_ARETT
1760984951320,True,True,-0.03138205,1.714024,0.01776769,-0.5994685,0.2026416,0.7743216,False,0,0,0,Data_from_ARETT
1760984951320,True,True,-0.03138205,1.714024,0.01776769,-0.5994685,0.2026416,0.7743216,False,0,0,0,Data_from_ARETT
1760984951320,True,True,-0.03138205,1.714024,0.01776769,-0.5994685,0.2026416,0.7743216,False,0,0,0,Data_from_ARETT
1760984951354,True,True,-0.03330442,1.714193,0.01674161,-0.6161014,0.2087563,0.7594997,False,0,0,0,Data_from_ARETT
1760984951354,True,True,-0.03330442,1.714193,0.01674161,-0.6161014,0.2087563,0.7594997,False,0,0,0,Data_from_ARETT
1760984951354,True,True,-0.03330442,1.714193,0.01674161,-0.6161014,0.2087563,0.7594997,False,0,0,0,Data_from_ARETT
1760984951389,True,True,-0.03483765,1.714779,0.01514727,-0.6358299,0.2176539,0.7405047,False,0,0,0,Data_from_ARETT
1760984951389,True,True,-0.03483765,1.714779,0.01514727,-0.6358299,0.2176539,0.7405047,False,0,0,0,Data_from_ARETT
1760984951389,True,True,-0.03483765,1.714779,0.01514727,-0.6358299,0.2176539,0.7405047,False,0,0,0,Data_from_ARETT
1760984951422,True,True,-0.03660776,1.715235,0.01244908,-0.6596612,0.2229422,0.7177352,False,0,0,0,Data_from_ARETT
1760984951422,True,True,-0.03660776,1.715235,0.01244908,-0.6596612,0.2229422,0.7177352,False,0,0,0,Data_from_ARETT
1760984951422,True,True,-0.03660776,1.715235,0.01244908,-0.6596612,0.2229422,0.7177352,False,0,0,0,Data_from_ARETT
1760984951456,True,True,-0.03860039,1.715263,0.01071087,-0.681054,0.2267707,0.6962332,False,0,0,0,Data_from_ARETT
1760984951456,True,True,-0.03860039,1.715263,0.01071087,-0.681054,0.2267707,0.6962332,False,0,0,0,Data_from_ARETT
1760984951456,True,True,-0.03860039,1.715263,0.01071087,-0.681054,0.2267707,0.6962332,False,0,0,0,Data_from_ARETT
1760984951490,True,True,-0.03998192,1.715537,0.009123671,-0.6982476,0.2288798,0.6782805,False,0,0,0,Data_from_ARETT
1760984951490,True,True,-0.03998192,1.715537,0.009123671,-0.6982476,0.2288798,0.6782805,False,0,0,0,Data_from_ARETT
1760984951490,True,True,-0.03998192,1.715537,0.009123671,-0.6982476,0.2288798,0.6782805,False,0,0,0,Data_from_ARETT
1760984951525,True,True,-0.04057246,1.715513,0.00715417,-0.7102667,0.2261426,0.6666189,False,0,0,0,Data_from_ARETT
1760984951525,True,True,-0.04057246,1.715513,0.00715417,-0.7102667,0.2261426,0.6666189,False,0,0,0,Data_from_ARETT
1760984951525,True,True,-0.04057246,1.715513,0.00715417,-0.7102667,0.2261426,0.6666189,False,0,0,0,Data_from_ARETT
1760984951558,True,True,-0.0415214,1.715088,0.007043376,-0.7148386,0.2252277,0.6620259,False,0,0,0,Data_from_ARETT
1760984951558,True,True,-0.0415214,1.715088,0.007043376,-0.7148386,0.2252277,0.6620259,False,0,0,0,Data_from_ARETT
1760984951558,True,True,-0.0415214,1.715088,0.007043376,-0.7148386,0.2252277,0.6620259,False,0,0,0,Data_from_ARETT
1760984951593,True,True,-0.04176097,1.715085,0.006702482,-0.7145173,0.2233463,0.6630095,False,0,0,0,Data_from_ARETT
1760984951593,True,True,-0.04176097,1.715085,0.006702482,-0.7145173,0.2233463,0.6630095,False,0,0,0,Data_from_ARETT
1760984951593,True,True,-0.04176097,1.715085,0.006702482,-0.7145173,0.2233463,0.6630095,False,0,0,0,Data_from_ARETT
1760984951628,True,True,-0.04202531,1.715415,0.006598615,-0.7131187,0.227052,0.6632564,False,0,0,0,Data_from_ARETT
1760984951628,True,True,-0.04202531,1.715415,0.006598615,-0.7131187,0.227052,0.6632564,False,0,0,0,Data_from_ARETT
1760984951628,True,True,-0.04202531,1.715415,0.006598615,-0.7131187,0.227052,0.6632564,False,0,0,0,Data_from_ARETT
1760984951662,True,True,-0.04277002,1.715273,0.006369844,-0.7139705,0.2291352,0.6616216,False,0,0,0,Data_from_ARETT
1760984951662,True,True,-0.04277002,1.715273,0.006369844,-0.7139705,0.2291352,0.6616216,False,0,0,0,Data_from_ARETT
1760984951662,True,True,-0.04277002,1.715273,0.006369844,-0.7139705,0.2291352,0.6616216,False,0,0,0,Data_from_ARETT
1760984951696,True,True,-0.04281314,1.715461,0.005662022,-0.7163314,0.2268081,0.6598693,False,0,0,0,Data_from_ARETT
1760984951696,True,True,-0.04281314,1.715461,0.005662022,-0.7163314,0.2268081,0.6598693,False,0,0,0,Data_from_ARETT
1760984951696,True,True,-0.04281314,1.715461,0.005662022,-0.7163314,0.2268081,0.6598693,False,0,0,0,Data_from_ARETT
1760984951730,True,True,-0.04379401,1.715411,0.005875273,-0.7173836,0.2287343,0.6580589,False,0,0,0,Data_from_ARETT
1760984951730,True,True,-0.04379401,1.715411,0.005875273,-0.7173836,0.2287343,0.6580589,False,0,0,0,Data_from_ARETT
1760984951730,True,True,-0.04379401,1.715411,0.005875273,-0.7173836,0.2287343,0.6580589,False,0,0,0,Data_from_ARETT
1760984951764,True,True,-0.04366906,1.715546,0.005270915,-0.7175341,0.2271723,0.6584358,False,0,0,0,Data_from_ARETT
1760984951764,True,True,-0.04366906,1.715546,0.005270915,-0.7175341,0.2271723,0.6584358,False,0,0,0,Data_from_ARETT
1760984951764,True,True,-0.04366906,1.715546,0.005270915,-0.7175341,0.2271723,0.6584358,False,0,0,0,Data_from_ARETT
1760984951798,True,True,-0.04363044,1.715671,0.005718924,-0.7168251,0.2275157,0.659089,False,0,0,0,Data_from_ARETT
1760984951798,True,True,-0.04363044,1.715671,0.005718924,-0.7168251,0.2275157,0.659089,False,0,0,0,Data_from_ARETT
1760984951798,True,True,-0.04363044,1.715671,0.005718924,-0.7168251,0.2275157,0.659089,False,0,0,0,Data_from_ARETT
1760984951832,True,True,-0.0437107,1.715548,0.00526288,-0.7180595,0.2266981,0.6580263,False,0,0,0,Data_from_ARETT
1760984951832,True,True,-0.0437107,1.715548,0.00526288,-0.7180595,0.2266981,0.6580263,False,0,0,0,Data_from_ARETT
1760984951832,True,True,-0.0437107,1.715548,0.00526288,-0.7180595,0.2266981,0.6580263,False,0,0,0,Data_from_ARETT
1760984951866,True,True,-0.04481211,1.715325,0.005535261,-0.718269,0.2267503,0.6577796,False,0,0,0,Data_from_ARETT
1760984951866,True,True,-0.04481211,1.715325,0.005535261,-0.718269,0.2267503,0.6577796,False,0,0,0,Data_from_ARETT
1760984951866,True,True,-0.04481211,1.715325,0.005535261,-0.718269,0.2267503,0.6577796,False,0,0,0,Data_from_ARETT
1760984951901,True,True,-0.04459944,1.715442,0.00523436,-0.7210868,0.2246745,0.6554046,False,0,0,0,Data_from_ARETT
1760984951901,True,True,-0.04459944,1.715442,0.00523436,-0.7210868,0.2246745,0.6554046,False,0,0,0,Data_from_ARETT
1760984951901,True,True,-0.04459944,1.715442,0.00523436,-0.7210868,0.2246745,0.6554046,False,0,0,0,Data_from_ARETT
1760984951934,True,True,-0.0452094,1.715279,0.005043786,-0.7233356,0.222386,0.653705,False,0,0,0,Data_from_ARETT
1760984951934,True,True,-0.0452094,1.715279,0.005043786,-0.7233356,0.222386,0.653705,False,0,0,0,Data_from_ARETT
1760984951934,True,True,-0.0452094,1.715279,0.005043786,-0.7233356,0.222386,0.653705,False,0,0,0,Data_from_ARETT
1760984951968,True,True,-0.04537689,1.715146,0.005441686,-0.7239792,0.2207035,0.6535626,False,0,0,0,Data_from_ARETT
1760984951968,True,True,-0.04537689,1.715146,0.005441686,-0.7239792,0.2207035,0.6535626,False,0,0,0,Data_from_ARETT
1760984951968,True,True,-0.04537689,1.715146,0.005441686,-0.7239792,0.2207035,0.6535626,False,0,0,0,Data_from_ARETT
1760984952003,True,True,-0.04562514,1.715015,0.005334297,-0.7244313,0.2199715,0.6533083,False,0,0,0,Data_from_ARETT
1760984952003,True,True,-0.04562514,1.715015,0.005334297,-0.7244313,0.2199715,0.6533083,False,0,0,0,Data_from_ARETT
1760984952003,True,True,-0.04562514,1.715015,0.005334297,-0.7244313,0.2199715,0.6533083,False,0,0,0,Data_from_ARETT
1760984952036,True,True,-0.04569091,1.714998,0.005141315,-0.7244405,0.2180229,0.6539512,False,0,0,0,Data_from_ARETT
1760984952036,True,True,-0.04569091,1.714998,0.005141315,-0.7244405,0.2180229,0.6539512,False,0,0,0,Data_from_ARETT
1760984952036,True,True,-0.04569091,1.714998,0.005141315,-0.7244405,0.2180229,0.6539512,False,0,0,0,Data_from_ARETT
1760984952072,True,True,-0.04571749,1.714661,0.00573548,-0.7234336,0.2170414,0.6553907,False,0,0,0,Data_from_ARETT
1760984952072,True,True,-0.04571749,1.714661,0.00573548,-0.7234336,0.2170414,0.6553907,False,0,0,0,Data_from_ARETT
1760984952072,True,True,-0.04571749,1.714661,0.00573548,-0.7234336,0.2170414,0.6553907,False,0,0,0,Data_from_ARETT
1760984952105,True,True,-0.04579094,1.71476,0.00536268,-0.7237976,0.2161382,0.6552873,False,0,0,0,Data_from_ARETT
1760984952105,True,True,-0.04579094,1.71476,0.00536268,-0.7237976,0.2161382,0.6552873,False,0,0,0,Data_from_ARETT
1760984952105,True,True,-0.04579094,1.71476,0.00536268,-0.7237976,0.2161382,0.6552873,False,0,0,0,Data_from_ARETT
1760984952140,True,True,-0.04577948,1.714708,0.005498283,-0.7243276,0.213779,0.6554755,False,0,0,0,Data_from_ARETT
1760984952140,True,True,-0.04577948,1.714708,0.005498283,-0.7243276,0.213779,0.6554755,False,0,0,0,Data_from_ARETT
1760984952140,True,True,-0.04577948,1.714708,0.005498283,-0.7243276,0.213779,0.6554755,False,0,0,0,Data_from_ARETT
1760984952174,True,True,-0.04615847,1.714691,0.006046833,-0.7236463,0.2141821,0.656096,False,0,0,0,Data_from_ARETT
1760984952174,True,True,-0.04615847,1.714691,0.006046833,-0.7236463,0.2141821,0.656096,False,0,0,0,Data_from_ARETT
1760984952174,True,True,-0.04615847,1.714691,0.006046833,-0.7236463,0.2141821,0.656096,False,0,0,0,Data_from_ARETT
1760984952208,True,True,-0.04614619,1.714873,0.006064878,-0.7224547,0.2163484,0.6566982,False,0,0,0,Data_from_ARETT
1760984952208,True,True,-0.04614619,1.714873,0.006064878,-0.7224547,0.2163484,0.6566982,False,0,0,0,Data_from_ARETT
1760984952208,True,True,-0.04614619,1.714873,0.006064878,-0.7224547,0.2163484,0.6566982,False,0,0,0,Data_from_ARETT
1760984952241,True,True,-0.04607373,1.714826,0.005921051,-0.721359,0.2154307,0.6582027,False,0,0,0,Data_from_ARETT
1760984952241,True,True,-0.04607373,1.714826,0.005921051,-0.721359,0.2154307,0.6582027,False,0,0,0,Data_from_ARETT
1760984952241,True,True,-0.04607373,1.714826,0.005921051,-0.721359,0.2154307,0.6582027,False,0,0,0,Data_from_ARETT
1760984952276,True,True,-0.04615538,1.714623,0.006015982,-0.7207729,0.213801,0.6593752,False,0,0,0,Data_from_ARETT
1760984952276,True,True,-0.04615538,1.714623,0.006015982,-0.7207729,0.213801,0.6593752,False,0,0,0,Data_from_ARETT
1760984952276,True,True,-0.04615538,1.714623,0.006015982,-0.7207729,0.213801,0.6593752,False,0,0,0,Data_from_ARETT
1760984952310,True,True,-0.04644216,1.714435,0.005982691,-0.7213038,0.2123873,0.6592515,False,0,0,0,Data_from_ARETT
1760984952310,True,True,-0.04644216,1.714435,0.005982691,-0.7213038,0.2123873,0.6592515,False,0,0,0,Data_from_ARETT
1760984952310,True,True,-0.04644216,1.714435,0.005982691,-0.7213038,0.2123873,0.6592515,False,0,0,0,Data_from_ARETT
1760984952345,True,True,-0.04687952,1.714302,0.006228974,-0.7219379,0.2122602,0.658598,False,0,0,0,Data_from_ARETT
1760984952345,True,True,-0.04687952,1.714302,0.006228974,-0.7219379,0.2122602,0.658598,False,0,0,0,Data_from_ARETT
1760984952345,True,True,-0.04687952,1.714302,0.006228974,-0.7219379,0.2122602,0.658598,False,0,0,0,Data_from_ARETT
1760984952379,True,True,-0.04666687,1.714388,0.005841039,-0.7234399,0.2110556,0.6573358,False,0,0,0,Data_from_ARETT
1760984952379,True,True,-0.04666687,1.714388,0.005841039,-0.7234399,0.2110556,0.6573358,False,0,0,0,Data_from_ARETT
1760984952379,True,True,-0.04666687,1.714388,0.005841039,-0.7234399,0.2110556,0.6573358,False,0,0,0,Data_from_ARETT
1760984952413,True,True,-0.04688546,1.714294,0.005718071,-0.7237412,0.2099241,0.6573665,False,0,0,0,Data_from_ARETT
1760984952413,True,True,-0.04688546,1.714294,0.005718071,-0.7237412,0.2099241,0.6573665,False,0,0,0,Data_from_ARETT
1760984952413,True,True,-0.04688546,1.714294,0.005718071,-0.7237412,0.2099241,0.6573665,False,0,0,0,Data_from_ARETT
1760984952447,True,True,-0.04705951,1.714185,0.005933809,-0.7238093,0.2098167,0.6573257,False,0,0,0,Data_from_ARETT
1760984952447,True,True,-0.04705951,1.714185,0.005933809,-0.7238093,0.2098167,0.6573257,False,0,0,0,Data_from_ARETT
1760984952447,True,True,-0.04705951,1.714185,0.005933809,-0.7238093,0.2098167,0.6573257,False,0,0,0,Data_from_ARETT
1760984952482,True,True,-0.04704997,1.714114,0.005651338,-0.7238077,0.2093498,0.6574764,False,0,0,0,Data_from_ARETT
1760984952482,True,True,-0.04704997,1.714114,0.005651338,-0.7238077,0.2093498,0.6574764,False,0,0,0,Data_from_ARETT
1760984952482,True,True,-0.04704997,1.714114,0.005651338,-0.7238077,0.2093498,0.6574764,False,0,0,0,Data_from_ARETT
1760984952515,True,True,-0.04701394,1.714184,0.00565882,-0.7229944,0.2096522,0.6582743,False,0,0,0,Data_from_ARETT
1760984952515,True,True,-0.04701394,1.714184,0.00565882,-0.7229944,0.2096522,0.6582743,False,0,0,0,Data_from_ARETT
1760984952515,True,True,-0.04701394,1.714184,0.00565882,-0.7229944,0.2096522,0.6582743,False,0,0,0,Data_from_ARETT
1760984952549,True,True,-0.04696195,1.713995,0.005743544,-0.7229083,0.20986,0.6583027,False,0,0,0,Data_from_ARETT
1760984952549,True,True,-0.04696195,1.713995,0.005743544,-0.7229083,0.20986,0.6583027,False,0,0,0,Data_from_ARETT
1760984952549,True,True,-0.04696195,1.713995,0.005743544,-0.7229083,0.20986,0.6583027,False,0,0,0,Data_from_ARETT
1760984952584,True,True,-0.04673936,1.714043,0.005733193,-0.7229021,0.2102812,0.658175,False,0,0,0,Data_from_ARETT
1760984952584,True,True,-0.04673936,1.714043,0.005733193,-0.7229021,0.2102812,0.658175,False,0,0,0,Data_from_ARETT
1760984952584,True,True,-0.04673936,1.714043,0.005733193,-0.7229021,0.2102812,0.658175,False,0,0,0,Data_from_ARETT
1760984952617,True,True,-0.04656483,1.714241,0.00574199,-0.7239559,0.208667,0.6575302,False,0,0,0,Data_from_ARETT
1760984952617,True,True,-0.04656483,1.714241,0.00574199,-0.7239559,0.208667,0.6575302,False,0,0,0,Data_from_ARETT
1760984952617,True,True,-0.04656483,1.714241,0.00574199,-0.7239559,0.208667,0.6575302,False,0,0,0,Data_from_ARETT
1760984952652,True,True,-0.04707893,1.714254,0.005794626,-0.7234719,0.2102743,0.6575508,False,0,0,0,Data_from_ARETT
1760984952652,True,True,-0.04707893,1.714254,0.005794626,-0.7234719,0.2102743,0.6575508,False,0,0,0,Data_from_ARETT
1760984952652,True,True,-0.04707893,1.714254,0.005794626,-0.7234719,0.2102743,0.6575508,False,0,0,0,Data_from_ARETT
1760984952685,True,True,-0.04670775,1.714559,0.00588493,-0.7218334,0.2127306,0.6585608,False,0,0,0,Data_from_ARETT
1760984952685,True,True,-0.04670775,1.714559,0.00588493,-0.7218334,0.2127306,0.6585608,False,0,0,0,Data_from_ARETT
1760984952685,True,True,-0.04670775,1.714559,0.00588493,-0.7218334,0.2127306,0.6585608,False,0,0,0,Data_from_ARETT
1760984952719,True,True,-0.04636564,1.714443,0.005801033,-0.7207966,0.2119464,0.6599477,False,0,0,0,Data_from_ARETT
1760984952719,True,True,-0.04636564,1.714443,0.005801033,-0.7207966,0.2119464,0.6599477,False,0,0,0,Data_from_ARETT
1760984952719,True,True,-0.04636564,1.714443,0.005801033,-0.7207966,0.2119464,0.6599477,False,0,0,0,Data_from_ARETT
1760984952753,True,True,-0.04643248,1.714232,0.006175308,-0.719217,0.2112557,0.6618897,False,0,0,0,Data_from_ARETT
1760984952753,True,True,-0.04643248,1.714232,0.006175308,-0.719217,0.2112557,0.6618897,False,0,0,0,Data_from_ARETT
1760984952753,True,True,-0.04643248,1.714232,0.006175308,-0.719217,0.2112557,0.6618897,False,0,0,0,Data_from_ARETT
1760984952788,True,True,-0.04630764,1.714189,0.006150836,-0.718859,0.2110074,0.6623576,False,0,0,0,Data_from_ARETT
1760984952788,True,True,-0.04630764,1.714189,0.006150836,-0.718859,0.2110074,0.6623576,False,0,0,0,Data_from_ARETT
1760984952788,True,True,-0.04630764,1.714189,0.006150836,-0.718859,0.2110074,0.6623576,False,0,0,0,Data_from_ARETT
1760984952822,True,True,-0.046452,1.714096,0.006020927,-0.7199076,0.2095067,0.6616948,False,0,0,0,Data_from_ARETT
1760984952822,True,True,-0.046452,1.714096,0.006020927,-0.7199076,0.2095067,0.6616948,False,0,0,0,Data_from_ARETT
1760984952822,True,True,-0.046452,1.714096,0.006020927,-0.7199076,0.2095067,0.6616948,False,0,0,0,Data_from_ARETT
1760984952855,True,True,-0.04669942,1.714205,0.005950139,-0.7213596,0.2091714,0.6602179,False,0,0,0,Data_from_ARETT
1760984952855,True,True,-0.04669942,1.714205,0.005950139,-0.7213596,0.2091714,0.6602179,False,0,0,0,Data_from_ARETT
1760984952855,True,True,-0.04669942,1.714205,0.005950139,-0.7213596,0.2091714,0.6602179,False,0,0,0,Data_from_ARETT
1760984952889,True,True,-0.0467466,1.714461,0.00605629,-0.7216169,0.2114278,0.6592173,False,0,0,0,Data_from_ARETT
1760984952889,True,True,-0.0467466,1.714461,0.00605629,-0.7216169,0.2114278,0.6592173,False,0,0,0,Data_from_ARETT
1760984952889,True,True,-0.0467466,1.714461,0.00605629,-0.7216169,0.2114278,0.6592173,False,0,0,0,Data_from_ARETT
1760984952923,True,True,-0.04644857,1.714628,0.005936202,-0.7211634,0.2132014,0.6591423,False,0,0,0,Data_from_ARETT
1760984952923,True,True,-0.04644857,1.714628,0.005936202,-0.7211634,0.2132014,0.6591423,False,0,0,0,Data_from_ARETT
1760984952923,True,True,-0.04644857,1.714628,0.005936202,-0.7211634,0.2132014,0.6591423,False,0,0,0,Data_from_ARETT
1760984952957,True,True,-0.04640271,1.714488,0.005905498,-0.7203075,0.2119221,0.6604894,False,0,0,0,Data_from_ARETT
1760984952957,True,True,-0.04640271,1.714488,0.005905498,-0.7203075,0.2119221,0.6604894,False,0,0,0,Data_from_ARETT
1760984952957,True,True,-0.04640271,1.714488,0.005905498,-0.7203075,0.2119221,0.6604894,False,0,0,0,Data_from_ARETT
1760984952992,True,True,-0.04645871,1.7143,0.006220847,-0.719449,0.2119463,0.6614165,False,0,0,0,Data_from_ARETT
1760984952992,True,True,-0.04645871,1.7143,0.006220847,-0.719449,0.2119463,0.6614165,False,0,0,0,Data_from_ARETT
1760984952992,True,True,-0.04645871,1.7143,0.006220847,-0.719449,0.2119463,0.6614165,False,0,0,0,Data_from_ARETT
1760984953026,True,True,-0.04642691,1.71423,0.006115073,-0.718921,0.2109296,0.6623151,False,0,0,0,Data_from_ARETT
1760984953026,True,True,-0.04642691,1.71423,0.006115073,-0.718921,0.2109296,0.6623151,False,0,0,0,Data_from_ARETT
1760984953026,True,True,-0.04642691,1.71423,0.006115073,-0.718921,0.2109296,0.6623151,False,0,0,0,Data_from_ARETT
1760984953060,True,True,-0.04654031,1.714259,0.006052252,-0.7187372,0.2110097,0.6624891,False,0,0,0,Data_from_ARETT
1760984953060,True,True,-0.04654031,1.714259,0.006052252,-0.7187372,0.2110097,0.6624891,False,0,0,0,Data_from_ARETT
1760984953060,True,True,-0.04654031,1.714259,0.006052252,-0.7187372,0.2110097,0.6624891,False,0,0,0,Data_from_ARETT
1760984953094,True,True,-0.04618249,1.71414,0.00646113,-0.717774,0.2098987,0.6638847,False,0,0,0,Data_from_ARETT
1760984953094,True,True,-0.04618249,1.71414,0.00646113,-0.717774,0.2098987,0.6638847,False,0,0,0,Data_from_ARETT
1760984953094,True,True,-0.04618249,1.71414,0.00646113,-0.717774,0.2098987,0.6638847,False,0,0,0,Data_from_ARETT
1760984953129,True,True,-0.04557466,1.714067,0.0069066,-0.7130297,0.2086634,0.669364,False,0,0,0,Data_from_ARETT
1760984953129,True,True,-0.04557466,1.714067,0.0069066,-0.7130297,0.2086634,0.669364,False,0,0,0,Data_from_ARETT
1760984953129,True,True,-0.04557466,1.714067,0.0069066,-0.7130297,0.2086634,0.669364,False,0,0,0,Data_from_ARETT
1760984953162,True,True,-0.04441706,1.714177,0.007683902,-0.7012416,0.2063736,0.6824003,False,0,0,0,Data_from_ARETT
1760984953162,True,True,-0.04441706,1.714177,0.007683902,-0.7012416,0.2063736,0.6824003,False,0,0,0,Data_from_ARETT
1760984953162,True,True,-0.04441706,1.714177,0.007683902,-0.7012416,0.2063736,0.6824003,False,0,0,0,Data_from_ARETT
1760984953196,True,True,-0.04327301,1.714115,0.009024214,-0.6863498,0.2060318,0.6974775,False,0,0,0,Data_from_ARETT
1760984953196,True,True,-0.04327301,1.714115,0.009024214,-0.6863498,0.2060318,0.6974775,False,0,0,0,Data_from_ARETT
1760984953196,True,True,-0.04327301,1.714115,0.009024214,-0.6863498,0.2060318,0.6974775,False,0,0,0,Data_from_ARETT
1760984953231,True,True,-0.04157078,1.714371,0.01026549,-0.6656259,0.206573,0.717126,False,0,0,0,Data_from_ARETT
1760984953231,True,True,-0.04157078,1.714371,0.01026549,-0.6656259,0.206573,0.717126,False,0,0,0,Data_from_ARETT
1760984953231,True,True,-0.04157078,1.714371,0.01026549,-0.6656259,0.206573,0.717126,False,0,0,0,Data_from_ARETT
1760984953265,True,True,-0.03842916,1.714796,0.01241572,-0.6335955,0.2089291,0.7449198,False,0,0,0,Data_from_ARETT
1760984953265,True,True,-0.03842916,1.714796,0.01241572,-0.6335955,0.2089291,0.7449198,False,0,0,0,Data_from_ARETT
1760984953265,True,True,-0.03842916,1.714796,0.01241572,-0.6335955,0.2089291,0.7449198,False,0,0,0,Data_from_ARETT
1760984953299,True,True,-0.03472464,1.715089,0.01485782,-0.5985789,0.2082621,0.7735181,False,0,0,0,Data_from_ARETT
1760984953299,True,True,-0.03472464,1.715089,0.01485782,-0.5985789,0.2082621,0.7735181,False,0,0,0,Data_from_ARETT
1760984953299,True,True,-0.03472464,1.715089,0.01485782,-0.5985789,0.2082621,0.7735181,False,0,0,0,Data_from_ARETT
1760984953332,True,True,-0.03037195,1.715653,0.01674866,-0.5586008,0.2065051,0.8033186,False,0,0,0,Data_from_ARETT
1760984953332,True,True,-0.03037195,1.715653,0.01674866,-0.5586008,0.2065051,0.8033186,False,0,0,0,Data_from_ARETT
1760984953332,True,True,-0.03037195,1.715653,0.01674866,-0.5586008,0.2065051,0.8033186,False,0,0,0,Data_from_ARETT
1760984953367,True,True,-0.0274939,1.715569,0.02010628,-0.5110204,0.208446,0.8339115,False,0,0,0,Data_from_ARETT
1760984953367,True,True,-0.0274939,1.715569,0.02010628,-0.5110204,0.208446,0.8339115,False,0,0,0,Data_from_ARETT
1760984953367,True,True,-0.0274939,1.715569,0.02010628,-0.5110204,0.208446,0.8339115,False,0,0,0,Data_from_ARETT
1760984953401,True,True,-0.02153338,1.716538,0.02181641,-0.4572487,0.2137183,0.8632776,False,0,0,0,Data_from_ARETT
1760984953401,True,True,-0.02153338,1.716538,0.02181641,-0.4572487,0.2137183,0.8632776,False,0,0,0,Data_from_ARETT
1760984953401,True,True,-0.02153338,1.716538,0.02181641,-0.4572487,0.2137183,0.8632776,False,0,0,0,Data_from_ARETT
1760984953435,True,True,-0.01585607,1.716284,0.02437375,-0.3985758,0.2129395,0.8920729,False,0,0,0,Data_from_ARETT
1760984953435,True,True,-0.01585607,1.716284,0.02437375,-0.3985758,0.2129395,0.8920729,False,0,0,0,Data_from_ARETT
1760984953435,True,True,-0.01585607,1.716284,0.02437375,-0.3985758,0.2129395,0.8920729,False,0,0,0,Data_from_ARETT
1760984953469,True,True,-0.01020109,1.716642,0.0261327,-0.336339,0.2119124,0.9175888,False,0,0,0,Data_from_ARETT
1760984953469,True,True,-0.01020109,1.716642,0.0261327,-0.336339,0.2119124,0.9175888,False,0,0,0,Data_from_ARETT
1760984953469,True,True,-0.01020109,1.716642,0.0261327,-0.336339,0.2119124,0.9175888,False,0,0,0,Data_from_ARETT
1760984953503,True,True,-0.004095533,1.717048,0.02762217,-0.2722388,0.210443,0.9389355,False,0,0,0,Data_from_ARETT
1760984953503,True,True,-0.004095533,1.717048,0.02762217,-0.2722388,0.210443,0.9389355,False,0,0,0,Data_from_ARETT
1760984953503,True,True,-0.004095533,1.717048,0.02762217,-0.2722388,0.210443,0.9389355,False,0,0,0,Data_from_ARETT
1760984953537,True,True,0.001946761,1.717037,0.02959332,-0.2030898,0.212854,0.9557446,False,0,0,0,Data_from_ARETT
1760984953537,True,True,0.001946761,1.717037,0.02959332,-0.2030898,0.212854,0.9557446,False,0,0,0,Data_from_ARETT
1760984953537,True,True,0.001946761,1.717037,0.02959332,-0.2030898,0.212854,0.9557446,False,0,0,0,Data_from_ARETT
1760984953572,True,True,0.008342703,1.717578,0.03041117,-0.1378666,0.2132626,0.9672186,False,0,0,0,Data_from_ARETT
1760984953572,True,True,0.008342703,1.717578,0.03041117,-0.1378666,0.2132626,0.9672186,False,0,0,0,Data_from_ARETT
1760984953572,True,True,0.008342703,1.717578,0.03041117,-0.1378666,0.2132626,0.9672186,False,0,0,0,Data_from_ARETT
1760984953605,True,True,0.01394864,1.717705,0.03147618,-0.07359539,0.2166429,0.973473,False,0,0,0,Data_from_ARETT
1760984953605,True,True,0.01394864,1.717705,0.03147618,-0.07359539,0.2166429,0.973473,False,0,0,0,Data_from_ARETT
1760984953605,True,True,0.01394864,1.717705,0.03147618,-0.07359539,0.2166429,0.973473,False,0,0,0,Data_from_ARETT
1760984953639,True,True,0.01963593,1.717932,0.03196191,-0.002870142,0.2195143,0.9756051,False,0,0,0,Data_from_ARETT
1760984953639,True,True,0.01963593,1.717932,0.03196191,-0.002870142,0.2195143,0.9756051,False,0,0,0,Data_from_ARETT
1760984953639,True,True,0.01963593,1.717932,0.03196191,-0.002870142,0.2195143,0.9756051,False,0,0,0,Data_from_ARETT
1760984953673,True,True,0.02558964,1.718014,0.0318193,0.06608713,0.2201064,0.9732347,False,0,0,0,Data_from_ARETT
1760984953673,True,True,0.02558964,1.718014,0.0318193,0.06608713,0.2201064,0.9732347,False,0,0,0,Data_from_ARETT
1760984953673,True,True,0.02558964,1.718014,0.0318193,0.06608713,0.2201064,0.9732347,False,0,0,0,Data_from_ARETT
1760984953707,True,True,0.03132935,1.718069,0.03171302,0.1314688,0.2191581,0.9667915,False,0,0,0,Data_from_ARETT
1760984953707,True,True,0.03132935,1.718069,0.03171302,0.1314688,0.2191581,0.9667915,False,0,0,0,Data_from_ARETT
1760984953707,True,True,0.03132935,1.718069,0.03171302,0.1314688,0.2191581,0.9667915,False,0,0,0,Data_from_ARETT
1760984953741,True,True,0.03685584,1.717973,0.03130362,0.1933908,0.2191924,0.9563236,False,0,0,0,Data_from_ARETT
1760984953741,True,True,0.03685584,1.717973,0.03130362,0.1933908,0.2191924,0.9563236,False,0,0,0,Data_from_ARETT
1760984953741,True,True,0.03685584,1.717973,0.03130362,0.1933908,0.2191924,0.9563236,False,0,0,0,Data_from_ARETT
1760984953776,True,True,0.04096792,1.717871,0.03015305,0.2498799,0.2184118,0.9433219,False,0,0,0,Data_from_ARETT
1760984953776,True,True,0.04096792,1.717871,0.03015305,0.2498799,0.2184118,0.9433219,False,0,0,0,Data_from_ARETT
1760984953776,True,True,0.04096792,1.717871,0.03015305,0.2498799,0.2184118,0.9433219,False,0,0,0,Data_from_ARETT
1760984953810,True,True,0.04784035,1.717493,0.02948732,0.3279009,0.2193675,0.9188901,False,0,0,0,Data_from_ARETT
1760984953810,True,True,0.04784035,1.717493,0.02948732,0.3279009,0.2193675,0.9188901,False,0,0,0,Data_from_ARETT
1760984953810,True,True,0.04784035,1.717493,0.02948732,0.3279009,0.2193675,0.9188901,False,0,0,0,Data_from_ARETT
1760984953844,True,True,0.05213722,1.717493,0.02803889,0.3803573,0.2199554,0.8983028,False,0,0,0,Data_from_ARETT
1760984953844,True,True,0.05213722,1.717493,0.02803889,0.3803573,0.2199554,0.8983028,False,0,0,0,Data_from_ARETT
1760984953844,True,True,0.05213722,1.717493,0.02803889,0.3803573,0.2199554,0.8983028,False,0,0,0,Data_from_ARETT
1760984953877,True,True,0.05370526,1.717555,0.02739573,0.403173,0.2199779,0.8882912,False,0,0,0,Data_from_ARETT
1760984953877,True,True,0.05370526,1.717555,0.02739573,0.403173,0.2199779,0.8882912,False,0,0,0,Data_from_ARETT
1760984953877,True,True,0.05370526,1.717555,0.02739573,0.403173,0.2199779,0.8882912,False,0,0,0,Data_from_ARETT
1760984953912,True,True,0.05610115,1.716758,0.02698845,0.4422857,0.2176572,0.8700625,False,0,0,0,Data_from_ARETT
1760984953912,True,True,0.05610115,1.716758,0.02698845,0.4422857,0.2176572,0.8700625,False,0,0,0,Data_from_ARETT
1760984953912,True,True,0.05610115,1.716758,0.02698845,0.4422857,0.2176572,0.8700625,False,0,0,0,Data_from_ARETT
1760984953945,True,True,0.05740017,1.716688,0.02744119,0.4581219,0.2156527,0.8623331,False,0,0,0,Data_from_ARETT
1760984953945,True,True,0.05740017,1.716688,0.02744119,0.4581219,0.2156527,0.8623331,False,0,0,0,Data_from_ARETT
1760984953945,True,True,0.05740017,1.716688,0.02744119,0.4581219,0.2156527,0.8623331,False,0,0,0,Data_from_ARETT
1760984953979,True,True,0.0563257,1.716252,0.02741331,0.4558983,0.2093121,0.8650694,False,0,0,0,Data_from_ARETT
1760984953979,True,True,0.0563257,1.716252,0.02741331,0.4558983,0.2093121,0.8650694,False,0,0,0,Data_from_ARETT
1760984953979,True,True,0.0563257,1.716252,0.02741331,0.4558983,0.2093121,0.8650694,False,0,0,0,Data_from_ARETT
1760984954014,True,True,0.0547906,1.71594,0.02866739,0.4256968,0.1985551,0.8828126,False,0,0,0,Data_from_ARETT
1760984954014,True,True,0.0547906,1.71594,0.02866739,0.4256968,0.1985551,0.8828126,False,0,0,0,Data_from_ARETT
1760984954014,True,True,0.0547906,1.71594,0.02866739,0.4256968,0.1985551,0.8828126,False,0,0,0,Data_from_ARETT
1760984954048,True,True,0.05364608,1.71558,0.02971395,0.406085,0.1970304,0.8923419,False,0,0,0,Data_from_ARETT
1760984954048,True,True,0.05364608,1.71558,0.02971395,0.406085,0.1970304,0.8923419,False,0,0,0,Data_from_ARETT
1760984954048,True,True,0.05364608,1.71558,0.02971395,0.406085,0.1970304,0.8923419,False,0,0,0,Data_from_ARETT
1760984954081,True,True,0.04842699,1.716132,0.03025187,0.3577784,0.2000539,0.9121256,False,0,0,0,Data_from_ARETT
1760984954081,True,True,0.04842699,1.716132,0.03025187,0.3577784,0.2000539,0.9121256,False,0,0,0,Data_from_ARETT
1760984954081,True,True,0.04842699,1.716132,0.03025187,0.3577784,0.2000539,0.9121256,False,0,0,0,Data_from_ARETT
1760984954116,True,True,0.04698192,1.716173,0.03025255,0.3383523,0.2020109,0.9190807,False,0,0,0,Data_from_ARETT
1760984954116,True,True,0.04698192,1.716173,0.03025255,0.3383523,0.2020109,0.9190807,False,0,0,0,Data_from_ARETT
1760984954116,True,True,0.04698192,1.716173,0.03025255,0.3383523,0.2020109,0.9190807,False,0,0,0,Data_from_ARETT
1760984954151,True,True,0.04546306,1.716376,0.02962679,0.3312606,0.2037022,0.9212881,False,0,0,0,Data_from_ARETT
1760984954151,True,True,0.04546306,1.716376,0.02962679,0.3312606,0.2037022,0.9212881,False,0,0,0,Data_from_ARETT
1760984954151,True,True,0.04546306,1.716376,0.02962679,0.3312606,0.2037022,0.9212881,False,0,0,0,Data_from_ARETT
1760984954185,True,True,0.04536888,1.716243,0.02936809,0.3313025,0.204579,0.9210788,False,0,0,0,Data_from_ARETT
1760984954185,True,True,0.04536888,1.716243,0.02936809,0.3313025,0.204579,0.9210788,False,0,0,0,Data_from_ARETT
1760984954185,True,True,0.04536888,1.716243,0.02936809,0.3313025,0.204579,0.9210788,False,0,0,0,Data_from_ARETT
1760984954219,True,True,0.04498368,1.716174,0.02933058,0.3316475,0.2069495,0.9204248,False,0,0,0,Data_from_ARETT
1760984954219,True,True,0.04498368,1.716174,0.02933058,0.3316475,0.2069495,0.9204248,False,0,0,0,Data_from_ARETT
1760984954219,True,True,0.04498368,1.716174,0.02933058,0.3316475,0.2069495,0.9204248,False,0,0,0,Data_from_ARETT
1760984954253,True,True,0.04424079,1.716089,0.02886107,0.330367,0.2061742,0.9210591,False,0,0,0,Data_from_ARETT
1760984954253,True,True,0.04424079,1.716089,0.02886107,0.330367,0.2061742,0.9210591,False,0,0,0,Data_from_ARETT
1760984954253,True,True,0.04424079,1.716089,0.02886107,0.330367,0.2061742,0.9210591,False,0,0,0,Data_from_ARETT
1760984954288,True,True,0.04368521,1.715711,0.02900231,0.3295973,0.2025802,0.9221317,False,0,0,0,Data_from_ARETT
1760984954288,True,True,0.04368521,1.715711,0.02900231,0.3295973,0.2025802,0.9221317,False,0,0,0,Data_from_ARETT
1760984954288,True,True,0.04368521,1.715711,0.02900231,0.3295973,0.2025802,0.9221317,False,0,0,0,Data_from_ARETT
1760984954321,True,True,0.04400347,1.715592,0.02972703,0.3306909,0.2007782,0.9221343,False,0,0,0,Data_from_ARETT
1760984954321,True,True,0.04400347,1.715592,0.02972703,0.3306909,0.2007782,0.9221343,False,0,0,0,Data_from_ARETT
1760984954321,True,True,0.04400347,1.715592,0.02972703,0.3306909,0.2007782,0.9221343,False,0,0,0,Data_from_ARETT
1760984954356,True,True,0.04389549,1.715842,0.02949017,0.3323276,0.2029011,0.9210806,False,0,0,0,Data_from_ARETT
1760984954356,True,True,0.04389549,1.715842,0.02949017,0.3323276,0.2029011,0.9210806,False,0,0,0,Data_from_ARETT
1760984954356,True,True,0.04389549,1.715842,0.02949017,0.3323276,0.2029011,0.9210806,False,0,0,0,Data_from_ARETT
1760984954390,True,True,0.04391386,1.715771,0.02954609,0.3334844,0.202926,0.9206569,False,0,0,0,Data_from_ARETT
1760984954390,True,True,0.04391386,1.715771,0.02954609,0.3334844,0.202926,0.9206569,False,0,0,0,Data_from_ARETT
1760984954390,True,True,0.04391386,1.715771,0.02954609,0.3334844,0.202926,0.9206569,False,0,0,0,Data_from_ARETT
1760984954424,True,True,0.04371714,1.715714,0.02945342,0.3338919,0.2020413,0.9207038,False,0,0,0,Data_from_ARETT
1760984954424,True,True,0.04371714,1.715714,0.02945342,0.3338919,0.2020413,0.9207038,False,0,0,0,Data_from_ARETT
1760984954424,True,True,0.04371714,1.715714,0.02945342,0.3338919,0.2020413,0.9207038,False,0,0,0,Data_from_ARETT
1760984954458,True,True,0.04380086,1.715584,0.02943233,0.3336929,0.2002972,0.9211569,False,0,0,0,Data_from_ARETT
1760984954458,True,True,0.04380086,1.715584,0.02943233,0.3336929,0.2002972,0.9211569,False,0,0,0,Data_from_ARETT
1760984954458,True,True,0.04380086,1.715584,0.02943233,0.3336929,0.2002972,0.9211569,False,0,0,0,Data_from_ARETT
1760984954492,True,True,0.04337775,1.715579,0.02972795,0.33125,0.1986052,0.9224042,False,0,0,0,Data_from_ARETT
1760984954492,True,True,0.04337775,1.715579,0.02972795,0.33125,0.1986052,0.9224042,False,0,0,0,Data_from_ARETT
1760984954492,True,True,0.04337775,1.715579,0.02972795,0.33125,0.1986052,0.9224042,False,0,0,0,Data_from_ARETT
1760984954527,True,True,0.04299134,1.715361,0.03035629,0.3246811,0.1969901,0.9250822,False,0,0,0,Data_from_ARETT
1760984954527,True,True,0.04299134,1.715361,0.03035629,0.3246811,0.1969901,0.9250822,False,0,0,0,Data_from_ARETT
1760984954527,True,True,0.04299134,1.715361,0.03035629,0.3246811,0.1969901,0.9250822,False,0,0,0,Data_from_ARETT
1760984954562,True,True,0.04130108,1.715406,0.03105443,0.3109426,0.1928541,0.9306567,False,0,0,0,Data_from_ARETT
1760984954562,True,True,0.04130108,1.715406,0.03105443,0.3109426,0.1928541,0.9306567,False,0,0,0,Data_from_ARETT
1760984954562,True,True,0.04130108,1.715406,0.03105443,0.3109426,0.1928541,0.9306567,False,0,0,0,Data_from_ARETT
1760984954596,True,True,0.04005033,1.71506,0.03151295,0.29224,0.188637,0.9375563,False,0,0,0,Data_from_ARETT
1760984954596,True,True,0.04005033,1.71506,0.03151295,0.29224,0.188637,0.9375563,False,0,0,0,Data_from_ARETT
1760984954596,True,True,0.04005033,1.71506,0.03151295,0.29224,0.188637,0.9375563,False,0,0,0,Data_from_ARETT
1760984954630,True,True,0.03865671,1.714723,0.03232634,0.2722549,0.1862368,0.9440302,False,0,0,0,Data_from_ARETT
1760984954630,True,True,0.03865671,1.714723,0.03232634,0.2722549,0.1862368,0.9440302,False,0,0,0,Data_from_ARETT
1760984954630,True,True,0.03865671,1.714723,0.03232634,0.2722549,0.1862368,0.9440302,False,0,0,0,Data_from_ARETT
1760984954664,True,True,0.03745577,1.714809,0.03219118,0.2596193,0.1833923,0.9481377,False,0,0,0,Data_from_ARETT
1760984954664,True,True,0.03745577,1.714809,0.03219118,0.2596193,0.1833923,0.9481377,False,0,0,0,Data_from_ARETT
1760984954664,True,True,0.03745577,1.714809,0.03219118,0.2596193,0.1833923,0.9481377,False,0,0,0,Data_from_ARETT
1760984954697,True,True,0.03760372,1.71491,0.03257001,0.2499118,0.1827998,0.9508566,False,0,0,0,Data_from_ARETT
1760984954697,True,True,0.03760372,1.71491,0.03257001,0.2499118,0.1827998,0.9508566,False,0,0,0,Data_from_ARETT
1760984954697,True,True,0.03760372,1.71491,0.03257001,0.2499118,0.1827998,0.9508566,False,0,0,0,Data_from_ARETT
1760984954732,True,True,0.03842278,1.715398,0.03269462,0.2557652,0.1908431,0.9477147,False,0,0,0,Data_from_ARETT
1760984954732,True,True,0.03842278,1.715398,0.03269462,0.2557652,0.1908431,0.9477147,False,0,0,0,Data_from_ARETT
1760984954732,True,True,0.03842278,1.715398,0.03269462,0.2557652,0.1908431,0.9477147,False,0,0,0,Data_from_ARETT
1760984954766,True,True,0.03868661,1.715688,0.03216812,0.2707729,0.1958626,0.9425072,False,0,0,0,Data_from_ARETT
1760984954766,True,True,0.03868661,1.715688,0.03216812,0.2707729,0.1958626,0.9425072,False,0,0,0,Data_from_ARETT
1760984954766,True,True,0.03868661,1.715688,0.03216812,0.2707729,0.1958626,0.9425072,False,0,0,0,Data_from_ARETT
1760984954800,True,True,0.03956936,1.715785,0.03165493,0.278387,0.1964648,0.9401608,False,0,0,0,Data_from_ARETT
1760984954800,True,True,0.03956936,1.715785,0.03165493,0.278387,0.1964648,0.9401608,False,0,0,0,Data_from_ARETT
1760984954800,True,True,0.03956936,1.715785,0.03165493,0.278387,0.1964648,0.9401608,False,0,0,0,Data_from_ARETT
1760984954834,True,True,0.03964242,1.715738,0.03156844,0.2779835,0.1954487,0.9404919,False,0,0,0,Data_from_ARETT
1760984954834,True,True,0.03964242,1.715738,0.03156844,0.2779835,0.1954487,0.9404919,False,0,0,0,Data_from_ARETT
1760984954834,True,True,0.03964242,1.715738,0.03156844,0.2779835,0.1954487,0.9404919,False,0,0,0,Data_from_ARETT
1760984954868,True,True,0.03979795,1.715745,0.03136947,0.27346,0.1958565,0.9417323,False,0,0,0,Data_from_ARETT
1760984954868,True,True,0.03979795,1.715745,0.03136947,0.27346,0.1958565,0.9417323,False,0,0,0,Data_from_ARETT
1760984954868,True,True,0.03979795,1.715745,0.03136947,0.27346,0.1958565,0.9417323,False,0,0,0,Data_from_ARETT
1760984954902,True,True,0.03935914,1.716081,0.0314145,0.2731393,0.1981265,0.9413505,False,0,0,0,Data_from_ARETT
1760984954902,True,True,0.03935914,1.716081,0.0314145,0.2731393,0.1981265,0.9413505,False,0,0,0,Data_from_ARETT
1760984954902,True,True,0.03935914,1.716081,0.0314145,0.2731393,0.1981265,0.9413505,False,0,0,0,Data_from_ARETT
1760984954937,True,True,0.03838283,1.716402,0.03134907,0.2583905,0.2006459,0.9449738,False,0,0,0,Data_from_ARETT
1760984954937,True,True,0.03838283,1.716402,0.03134907,0.2583905,0.2006459,0.9449738,False,0,0,0,Data_from_ARETT
1760984954937,True,True,0.03838283,1.716402,0.03134907,0.2583905,0.2006459,0.9449738,False,0,0,0,Data_from_ARETT
1760984954970,True,True,0.0368707,1.716609,0.03145114,0.2411513,0.2070727,0.9481387,False,0,0,0,Data_from_ARETT
1760984954970,True,True,0.0368707,1.716609,0.03145114,0.2411513,0.2070727,0.9481387,False,0,0,0,Data_from_ARETT
1760984954970,True,True,0.0368707,1.716609,0.03145114,0.2411513,0.2070727,0.9481387,False,0,0,0,Data_from_ARETT
1760984955004,True,True,0.03601589,1.716913,0.03061832,0.2307753,0.2077305,0.950574,False,0,0,0,Data_from_ARETT
1760984955004,True,True,0.03601589,1.716913,0.03061832,0.2307753,0.2077305,0.950574,False,0,0,0,Data_from_ARETT
1760984955004,True,True,0.03601589,1.716913,0.03061832,0.2307753,0.2077305,0.950574,False,0,0,0,Data_from_ARETT
1760984955038,True,True,0.03487146,1.717335,0.03034703,0.2163049,0.2073395,0.9540558,False,0,0,0,Data_from_ARETT
1760984955038,True,True,0.03487146,1.717335,0.03034703,0.2163049,0.2073395,0.9540558,False,0,0,0,Data_from_ARETT
1760984955038,True,True,0.03487146,1.717335,0.03034703,0.2163049,0.2073395,0.9540558,False,0,0,0,Data_from_ARETT
1760984955074,True,True,0.0347913,1.717639,0.0306331,0.2075783,0.2153723,0.9542149,False,0,0,0,Data_from_ARETT
1760984955074,True,True,0.0347913,1.717639,0.0306331,0.2075783,0.2153723,0.9542149,False,0,0,0,Data_from_ARETT
1760984955074,True,True,0.0347913,1.717639,0.0306331,0.2075783,0.2153723,0.9542149,False,0,0,0,Data_from_ARETT
1760984955107,True,True,0.03379091,1.718201,0.03000874,0.2003321,0.2195638,0.9548082,False,0,0,0,Data_from_ARETT
1760984955107,True,True,0.03379091,1.718201,0.03000874,0.2003321,0.2195638,0.9548082,False,0,0,0,Data_from_ARETT
1760984955107,True,True,0.03379091,1.718201,0.03000874,0.2003321,0.2195638,0.9548082,False,0,0,0,Data_from_ARETT
1760984955142,True,True,0.03262955,1.718727,0.0297993,0.1836427,0.2244793,0.9570185,False,0,0,0,Data_from_ARETT
1760984955142,True,True,0.03262955,1.718727,0.0297993,0.1836427,0.2244793,0.9570185,False,0,0,0,Data_from_ARETT
1760984955142,True,True,0.03262955,1.718727,0.0297993,0.1836427,0.2244793,0.9570185,False,0,0,0,Data_from_ARETT
1760984955175,True,True,0.03233549,1.719284,0.03024285,0.1735105,0.2391067,0.9553649,False,0,0,0,Data_from_ARETT
1760984955175,True,True,0.03233549,1.719284,0.03024285,0.1735105,0.2391067,0.9553649,False,0,0,0,Data_from_ARETT
1760984955175,True,True,0.03233549,1.719284,0.03024285,0.1735105,0.2391067,0.9553649,False,0,0,0,Data_from_ARETT
1760984955210,True,True,0.03223751,1.720716,0.02785151,0.1726388,0.2460654,0.9537545,False,0,0,0,Data_from_ARETT
1760984955210,True,True,0.03223751,1.720716,0.02785151,0.1726388,0.2460654,0.9537545,False,0,0,0,Data_from_ARETT
1760984955210,True,True,0.03223751,1.720716,0.02785151,0.1726388,0.2460654,0.9537545,False,0,0,0,Data_from_ARETT
1760984955244,True,True,0.03259072,1.721575,0.02766162,0.1643111,0.2593284,0.9517093,False,0,0,0,Data_from_ARETT
1760984955244,True,True,0.03259072,1.721575,0.02766162,0.1643111,0.2593284,0.9517093,False,0,0,0,Data_from_ARETT
1760984955244,True,True,0.03259072,1.721575,0.02766162,0.1643111,0.2593284,0.9517093,False,0,0,0,Data_from_ARETT
1760984955278,True,True,0.03228974,1.722162,0.0264209,0.1600516,0.2647459,0.9509432,False,0,0,0,Data_from_ARETT
1760984955278,True,True,0.03228974,1.722162,0.0264209,0.1600516,0.2647459,0.9509432,False,0,0,0,Data_from_ARETT
1760984955278,True,True,0.03228974,1.722162,0.0264209,0.1600516,0.2647459,0.9509432,False,0,0,0,Data_from_ARETT
1760984955312,True,True,0.03158219,1.723211,0.02459446,0.1535495,0.2754744,0.948966,False,0,0,0,Data_from_ARETT
1760984955312,True,True,0.03158219,1.723211,0.02459446,0.1535495,0.2754744,0.948966,False,0,0,0,Data_from_ARETT
1760984955312,True,True,0.03158219,1.723211,0.02459446,0.1535495,0.2754744,0.948966,False,0,0,0,Data_from_ARETT
1760984955346,True,True,0.03092398,1.723894,0.02542703,0.1458969,0.2865937,0.9468781,False,0,0,0,Data_from_ARETT
1760984955346,True,True,0.03092398,1.723894,0.02542703,0.1458969,0.2865937,0.9468781,False,0,0,0,Data_from_ARETT
1760984955346,True,True,0.03092398,1.723894,0.02542703,0.1458969,0.2865937,0.9468781,False,0,0,0,Data_from_ARETT
1760984955380,True,True,0.03040042,1.725306,0.02328251,0.1308565,0.3046008,0.9434484,False,0,0,0,Data_from_ARETT
1760984955380,True,True,0.03040042,1.725306,0.02328251,0.1308565,0.3046008,0.9434484,False,0,0,0,Data_from_ARETT
1760984955380,True,True,0.03040042,1.725306,0.02328251,0.1308565,0.3046008,0.9434484,False,0,0,0,Data_from_ARETT
1760984955414,True,True,0.03043517,1.726708,0.02233048,0.1214924,0.3160927,0.9409171,False,0,0,0,Data_from_ARETT
1760984955414,True,True,0.03043517,1.726708,0.02233048,0.1214924,0.3160927,0.9409171,False,0,0,0,Data_from_ARETT
1760984955414,True,True,0.03043517,1.726708,0.02233048,0.1214924,0.3160927,0.9409171,False,0,0,0,Data_from_ARETT
1760984955448,True,True,0.02944989,1.728082,0.02215363,0.1160973,0.3368938,0.9343575,False,0,0,0,Data_from_ARETT
1760984955448,True,True,0.02944989,1.728082,0.02215363,0.1160973,0.3368938,0.9343575,False,0,0,0,Data_from_ARETT
1760984955448,True,True,0.02944989,1.728082,0.02215363,0.1160973,0.3368938,0.9343575,False,0,0,0,Data_from_ARETT
1760984955483,True,True,0.0287575,1.729871,0.0199159,0.1127295,0.3571933,0.9272028,False,0,0,0,Data_from_ARETT
1760984955483,True,True,0.0287575,1.729871,0.0199159,0.1127295,0.3571933,0.9272028,False,0,0,0,Data_from_ARETT
1760984955483,True,True,0.0287575,1.729871,0.0199159,0.1127295,0.3571933,0.9272028,False,0,0,0,Data_from_ARETT
1760984955516,True,True,0.02906424,1.73102,0.01862176,0.1099888,0.3714398,0.9219192,False,0,0,0,Data_from_ARETT
1760984955516,True,True,0.02906424,1.73102,0.01862176,0.1099888,0.3714398,0.9219192,False,0,0,0,Data_from_ARETT
1760984955516,True,True,0.02906424,1.73102,0.01862176,0.1099888,0.3714398,0.9219192,False,0,0,0,Data_from_ARETT
1760984955550,True,True,0.02873041,1.732356,0.01682512,0.1118118,0.3878787,0.9149034,False,0,0,0,Data_from_ARETT
1760984955550,True,True,0.02873041,1.732356,0.01682512,0.1118118,0.3878787,0.9149034,False,0,0,0,Data_from_ARETT
1760984955550,True,True,0.02873041,1.732356,0.01682512,0.1118118,0.3878787,0.9149034,False,0,0,0,Data_from_ARETT
1760984955584,True,True,0.02872273,1.733913,0.01708144,0.1148275,0.4042337,0.9074193,False,0,0,0,Data_from_ARETT
1760984955584,True,True,0.02872273,1.733913,0.01708144,0.1148275,0.4042337,0.9074193,False,0,0,0,Data_from_ARETT
1760984955584,True,True,0.02872273,1.733913,0.01708144,0.1148275,0.4042337,0.9074193,False,0,0,0,Data_from_ARETT
1760984955619,True,True,0.0291094,1.735699,0.01532398,0.1150066,0.4341827,0.8934534,False,0,0,0,Data_from_ARETT
1760984955619,True,True,0.0291094,1.735699,0.01532398,0.1150066,0.4341827,0.8934534,False,0,0,0,Data_from_ARETT
1760984955619,True,True,0.0291094,1.735699,0.01532398,0.1150066,0.4341827,0.8934534,False,0,0,0,Data_from_ARETT
1760984955653,True,True,0.02944388,1.7365,0.01272069,0.117243,0.4460166,0.8873124,False,0,0,0,Data_from_ARETT
1760984955653,True,True,0.02944388,1.7365,0.01272069,0.117243,0.4460166,0.8873124,False,0,0,0,Data_from_ARETT
1760984955653,True,True,0.02944388,1.7365,0.01272069,0.117243,0.4460166,0.8873124,False,0,0,0,Data_from_ARETT
1760984955687,True,True,0.02922182,1.736184,0.01030653,0.1217057,0.4460014,0.8867189,False,0,0,0,Data_from_ARETT
1760984955687,True,True,0.02922182,1.736184,0.01030653,0.1217057,0.4460014,0.8867189,False,0,0,0,Data_from_ARETT
1760984955687,True,True,0.02922182,1.736184,0.01030653,0.1217057,0.4460014,0.8867189,False,0,0,0,Data_from_ARETT
1760984955721,True,True,0.0293278,1.736101,0.009722289,0.1260123,0.4392653,0.8894756,False,0,0,0,Data_from_ARETT
1760984955721,True,True,0.0293278,1.736101,0.009722289,0.1260123,0.4392653,0.8894756,False,0,0,0,Data_from_ARETT
1760984955721,True,True,0.0293278,1.736101,0.009722289,0.1260123,0.4392653,0.8894756,False,0,0,0,Data_from_ARETT
1760984955755,True,True,0.02954329,1.735733,0.01008724,0.1271487,0.434407,0.8916971,False,0,0,0,Data_from_ARETT
1760984955755,True,True,0.02954329,1.735733,0.01008724,0.1271487,0.434407,0.8916971,False,0,0,0,Data_from_ARETT
1760984955755,True,True,0.02954329,1.735733,0.01008724,0.1271487,0.434407,0.8916971,False,0,0,0,Data_from_ARETT
1760984955790,True,True,0.02926698,1.734844,0.009453977,0.1268777,0.4337576,0.8920518,False,0,0,0,Data_from_ARETT
1760984955790,True,True,0.02926698,1.734844,0.009453977,0.1268777,0.4337576,0.8920518,False,0,0,0,Data_from_ARETT
1760984955790,True,True,0.02926698,1.734844,0.009453977,0.1268777,0.4337576,0.8920518,False,0,0,0,Data_from_ARETT
1760984955824,True,True,0.02822257,1.733997,0.008953203,0.1278675,0.4259273,0.8956763,False,0,0,0,Data_from_ARETT
1760984955824,True,True,0.02822257,1.733997,0.008953203,0.1278675,0.4259273,0.8956763,False,0,0,0,Data_from_ARETT
1760984955824,True,True,0.02822257,1.733997,0.008953203,0.1278675,0.4259273,0.8956763,False,0,0,0,Data_from_ARETT
1760984955858,True,True,0.02827696,1.732868,0.008943419,0.129765,0.416797,0.8996896,False,0,0,0,Data_from_ARETT
1760984955858,True,True,0.02827696,1.732868,0.008943419,0.129765,0.416797,0.8996896,False,0,0,0,Data_from_ARETT
1760984955858,True,True,0.02827696,1.732868,0.008943419,0.129765,0.416797,0.8996896,False,0,0,0,Data_from_ARETT
1760984955892,True,True,0.02754221,1.731181,0.007475832,0.1293702,0.3984466,0.9080218,False,0,0,0,Data_from_ARETT
1760984955892,True,True,0.02754221,1.731181,0.007475832,0.1293702,0.3984466,0.9080218,False,0,0,0,Data_from_ARETT
1760984955892,True,True,0.02754221,1.731181,0.007475832,0.1293702,0.3984466,0.9080218,False,0,0,0,Data_from_ARETT
1760984955925,True,True,0.02686609,1.729948,0.009241735,0.1288972,0.3783938,0.9166263,False,0,0,0,Data_from_ARETT
1760984955925,True,True,0.02686609,1.729948,0.009241735,0.1288972,0.3783938,0.9166263,False,0,0,0,Data_from_ARETT
1760984955925,True,True,0.02686609,1.729948,0.009241735,0.1288972,0.3783938,0.9166263,False,0,0,0,Data_from_ARETT
1760984955959,True,True,0.02655902,1.729137,0.01050321,0.1276534,0.3689317,0.9206487,False,0,0,0,Data_from_ARETT
1760984955959,True,True,0.02655902,1.729137,0.01050321,0.1276534,0.3689317,0.9206487,False,0,0,0,Data_from_ARETT
1760984955959,True,True,0.02655902,1.729137,0.01050321,0.1276534,0.3689317,0.9206487,False,0,0,0,Data_from_ARETT
1760984955994,True,True,0.02601037,1.728373,0.01161858,0.1259573,0.3522181,0.9274035,False,0,0,0,Data_from_ARETT
1760984955994,True,True,0.02601037,1.728373,0.01161858,0.1259573,0.3522181,0.9274035,False,0,0,0,Data_from_ARETT
1760984955994,True,True,0.02601037,1.728373,0.01161858,0.1259573,0.3522181,0.9274035,False,0,0,0,Data_from_ARETT
1760984956028,True,True,0.02587836,1.728105,0.01310754,0.1239929,0.3434338,0.9309559,False,0,0,0,Data_from_ARETT
1760984956028,True,True,0.02587836,1.728105,0.01310754,0.1239929,0.3434338,0.9309559,False,0,0,0,Data_from_ARETT
1760984956028,True,True,0.02587836,1.728105,0.01310754,0.1239929,0.3434338,0.9309559,False,0,0,0,Data_from_ARETT
1760984956062,True,True,0.02613114,1.728308,0.01428195,0.1236144,0.338201,0.9329199,False,0,0,0,Data_from_ARETT
1760984956062,True,True,0.02613114,1.728308,0.01428195,0.1236144,0.338201,0.9329199,False,0,0,0,Data_from_ARETT
1760984956062,True,True,0.02613114,1.728308,0.01428195,0.1236144,0.338201,0.9329199,False,0,0,0,Data_from_ARETT
1760984956096,True,True,0.02674786,1.727924,0.0190883,0.119815,0.336345,0.9340858,False,0,0,0,Data_from_ARETT
1760984956096,True,True,0.02674786,1.727924,0.0190883,0.119815,0.336345,0.9340858,False,0,0,0,Data_from_ARETT
1760984956096,True,True,0.02674786,1.727924,0.0190883,0.119815,0.336345,0.9340858,False,0,0,0,Data_from_ARETT
1760984956129,True,True,0.02788441,1.727568,0.02101253,0.1166799,0.3297923,0.9368153,False,0,0,0,Data_from_ARETT
1760984956129,True,True,0.02788441,1.727568,0.02101253,0.1166799,0.3297923,0.9368153,False,0,0,0,Data_from_ARETT
1760984956129,True,True,0.02788441,1.727568,0.02101253,0.1166799,0.3297923,0.9368153,False,0,0,0,Data_from_ARETT
1760984956164,True,True,0.02849822,1.726271,0.02282486,0.115723,0.3105728,0.9434791,False,0,0,0,Data_from_ARETT
1760984956164,True,True,0.02849822,1.726271,0.02282486,0.115723,0.3105728,0.9434791,False,0,0,0,Data_from_ARETT
1760984956164,True,True,0.02849822,1.726271,0.02282486,0.115723,0.3105728,0.9434791,False,0,0,0,Data_from_ARETT
1760984956198,True,True,0.02947681,1.723759,0.02582613,0.117478,0.2805712,0.9526168,False,0,0,0,Data_from_ARETT
1760984956198,True,True,0.02947681,1.723759,0.02582613,0.117478,0.2805712,0.9526168,False,0,0,0,Data_from_ARETT
1760984956198,True,True,0.02947681,1.723759,0.02582613,0.117478,0.2805712,0.9526168,False,0,0,0,Data_from_ARETT
1760984956232,True,True,0.03035264,1.721134,0.02953372,0.1191562,0.2498297,0.9609302,False,0,0,0,Data_from_ARETT
1760984956232,True,True,0.03035264,1.721134,0.02953372,0.1191562,0.2498297,0.9609302,False,0,0,0,Data_from_ARETT
1760984956232,True,True,0.03035264,1.721134,0.02953372,0.1191562,0.2498297,0.9609302,False,0,0,0,Data_from_ARETT
1760984956266,True,True,0.03073305,1.719665,0.03361714,0.1173711,0.2269818,0.9668006,False,0,0,0,Data_from_ARETT
1760984956266,True,True,0.03073305,1.719665,0.03361714,0.1173711,0.2269818,0.9668006,False,0,0,0,Data_from_ARETT
1760984956266,True,True,0.03073305,1.719665,0.03361714,0.1173711,0.2269818,0.9668006,False,0,0,0,Data_from_ARETT
1760984956299,True,True,0.03028915,1.718914,0.03697802,0.1124321,0.220884,0.9687979,False,0,0,0,Data_from_ARETT
1760984956299,True,True,0.03028915,1.718914,0.03697802,0.1124321,0.220884,0.9687979,False,0,0,0,Data_from_ARETT
1760984956299,True,True,0.03028915,1.718914,0.03697802,0.1124321,0.220884,0.9687979,False,0,0,0,Data_from_ARETT
1760984956334,True,True,0.02936063,1.718527,0.03917435,0.1080128,0.2176598,0.9700296,False,0,0,0,Data_from_ARETT
1760984956334,True,True,0.02936063,1.718527,0.03917435,0.1080128,0.2176598,0.9700296,False,0,0,0,Data_from_ARETT
1760984956334,True,True,0.02936063,1.718527,0.03917435,0.1080128,0.2176598,0.9700296,False,0,0,0,Data_from_ARETT
1760984956368,True,True,0.02887339,1.717885,0.04010557,0.1031968,0.2060029,0.9730946,False,0,0,0,Data_from_ARETT
1760984956368,True,True,0.02887339,1.717885,0.04010557,0.1031968,0.2060029,0.9730946,False,0,0,0,Data_from_ARETT
1760984956368,True,True,0.02887339,1.717885,0.04010557,0.1031968,0.2060029,0.9730946,False,0,0,0,Data_from_ARETT
1760984956402,True,True,0.02787771,1.716262,0.04164869,0.09568581,0.1925208,0.9766166,False,0,0,0,Data_from_ARETT
1760984956402,True,True,0.02787771,1.716262,0.04164869,0.09568581,0.1925208,0.9766166,False,0,0,0,Data_from_ARETT
1760984956402,True,True,0.02787771,1.716262,0.04164869,0.09568581,0.1925208,0.9766166,False,0,0,0,Data_from_ARETT
1760984956436,True,True,0.02662979,1.715381,0.04244867,0.08866157,0.1739819,0.9807494,False,0,0,0,Data_from_ARETT
1760984956436,True,True,0.02662979,1.715381,0.04244867,0.08866157,0.1739819,0.9807494,False,0,0,0,Data_from_ARETT
1760984956436,True,True,0.02662979,1.715381,0.04244867,0.08866157,0.1739819,0.9807494,False,0,0,0,Data_from_ARETT
1760984956471,True,True,0.0253595,1.71469,0.04338328,0.08273615,0.164653,0.9828754,False,0,0,0,Data_from_ARETT
1760984956471,True,True,0.0253595,1.71469,0.04338328,0.08273615,0.164653,0.9828754,False,0,0,0,Data_from_ARETT
1760984956471,True,True,0.0253595,1.71469,0.04338328,0.08273615,0.164653,0.9828754,False,0,0,0,Data_from_ARETT
1760984956504,True,True,0.02493949,1.713725,0.04418338,0.07480326,0.1628063,0.9838184,False,0,0,0,Data_from_ARETT
1760984956504,True,True,0.02493949,1.713725,0.04418338,0.07480326,0.1628063,0.9838184,False,0,0,0,Data_from_ARETT
1760984956504,True,True,0.02493949,1.713725,0.04418338,0.07480326,0.1628063,0.9838184,False,0,0,0,Data_from_ARETT
1760984956538,True,True,0.02371307,1.713306,0.04346433,0.06355778,0.1577241,0.9854357,False,0,0,0,Data_from_ARETT
1760984956538,True,True,0.02371307,1.713306,0.04346433,0.06355778,0.1577241,0.9854357,False,0,0,0,Data_from_ARETT
1760984956538,True,True,0.02371307,1.713306,0.04346433,0.06355778,0.1577241,0.9854357,False,0,0,0,Data_from_ARETT
1760984956574,True,True,0.021963,1.712738,0.04365303,0.05253543,0.1507289,0.9871782,False,0,0,0,Data_from_ARETT
1760984956574,True,True,0.021963,1.712738,0.04365303,0.05253543,0.1507289,0.9871782,False,0,0,0,Data_from_ARETT
1760984956574,True,True,0.021963,1.712738,0.04365303,0.05253543,0.1507289,0.9871782,False,0,0,0,Data_from_ARETT
1760984956608,True,True,0.02036905,1.712567,0.04383014,0.0438783,0.1449321,0.9884682,False,0,0,0,Data_from_ARETT
1760984956608,True,True,0.02036905,1.712567,0.04383014,0.0438783,0.1449321,0.9884682,False,0,0,0,Data_from_ARETT
1760984956608,True,True,0.02036905,1.712567,0.04383014,0.0438783,0.1449321,0.9884682,False,0,0,0,Data_from_ARETT
1760984956641,True,True,0.01939376,1.712281,0.04431639,0.03729855,0.1443319,0.9888262,False,0,0,0,Data_from_ARETT
1760984956641,True,True,0.01939376,1.712281,0.04431639,0.03729855,0.1443319,0.9888262,False,0,0,0,Data_from_ARETT
1760984956641,True,True,0.01939376,1.712281,0.04431639,0.03729855,0.1443319,0.9888262,False,0,0,0,Data_from_ARETT
1760984956676,True,True,0.01894746,1.712149,0.04374189,0.03164569,0.1430516,0.9892092,False,0,0,0,Data_from_ARETT
1760984956676,True,True,0.01894746,1.712149,0.04374189,0.03164569,0.1430516,0.9892092,False,0,0,0,Data_from_ARETT
1760984956676,True,True,0.01894746,1.712149,0.04374189,0.03164569,0.1430516,0.9892092,False,0,0,0,Data_from_ARETT
1760984956711,True,True,0.01810074,1.712538,0.04322439,0.02706137,0.1411435,0.9896192,False,0,0,0,Data_from_ARETT
1760984956711,True,True,0.01810074,1.712538,0.04322439,0.02706137,0.1411435,0.9896192,False,0,0,0,Data_from_ARETT
1760984956711,True,True,0.01810074,1.712538,0.04322439,0.02706137,0.1411435,0.9896192,False,0,0,0,Data_from_ARETT
1760984956746,True,True,0.01758794,1.712831,0.04275178,0.02367833,0.1413157,0.9896814,False,0,0,0,Data_from_ARETT
1760984956746,True,True,0.01758794,1.712831,0.04275178,0.02367833,0.1413157,0.9896814,False,0,0,0,Data_from_ARETT
1760984956746,True,True,0.01758794,1.712831,0.04275178,0.02367833,0.1413157,0.9896814,False,0,0,0,Data_from_ARETT
1760984956780,True,True,0.01758924,1.713323,0.04340812,0.02073286,0.1435056,0.9894323,False,0,0,0,Data_from_ARETT
1760984956780,True,True,0.01758924,1.713323,0.04340812,0.02073286,0.1435056,0.9894323,False,0,0,0,Data_from_ARETT
1760984956780,True,True,0.01758924,1.713323,0.04340812,0.02073286,0.1435056,0.9894323,False,0,0,0,Data_from_ARETT
1760984956813,True,True,0.01768868,1.713703,0.04455639,0.01924645,0.1509778,0.9883498,False,0,0,0,Data_from_ARETT
1760984956813,True,True,0.01768868,1.713703,0.04455639,0.01924645,0.1509778,0.9883498,False,0,0,0,Data_from_ARETT
1760984956813,True,True,0.01768868,1.713703,0.04455639,0.01924645,0.1509778,0.9883498,False,0,0,0,Data_from_ARETT
1760984956848,True,True,0.01754163,1.714042,0.04438127,0.01946747,0.1560428,0.9875584,False,0,0,0,Data_from_ARETT
1760984956848,True,True,0.01754163,1.714042,0.04438127,0.01946747,0.1560428,0.9875584,False,0,0,0,Data_from_ARETT
1760984956848,True,True,0.01754163,1.714042,0.04438127,0.01946747,0.1560428,0.9875584,False,0,0,0,Data_from_ARETT
1760984956882,True,True,0.01822909,1.713759,0.04340484,0.02271733,0.1533635,0.9879087,False,0,0,0,Data_from_ARETT
1760984956882,True,True,0.01822909,1.713759,0.04340484,0.02271733,0.1533635,0.9879087,False,0,0,0,Data_from_ARETT
1760984956882,True,True,0.01822909,1.713759,0.04340484,0.02271733,0.1533635,0.9879087,False,0,0,0,Data_from_ARETT
1760984956916,True,True,0.01834216,1.713239,0.04415802,0.0276226,0.1477294,0.988642,False,0,0,0,Data_from_ARETT
1760984956916,True,True,0.01834216,1.713239,0.04415802,0.0276226,0.1477294,0.988642,False,0,0,0,Data_from_ARETT
1760984956916,True,True,0.01834216,1.713239,0.04415802,0.0276226,0.1477294,0.988642,False,0,0,0,Data_from_ARETT
1760984956950,True,True,0.01883643,1.713527,0.04488613,0.03544934,0.1501461,0.9880281,False,0,0,0,Data_from_ARETT
1760984956950,True,True,0.01883643,1.713527,0.04488613,0.03544934,0.1501461,0.9880281,False,0,0,0,Data_from_ARETT
1760984956950,True,True,0.01883643,1.713527,0.04488613,0.03544934,0.1501461,0.9880281,False,0,0,0,Data_from_ARETT
1760984956985,True,True,0.01958915,1.713602,0.04426068,0.03955369,0.1525537,0.9875033,False,0,0,0,Data_from_ARETT
1760984956985,True,True,0.01958915,1.713602,0.04426068,0.03955369,0.1525537,0.9875033,False,0,0,0,Data_from_ARETT
1760984956985,True,True,0.01958915,1.713602,0.04426068,0.03955369,0.1525537,0.9875033,False,0,0,0,Data_from_ARETT
1760984957018,True,True,0.01982336,1.71314,0.04414263,0.03923091,0.1484269,0.9881449,False,0,0,0,Data_from_ARETT
1760984957018,True,True,0.01982336,1.71314,0.04414263,0.03923091,0.1484269,0.9881449,False,0,0,0,Data_from_ARETT
1760984957018,True,True,0.01982336,1.71314,0.04414263,0.03923091,0.1484269,0.9881449,False,0,0,0,Data_from_ARETT
1760984957052,True,True,0.01973341,1.712628,0.04407955,0.03937558,0.1434308,0.9888767,False,0,0,0,Data_from_ARETT
1760984957052,True,True,0.01973341,1.712628,0.04407955,0.03937558,0.1434308,0.9888767,False,0,0,0,Data_from_ARETT
1760984957052,True,True,0.01973341,1.712628,0.04407955,0.03937558,0.1434308,0.9888767,False,0,0,0,Data_from_ARETT
1760984957086,True,True,0.0197415,1.712272,0.04422147,0.04190652,0.1410116,0.9891206,False,0,0,0,Data_from_ARETT
1760984957086,True,True,0.0197415,1.712272,0.04422147,0.04190652,0.1410116,0.9891206,False,0,0,0,Data_from_ARETT
1760984957086,True,True,0.0197415,1.712272,0.04422147,0.04190652,0.1410116,0.9891206,False,0,0,0,Data_from_ARETT
1760984957121,True,True,0.0206158,1.711912,0.04417761,0.04278695,0.1396945,0.9892698,False,0,0,0,Data_from_ARETT
1760984957121,True,True,0.0206158,1.711912,0.04417761,0.04278695,0.1396945,0.9892698,False,0,0,0,Data_from_ARETT
1760984957121,True,True,0.0206158,1.711912,0.04417761,0.04278695,0.1396945,0.9892698,False,0,0,0,Data_from_ARETT
1760984957155,True,True,0.02077874,1.711584,0.0439922,0.04306411,0.137664,0.9895424,False,0,0,0,Data_from_ARETT
1760984957155,True,True,0.02077874,1.711584,0.0439922,0.04306411,0.137664,0.9895424,False,0,0,0,Data_from_ARETT
1760984957155,True,True,0.02077874,1.711584,0.0439922,0.04306411,0.137664,0.9895424,False,0,0,0,Data_from_ARETT
1760984957189,True,True,0.02100199,1.711568,0.04422623,0.04410083,0.1374224,0.9895303,False,0,0,0,Data_from_ARETT
1760984957189,True,True,0.02100199,1.711568,0.04422623,0.04410083,0.1374224,0.9895303,False,0,0,0,Data_from_ARETT
1760984957189,True,True,0.02100199,1.711568,0.04422623,0.04410083,0.1374224,0.9895303,False,0,0,0,Data_from_ARETT
1760984957223,True,True,0.02116739,1.71157,0.04405752,0.04422683,0.1394173,0.9892456,False,0,0,0,Data_from_ARETT
1760984957223,True,True,0.02116739,1.71157,0.04405752,0.04422683,0.1394173,0.9892456,False,0,0,0,Data_from_ARETT
1760984957223,True,True,0.02116739,1.71157,0.04405752,0.04422683,0.1394173,0.9892456,False,0,0,0,Data_from_ARETT
1760984957257,True,True,0.02067132,1.711564,0.04414445,0.04479522,0.1398415,0.9891601,False,0,0,0,Data_from_ARETT
1760984957257,True,True,0.02067132,1.711564,0.04414445,0.04479522,0.1398415,0.9891601,False,0,0,0,Data_from_ARETT
1760984957257,True,True,0.02067132,1.711564,0.04414445,0.04479522,0.1398415,0.9891601,False,0,0,0,Data_from_ARETT
1760984957291,True,True,0.02081034,1.711654,0.04409706,0.04595337,0.1393389,0.9891779,False,0,0,0,Data_from_ARETT
1760984957291,True,True,0.02081034,1.711654,0.04409706,0.04595337,0.1393389,0.9891779,False,0,0,0,Data_from_ARETT
1760984957291,True,True,0.02081034,1.711654,0.04409706,0.04595337,0.1393389,0.9891779,False,0,0,0,Data_from_ARETT
1760984957325,True,True,0.02113694,1.711681,0.04480172,0.0490718,0.1375445,0.9892793,False,0,0,0,Data_from_ARETT
1760984957325,True,True,0.02113694,1.711681,0.04480172,0.0490718,0.1375445,0.9892793,False,0,0,0,Data_from_ARETT
1760984957325,True,True,0.02113694,1.711681,0.04480172,0.0490718,0.1375445,0.9892793,False,0,0,0,Data_from_ARETT
1760984957359,True,True,0.02095872,1.71212,0.04566778,0.05241171,0.1383556,0.9889948,False,0,0,0,Data_from_ARETT
1760984957359,True,True,0.02095872,1.71212,0.04566778,0.05241171,0.1383556,0.9889948,False,0,0,0,Data_from_ARETT
1760984957359,True,True,0.02095872,1.71212,0.04566778,0.05241171,0.1383556,0.9889948,False,0,0,0,Data_from_ARETT
1760984957394,True,True,0.02071487,1.71236,0.04669499,0.06129325,0.1385328,0.9884593,False,0,0,0,Data_from_ARETT
1760984957394,True,True,0.02071487,1.71236,0.04669499,0.06129325,0.1385328,0.9884593,False,0,0,0,Data_from_ARETT
1760984957394,True,True,0.02071487,1.71236,0.04669499,0.06129325,0.1385328,0.9884593,False,0,0,0,Data_from_ARETT
1760984957428,True,True,0.02056804,1.712374,0.0473129,0.06661598,0.1337996,0.9887669,False,0,0,0,Data_from_ARETT
1760984957428,True,True,0.02056804,1.712374,0.0473129,0.06661598,0.1337996,0.9887669,False,0,0,0,Data_from_ARETT
1760984957428,True,True,0.02056804,1.712374,0.0473129,0.06661598,0.1337996,0.9887669,False,0,0,0,Data_from_ARETT
1760984957462,True,True,0.02062441,1.71249,0.04887804,0.07055425,0.1327344,0.9886373,False,0,0,0,Data_from_ARETT
1760984957462,True,True,0.02062441,1.71249,0.04887804,0.07055425,0.1327344,0.9886373,False,0,0,0,Data_from_ARETT
1760984957462,True,True,0.02062441,1.71249,0.04887804,0.07055425,0.1327344,0.9886373,False,0,0,0,Data_from_ARETT
1760984957497,True,True,0.01983314,1.71276,0.04952169,0.07308667,0.1326885,0.9884595,False,0,0,0,Data_from_ARETT
1760984957497,True,True,0.01983314,1.71276,0.04952169,0.07308667,0.1326885,0.9884595,False,0,0,0,Data_from_ARETT
1760984957497,True,True,0.01983314,1.71276,0.04952169,0.07308667,0.1326885,0.9884595,False,0,0,0,Data_from_ARETT
1760984957530,True,True,0.01948455,1.71261,0.05023546,0.07639441,0.1321106,0.9882867,False,0,0,0,Data_from_ARETT
1760984957530,True,True,0.01948455,1.71261,0.05023546,0.07639441,0.1321106,0.9882867,False,0,0,0,Data_from_ARETT
1760984957530,True,True,0.01948455,1.71261,0.05023546,0.07639441,0.1321106,0.9882867,False,0,0,0,Data_from_ARETT
1760984957564,True,True,0.01933968,1.712196,0.05095121,0.0777703,0.128078,0.9887102,False,0,0,0,Data_from_ARETT
1760984957564,True,True,0.01933968,1.712196,0.05095121,0.0777703,0.128078,0.9887102,False,0,0,0,Data_from_ARETT
1760984957564,True,True,0.01933968,1.712196,0.05095121,0.0777703,0.128078,0.9887102,False,0,0,0,Data_from_ARETT
1760984957598,True,True,0.01879799,1.711787,0.05186491,0.07760892,0.1228159,0.9893903,True,0.1250174,1.879879,1.405994,Data_from_ARETT
1760984957598,True,True,0.01879799,1.711787,0.05186491,0.07760892,0.1228159,0.9893903,True,0.1250174,1.879879,1.405994,Data_from_ARETT
1760984957598,True,True,0.01879799,1.711787,0.05186491,0.07760892,0.1228159,0.9893903,True,0.1250174,1.879879,1.405994,Data_from_ARETT
1760984957632,True,True,0.0175363,1.711782,0.053408,0.07471816,0.1204981,0.9898977,True,0.1198054,1.876711,1.408312,Data_from_ARETT
1760984957632,True,True,0.0175363,1.711782,0.053408,0.07471816,0.1204981,0.9898977,True,0.1198054,1.876711,1.408312,Data_from_ARETT
1760984957632,True,True,0.0175363,1.711782,0.053408,0.07471816,0.1204981,0.9898977,True,0.1198054,1.876711,1.408312,Data_from_ARETT
1760984957666,True,True,0.0165546,1.711978,0.05423481,0.07004029,0.119826,0.9903212,True,0.112423,1.875991,1.409747,Data_from_ARETT
1760984957666,True,True,0.0165546,1.711978,0.05423481,0.07004029,0.119826,0.9903212,True,0.112423,1.875991,1.409747,Data_from_ARETT
1760984957666,True,True,0.0165546,1.711978,0.05423481,0.07004029,0.119826,0.9903212,True,0.112423,1.875991,1.409747,Data_from_ARETT
1760984957700,True,True,0.01557359,1.711849,0.05620917,0.06426568,0.1184222,0.9908815,True,0.1035417,1.873948,1.412547,Data_from_ARETT
1760984957700,True,True,0.01557359,1.711849,0.05620917,0.06426568,0.1184222,0.9908815,True,0.1035417,1.873948,1.412547,Data_from_ARETT
1760984957700,True,True,0.01557359,1.711849,0.05620917,0.06426568,0.1184222,0.9908815,True,0.1035417,1.873948,1.412547,Data_from_ARETT
1760984957734,True,True,0.01402831,1.712147,0.05792773,0.05822305,0.1200964,0.9910535,True,0.09372193,1.876531,1.414446,Data_from_ARETT
1760984957734,True,True,0.01402831,1.712147,0.05792773,0.05822305,0.1200964,0.9910535,True,0.09372193,1.876531,1.414446,Data_from_ARETT
1760984957734,True,True,0.01402831,1.712147,0.05792773,0.05822305,0.1200964,0.9910535,True,0.09372193,1.876531,1.414446,Data_from_ARETT
1760984957768,True,True,0.01316738,1.712536,0.05945803,0.05634466,0.1238756,0.9906968,True,0.09026322,1.882033,1.415019,Data_from_ARETT
1760984957768,True,True,0.01316738,1.712536,0.05945803,0.05634466,0.1238756,0.9906968,True,0.09026322,1.882033,1.415019,Data_from_ARETT
1760984957768,True,True,0.01316738,1.712536,0.05945803,0.05634466,0.1238756,0.9906968,True,0.09026322,1.882033,1.415019,Data_from_ARETT
1760984957803,True,True,0.01319813,1.712625,0.06026673,0.05784548,0.1265651,0.9902703,False,0,0,0,Data_from_ARETT
1760984957803,True,True,0.01319813,1.712625,0.06026673,0.05784548,0.1265651,0.9902703,False,0,0,0,Data_from_ARETT
1760984957803,True,True,0.01319813,1.712625,0.06026673,0.05784548,0.1265651,0.9902703,False,0,0,0,Data_from_ARETT
1760984957837,True,True,0.01308044,1.712005,0.06225766,0.05954635,0.128333,0.9899418,False,0,0,0,Data_from_ARETT
1760984957837,True,True,0.01308044,1.712005,0.06225766,0.05954635,0.128333,0.9899418,False,0,0,0,Data_from_ARETT
1760984957837,True,True,0.01308044,1.712005,0.06225766,0.05954635,0.128333,0.9899418,False,0,0,0,Data_from_ARETT
1760984957871,True,True,0.01307384,1.71165,0.06274371,0.06193921,0.1302802,0.9895406,False,0,0,0,Data_from_ARETT
1760984957871,True,True,0.01307384,1.71165,0.06274371,0.06193921,0.1302802,0.9895406,False,0,0,0,Data_from_ARETT
1760984957871,True,True,0.01307384,1.71165,0.06274371,0.06193921,0.1302802,0.9895406,False,0,0,0,Data_from_ARETT
1760984957904,True,True,0.01256547,1.711629,0.0625104,0.06130228,0.1321292,0.9893351,False,0,0,0,Data_from_ARETT
1760984957904,True,True,0.01256547,1.711629,0.0625104,0.06130228,0.1321292,0.9893351,False,0,0,0,Data_from_ARETT
1760984957904,True,True,0.01256547,1.711629,0.0625104,0.06130228,0.1321292,0.9893351,False,0,0,0,Data_from_ARETT
1760984957939,True,True,0.01256679,1.711657,0.06576963,0.06038142,0.150319,0.9867919,False,0,0,0,Data_from_ARETT
1760984957939,True,True,0.01256679,1.711657,0.06576963,0.06038142,0.150319,0.9867919,False,0,0,0,Data_from_ARETT
1760984957939,True,True,0.01256679,1.711657,0.06576963,0.06038142,0.150319,0.9867919,False,0,0,0,Data_from_ARETT
1760984957973,True,True,0.01199996,1.714036,0.06375103,0.06130783,0.1760949,0.9824622,False,0,0,0,Data_from_ARETT
1760984957973,True,True,0.01199996,1.714036,0.06375103,0.06130783,0.1760949,0.9824622,False,0,0,0,Data_from_ARETT
1760984957973,True,True,0.01199996,1.714036,0.06375103,0.06130783,0.1760949,0.9824622,False,0,0,0,Data_from_ARETT
1760984958007,True,True,0.01161761,1.714786,0.06285578,0.06499195,0.1943475,0.9787773,False,0,0,0,Data_from_ARETT
1760984958007,True,True,0.01161761,1.714786,0.06285578,0.06499195,0.1943475,0.9787773,False,0,0,0,Data_from_ARETT
1760984958007,True,True,0.01161761,1.714786,0.06285578,0.06499195,0.1943475,0.9787773,False,0,0,0,Data_from_ARETT
1760984958042,True,True,0.0112286,1.71569,0.06091771,0.06970144,0.2020056,0.9769009,False,0,0,0,Data_from_ARETT
1760984958042,True,True,0.0112286,1.71569,0.06091771,0.06970144,0.2020056,0.9769009,False,0,0,0,Data_from_ARETT
1760984958042,True,True,0.0112286,1.71569,0.06091771,0.06970144,0.2020056,0.9769009,False,0,0,0,Data_from_ARETT
1760984958075,True,True,0.01118192,1.716021,0.06197044,0.07456303,0.2059917,0.9757088,False,0,0,0,Data_from_ARETT
1760984958075,True,True,0.01118192,1.716021,0.06197044,0.07456303,0.2059917,0.9757088,False,0,0,0,Data_from_ARETT
1760984958075,True,True,0.01118192,1.716021,0.06197044,0.07456303,0.2059917,0.9757088,False,0,0,0,Data_from_ARETT
1760984958109,True,True,0.01092818,1.717303,0.05977512,0.07628766,0.2128975,0.9740918,False,0,0,0,Data_from_ARETT
1760984958109,True,True,0.01092818,1.717303,0.05977512,0.07628766,0.2128975,0.9740918,False,0,0,0,Data_from_ARETT
1760984958109,True,True,0.01092818,1.717303,0.05977512,0.07628766,0.2128975,0.9740918,False,0,0,0,Data_from_ARETT
1760984958144,True,True,0.01062194,1.716618,0.06009984,0.07504341,0.2103613,0.9747393,False,0,0,0,Data_from_ARETT
1760984958144,True,True,0.01062194,1.716618,0.06009984,0.07504341,0.2103613,0.9747393,False,0,0,0,Data_from_ARETT
1760984958144,True,True,0.01062194,1.716618,0.06009984,0.07504341,0.2103613,0.9747393,False,0,0,0,Data_from_ARETT
1760984958178,True,True,0.00916869,1.7158,0.0596028,0.07237823,0.2031266,0.9764737,False,0,0,0,Data_from_ARETT
1760984958178,True,True,0.00916869,1.7158,0.0596028,0.07237823,0.2031266,0.9764737,False,0,0,0,Data_from_ARETT
1760984958178,True,True,0.00916869,1.7158,0.0596028,0.07237823,0.2031266,0.9764737,False,0,0,0,Data_from_ARETT
1760984958211,True,True,0.008113757,1.713598,0.05936984,0.06666767,0.1812896,0.9811674,False,0,0,0,Data_from_ARETT
1760984958211,True,True,0.008113757,1.713598,0.05936984,0.06666767,0.1812896,0.9811674,False,0,0,0,Data_from_ARETT
1760984958211,True,True,0.008113757,1.713598,0.05936984,0.06666767,0.1812896,0.9811674,False,0,0,0,Data_from_ARETT
1760984958246,True,True,0.007492881,1.713734,0.05954375,0.0652191,0.1745062,0.9824938,False,0,0,0,Data_from_ARETT
1760984958246,True,True,0.007492881,1.713734,0.05954375,0.0652191,0.1745062,0.9824938,False,0,0,0,Data_from_ARETT
1760984958246,True,True,0.007492881,1.713734,0.05954375,0.0652191,0.1745062,0.9824938,False,0,0,0,Data_from_ARETT
