eyeDataTimestamp,isCalibrationValid,gazeHasValue,gazeOrigin_x,gazeOrigin_y,gazeOrigin_z,gazeDirection_x,gazeDirection_y,gazeDirection_z,gazePointHit,gazePoint_x,gazePoint_y,gazePoint_z,note
1760985646026,True,True,-0.009038462,1.665636,0.02296644,-0.3576834,-0.06576793,0.9315241,False,0,0,0,Data_from_ARETT
1760985646026,True,True,-0.009038462,1.665636,0.02296644,-0.3576834,-0.06576793,0.9315241,False,0,0,0,Data_from_ARETT
1760985646026,True,True,-0.009038462,1.665636,0.02296644,-0.3576834,-0.06576793,0.9315241,False,0,0,0,Data_from_ARETT
1760985646060,True,True,-0.009352149,1.665495,0.024756,-0.3569013,-0.06033038,0.9321919,False,0,0,0,Data_from_ARETT
1760985646060,True,True,-0.009352149,1.665495,0.024756,-0.3569013,-0.06033038,0.9321919,False,0,0,0,Data_from_ARETT
1760985646060,True,True,-0.009352149,1.665495,0.024756,-0.3569013,-0.06033038,0.9321919,False,0,0,0,Data_from_ARETT
1760985646094,True,True,-0.009077807,1.66609,0.0243462,-0.3548858,-0.05906505,0.933042,False,0,0,0,Data_from_ARETT
1760985646094,True,True,-0.009077807,1.66609,0.0243462,-0.3548858,-0.05906505,0.933042,False,0,0,0,Data_from_ARETT
1760985646094,True,True,-0.009077807,1.66609,0.0243462,-0.3548858,-0.05906505,0.933042,False,0,0,0,Data_from_ARETT
1760985646128,True,True,-0.008775095,1.665983,0.02507155,-0.3505441,-0.06445599,0.9343256,False,0,0,0,Data_from_ARETT
1760985646128,True,True,-0.008775095,1.665983,0.02507155,-0.3505441,-0.06445599,0.9343256,False,0,0,0,Data_from_ARETT
1760985646128,True,True,-0.008775095,1.665983,0.02507155,-0.3505441,-0.06445599,0.9343256,False,0,0,0,Data_from_ARETT
1760985646163,True,True,-0.00877675,1.665522,0.0268393,-0.348641,-0.06032964,0.9353127,False,0,0,0,Data_from_ARETT
1760985646163,True,True,-0.00877675,1.665522,0.0268393,-0.348641,-0.06032964,0.9353127,False,0,0,0,Data_from_ARETT
1760985646163,True,True,-0.00877675,1.665522,0.0268393,-0.348641,-0.06032964,0.9353127,False,0,0,0,Data_from_ARETT
1760985646198,True,True,-0.008298662,1.666707,0.02676682,-0.3404125,-0.05715573,0.9385375,False,0,0,0,Data_from_ARETT
1760985646198,True,True,-0.008298662,1.666707,0.02676682,-0.3404125,-0.05715573,0.9385375,False,0,0,0,Data_from_ARETT
1760985646198,True,True,-0.008298662,1.666707,0.02676682,-0.3404125,-0.05715573,0.9385375,False,0,0,0,Data_from_ARETT
1760985646232,True,True,-0.00785028,1.667416,0.02717992,-0.33406,-0.05100096,0.941171,False,0,0,0,Data_from_ARETT
1760985646232,True,True,-0.00785028,1.667416,0.02717992,-0.33406,-0.05100096,0.941171,False,0,0,0,Data_from_ARETT
1760985646232,True,True,-0.00785028,1.667416,0.02717992,-0.33406,-0.05100096,0.941171,False,0,0,0,Data_from_ARETT
1760985646265,True,True,-0.007228169,1.668329,0.02730129,-0.3306451,-0.0412173,0.9428547,False,0,0,0,Data_from_ARETT
1760985646265,True,True,-0.007228169,1.668329,0.02730129,-0.3306451,-0.0412173,0.9428547,False,0,0,0,Data_from_ARETT
1760985646265,True,True,-0.007228169,1.668329,0.02730129,-0.3306451,-0.0412173,0.9428547,False,0,0,0,Data_from_ARETT
1760985646301,True,True,-0.006536675,1.669293,0.027255,-0.3255094,-0.03280591,0.9449695,False,0,0,0,Data_from_ARETT
1760985646301,True,True,-0.006536675,1.669293,0.027255,-0.3255094,-0.03280591,0.9449695,False,0,0,0,Data_from_ARETT
1760985646301,True,True,-0.006536675,1.669293,0.027255,-0.3255094,-0.03280591,0.9449695,False,0,0,0,Data_from_ARETT
1760985646335,True,True,-0.005814049,1.670117,0.02671015,-0.3217403,-0.02217,0.9465684,False,0,0,0,Data_from_ARETT
1760985646335,True,True,-0.005814049,1.670117,0.02671015,-0.3217403,-0.02217,0.9465684,False,0,0,0,Data_from_ARETT
1760985646335,True,True,-0.005814049,1.670117,0.02671015,-0.3217403,-0.02217,0.9465684,False,0,0,0,Data_from_ARETT
1760985646369,True,True,-0.005088962,1.670717,0.0266223,-0.3173423,-0.01562918,0.9481822,False,0,0,0,Data_from_ARETT
1760985646369,True,True,-0.005088962,1.670717,0.0266223,-0.3173423,-0.01562918,0.9481822,False,0,0,0,Data_from_ARETT
1760985646369,True,True,-0.005088962,1.670717,0.0266223,-0.3173423,-0.01562918,0.9481822,False,0,0,0,Data_from_ARETT
1760985646403,True,True,-0.004169879,1.671594,0.02610315,-0.3098187,-0.005097438,0.950782,False,0,0,0,Data_from_ARETT
1760985646403,True,True,-0.004169879,1.671594,0.02610315,-0.3098187,-0.005097438,0.950782,False,0,0,0,Data_from_ARETT
1760985646403,True,True,-0.004169879,1.671594,0.02610315,-0.3098187,-0.005097438,0.950782,False,0,0,0,Data_from_ARETT
1760985646437,True,True,-0.0034359,1.672108,0.02640893,-0.3029785,0.008035173,0.9529635,False,0,0,0,Data_from_ARETT
1760985646437,True,True,-0.0034359,1.672108,0.02640893,-0.3029785,0.008035173,0.9529635,False,0,0,0,Data_from_ARETT
1760985646437,True,True,-0.0034359,1.672108,0.02640893,-0.3029785,0.008035173,0.9529635,False,0,0,0,Data_from_ARETT
1760985646470,True,True,-0.002566717,1.673282,0.02539861,-0.2967058,0.02050867,0.9547487,False,0,0,0,Data_from_ARETT
1760985646470,True,True,-0.002566717,1.673282,0.02539861,-0.2967058,0.02050867,0.9547487,False,0,0,0,Data_from_ARETT
1760985646470,True,True,-0.002566717,1.673282,0.02539861,-0.2967058,0.02050867,0.9547487,False,0,0,0,Data_from_ARETT
1760985646505,True,True,-0.0008176495,1.67371,0.0252075,-0.288229,0.02705687,0.9571792,False,0,0,0,Data_from_ARETT
1760985646505,True,True,-0.0008176495,1.67371,0.0252075,-0.288229,0.02705687,0.9571792,False,0,0,0,Data_from_ARETT
1760985646505,True,True,-0.0008176495,1.67371,0.0252075,-0.288229,0.02705687,0.9571792,False,0,0,0,Data_from_ARETT
1760985646539,True,True,0.0008193301,1.674414,0.02465443,-0.2745299,0.03233362,0.9610348,False,0,0,0,Data_from_ARETT
1760985646539,True,True,0.0008193301,1.674414,0.02465443,-0.2745299,0.03233362,0.9610348,False,0,0,0,Data_from_ARETT
1760985646539,True,True,0.0008193301,1.674414,0.02465443,-0.2745299,0.03233362,0.9610348,False,0,0,0,Data_from_ARETT
1760985646573,True,True,0.002610406,1.674452,0.02476554,-0.2590827,0.03877489,0.9650765,False,0,0,0,Data_from_ARETT
1760985646573,True,True,0.002610406,1.674452,0.02476554,-0.2590827,0.03877489,0.9650765,False,0,0,0,Data_from_ARETT
1760985646573,True,True,0.002610406,1.674452,0.02476554,-0.2590827,0.03877489,0.9650765,False,0,0,0,Data_from_ARETT
1760985646606,True,True,0.004233117,1.674888,0.02498681,-0.2414398,0.04419901,0.9694088,False,0,0,0,Data_from_ARETT
1760985646606,True,True,0.004233117,1.674888,0.02498681,-0.2414398,0.04419901,0.9694088,False,0,0,0,Data_from_ARETT
1760985646606,True,True,0.004233117,1.674888,0.02498681,-0.2414398,0.04419901,0.9694088,False,0,0,0,Data_from_ARETT
1760985646642,True,True,0.006563488,1.675481,0.02528241,-0.2239612,0.05321687,0.9731441,False,0,0,0,Data_from_ARETT
1760985646642,True,True,0.006563488,1.675481,0.02528241,-0.2239612,0.05321687,0.9731441,False,0,0,0,Data_from_ARETT
1760985646642,True,True,0.006563488,1.675481,0.02528241,-0.2239612,0.05321687,0.9731441,False,0,0,0,Data_from_ARETT
1760985646675,True,True,0.008514582,1.676371,0.02518934,-0.2054446,0.06143866,0.9767383,False,0,0,0,Data_from_ARETT
1760985646675,True,True,0.008514582,1.676371,0.02518934,-0.2054446,0.06143866,0.9767383,False,0,0,0,Data_from_ARETT
1760985646675,True,True,0.008514582,1.676371,0.02518934,-0.2054446,0.06143866,0.9767383,False,0,0,0,Data_from_ARETT
1760985646709,True,True,0.01086487,1.676987,0.02570534,-0.1864274,0.06887337,0.9800517,False,0,0,0,Data_from_ARETT
1760985646709,True,True,0.01086487,1.676987,0.02570534,-0.1864274,0.06887337,0.9800517,False,0,0,0,Data_from_ARETT
1760985646709,True,True,0.01086487,1.676987,0.02570534,-0.1864274,0.06887337,0.9800517,False,0,0,0,Data_from_ARETT
1760985646744,True,True,0.01423933,1.678035,0.02584266,-0.156985,0.08122531,0.9842551,False,0,0,0,Data_from_ARETT
1760985646744,True,True,0.01423933,1.678035,0.02584266,-0.156985,0.08122531,0.9842551,False,0,0,0,Data_from_ARETT
1760985646744,True,True,0.01423933,1.678035,0.02584266,-0.156985,0.08122531,0.9842551,False,0,0,0,Data_from_ARETT
1760985646778,True,True,0.01679898,1.678591,0.0259576,-0.1350395,0.08682047,0.9870291,False,0,0,0,Data_from_ARETT
1760985646778,True,True,0.01679898,1.678591,0.0259576,-0.1350395,0.08682047,0.9870291,False,0,0,0,Data_from_ARETT
1760985646778,True,True,0.01679898,1.678591,0.0259576,-0.1350395,0.08682047,0.9870291,False,0,0,0,Data_from_ARETT
1760985646812,True,True,0.01957744,1.678989,0.02634071,-0.1108521,0.09350477,0.9894285,False,0,0,0,Data_from_ARETT
1760985646812,True,True,0.01957744,1.678989,0.02634071,-0.1108521,0.09350477,0.9894285,False,0,0,0,Data_from_ARETT
1760985646812,True,True,0.01957744,1.678989,0.02634071,-0.1108521,0.09350477,0.9894285,False,0,0,0,Data_from_ARETT
1760985646846,True,True,0.02209986,1.679244,0.02681771,-0.08564948,0.1000558,0.9912885,False,0,0,0,Data_from_ARETT
1760985646846,True,True,0.02209986,1.679244,0.02681771,-0.08564948,0.1000558,0.9912885,False,0,0,0,Data_from_ARETT
1760985646846,True,True,0.02209986,1.679244,0.02681771,-0.08564948,0.1000558,0.9912885,False,0,0,0,Data_from_ARETT
1760985646881,True,True,0.02504258,1.679567,0.02690525,-0.06236389,0.1053087,0.9924821,True,-0.05920505,1.821829,1.367653,Data_from_ARETT
1760985646881,True,True,0.02504258,1.679567,0.02690525,-0.06236389,0.1053087,0.9924821,True,-0.05920505,1.821829,1.367653,Data_from_ARETT
1760985646881,True,True,0.02504258,1.679567,0.02690525,-0.06236389,0.1053087,0.9924821,True,-0.05920505,1.821829,1.367653,Data_from_ARETT
1760985646915,True,True,0.02784347,1.679811,0.02698397,-0.03819384,0.1085806,0.9933537,True,-0.02374568,1.826473,1.368726,Data_from_ARETT
1760985646915,True,True,0.02784347,1.679811,0.02698397,-0.03819384,0.1085806,0.9933537,True,-0.02374568,1.826473,1.368726,Data_from_ARETT
1760985646915,True,True,0.02784347,1.679811,0.02698397,-0.03819384,0.1085806,0.9933537,True,-0.02374568,1.826473,1.368726,Data_from_ARETT
1760985646949,True,True,0.03090043,1.679892,0.02741257,-0.01373955,0.1117028,0.9936467,True,0.01234333,1.830762,1.369466,Data_from_ARETT
1760985646949,True,True,0.03090043,1.679892,0.02741257,-0.01373955,0.1117028,0.9936467,True,0.01234333,1.830762,1.369466,Data_from_ARETT
1760985646949,True,True,0.03090043,1.679892,0.02741257,-0.01373955,0.1117028,0.9936467,True,0.01234333,1.830762,1.369466,Data_from_ARETT
1760985646982,True,True,0.03365322,1.680044,0.02740613,0.008899902,0.1138401,0.9934592,True,0.04567212,1.83378,1.369027,Data_from_ARETT
1760985646982,True,True,0.03365322,1.680044,0.02740613,0.008899902,0.1138401,0.9934592,True,0.04567212,1.83378,1.369027,Data_from_ARETT
1760985646982,True,True,0.03365322,1.680044,0.02740613,0.008899902,0.1138401,0.9934592,True,0.04567212,1.83378,1.369027,Data_from_ARETT
1760985647017,True,True,0.03615445,1.680128,0.02753755,0.02920338,0.1187534,0.9924942,True,0.07558613,1.840474,1.367647,Data_from_ARETT
1760985647017,True,True,0.03615445,1.680128,0.02753755,0.02920338,0.1187534,0.9924942,True,0.07558613,1.840474,1.367647,Data_from_ARETT
1760985647017,True,True,0.03615445,1.680128,0.02753755,0.02920338,0.1187534,0.9924942,True,0.07558613,1.840474,1.367647,Data_from_ARETT
1760985647052,True,True,0.03823384,1.680218,0.02745729,0.04664658,0.1204722,0.9916202,True,0.1012232,1.842898,1.366494,Data_from_ARETT
1760985647052,True,True,0.03823384,1.680218,0.02745729,0.04664658,0.1204722,0.9916202,True,0.1012232,1.842898,1.366494,Data_from_ARETT
1760985647052,True,True,0.03823384,1.680218,0.02745729,0.04664658,0.1204722,0.9916202,True,0.1012232,1.842898,1.366494,Data_from_ARETT
1760985647085,True,True,0.04025023,1.680347,0.02746217,0.05872563,0.1229563,0.990673,True,0.1195349,1.846348,1.364955,Data_from_ARETT
1760985647085,True,True,0.04025023,1.680347,0.02746217,0.05872563,0.1229563,0.990673,True,0.1195349,1.846348,1.364955,Data_from_ARETT
1760985647085,True,True,0.04025023,1.680347,0.02746217,0.05872563,0.1229563,0.990673,True,0.1195349,1.846348,1.364955,Data_from_ARETT
1760985647119,True,True,0.04134228,1.680594,0.02730167,0.06585915,0.1263644,0.9897952,True,0.1302508,1.851183,1.363505,Data_from_ARETT
1760985647119,True,True,0.04134228,1.680594,0.02730167,0.06585915,0.1263644,0.9897952,True,0.1302508,1.851183,1.363505,Data_from_ARETT
1760985647119,True,True,0.04134228,1.680594,0.02730167,0.06585915,0.1263644,0.9897952,True,0.1302508,1.851183,1.363505,Data_from_ARETT
1760985647153,True,True,0.04237327,1.68074,0.0271084,0.06893187,0.1278289,0.9893979,False,0,0,0,Data_from_ARETT
1760985647153,True,True,0.04237327,1.68074,0.0271084,0.06893187,0.1278289,0.9893979,False,0,0,0,Data_from_ARETT
1760985647153,True,True,0.04237327,1.68074,0.0271084,0.06893187,0.1278289,0.9893979,False,0,0,0,Data_from_ARETT
1760985647188,True,True,0.04306231,1.680674,0.0276787,0.06993046,0.1292945,0.9891374,False,0,0,0,Data_from_ARETT
1760985647188,True,True,0.04306231,1.680674,0.0276787,0.06993046,0.1292945,0.9891374,False,0,0,0,Data_from_ARETT
1760985647188,True,True,0.04306231,1.680674,0.0276787,0.06993046,0.1292945,0.9891374,False,0,0,0,Data_from_ARETT
1760985647222,True,True,0.04354431,1.681286,0.02746872,0.07311468,0.1336784,0.988324,False,0,0,0,Data_from_ARETT
1760985647222,True,True,0.04354431,1.681286,0.02746872,0.07311468,0.1336784,0.988324,False,0,0,0,Data_from_ARETT
1760985647222,True,True,0.04354431,1.681286,0.02746872,0.07311468,0.1336784,0.988324,False,0,0,0,Data_from_ARETT
1760985647256,True,True,0.04457702,1.681824,0.02722646,0.07712539,0.1374355,0.9875035,False,0,0,0,Data_from_ARETT
1760985647256,True,True,0.04457702,1.681824,0.02722646,0.07712539,0.1374355,0.9875035,False,0,0,0,Data_from_ARETT
1760985647256,True,True,0.04457702,1.681824,0.02722646,0.07712539,0.1374355,0.9875035,False,0,0,0,Data_from_ARETT
1760985647289,True,True,0.04490462,1.682003,0.02656052,0.07918938,0.137617,0.9873148,False,0,0,0,Data_from_ARETT
1760985647289,True,True,0.04490462,1.682003,0.02656052,0.07918938,0.137617,0.9873148,False,0,0,0,Data_from_ARETT
1760985647289,True,True,0.04490462,1.682003,0.02656052,0.07918938,0.137617,0.9873148,False,0,0,0,Data_from_ARETT
1760985647324,True,True,0.04483347,1.68136,0.02624962,0.07772681,0.1325036,0.9881302,False,0,0,0,Data_from_ARETT
1760985647324,True,True,0.04483347,1.68136,0.02624962,0.07772681,0.1325036,0.9881302,False,0,0,0,Data_from_ARETT
1760985647324,True,True,0.04483347,1.68136,0.02624962,0.07772681,0.1325036,0.9881302,False,0,0,0,Data_from_ARETT
1760985647358,True,True,0.04464186,1.680797,0.02683351,0.07447076,0.1287992,0.9888705,False,0,0,0,Data_from_ARETT
1760985647358,True,True,0.04464186,1.680797,0.02683351,0.07447076,0.1287992,0.9888705,False,0,0,0,Data_from_ARETT
1760985647358,True,True,0.04464186,1.680797,0.02683351,0.07447076,0.1287992,0.9888705,False,0,0,0,Data_from_ARETT
1760985647392,True,True,0.04428321,1.680925,0.0264522,0.07047667,0.1281939,0.9892418,False,0,0,0,Data_from_ARETT
1760985647392,True,True,0.04428321,1.680925,0.0264522,0.07047667,0.1281939,0.9892418,False,0,0,0,Data_from_ARETT
1760985647392,True,True,0.04428321,1.680925,0.0264522,0.07047667,0.1281939,0.9892418,False,0,0,0,Data_from_ARETT
1760985647425,True,True,0.04383773,1.68084,0.02655073,0.06640615,0.1278539,0.9895674,True,0.1334811,1.853433,1.362392,Data_from_ARETT
1760985647425,True,True,0.04383773,1.68084,0.02655073,0.06640615,0.1278539,0.9895674,True,0.1334811,1.853433,1.362392,Data_from_ARETT
1760985647425,True,True,0.04383773,1.68084,0.02655073,0.06640615,0.1278539,0.9895674,True,0.1334811,1.853433,1.362392,Data_from_ARETT
1760985647460,True,True,0.04356976,1.680923,0.02656867,0.06333935,0.1258764,0.9900218,True,0.1290553,1.850812,1.362745,Data_from_ARETT
1760985647460,True,True,0.04356976,1.680923,0.02656867,0.06333935,0.1258764,0.9900218,True,0.1290553,1.850812,1.362745,Data_from_ARETT
1760985647460,True,True,0.04356976,1.680923,0.02656867,0.06333935,0.1258764,0.9900218,True,0.1290553,1.850812,1.362745,Data_from_ARETT
1760985647495,True,True,0.04300554,1.680893,0.026598,0.06191686,0.1263585,0.9900504,True,0.1265914,1.851473,1.363135,Data_from_ARETT
1760985647495,True,True,0.04300554,1.680893,0.026598,0.06191686,0.1263585,0.9900504,True,0.1265914,1.851473,1.363135,Data_from_ARETT
1760985647495,True,True,0.04300554,1.680893,0.026598,0.06191686,0.1263585,0.9900504,True,0.1265914,1.851473,1.363135,Data_from_ARETT
1760985647529,True,True,0.04286852,1.680753,0.02697465,0.06045499,0.1237936,0.9904647,True,0.1244855,1.84788,1.364147,Data_from_ARETT
1760985647529,True,True,0.04286852,1.680753,0.02697465,0.06045499,0.1237936,0.9904647,True,0.1244855,1.84788,1.364147,Data_from_ARETT
1760985647529,True,True,0.04286852,1.680753,0.02697465,0.06045499,0.1237936,0.9904647,True,0.1244855,1.84788,1.364147,Data_from_ARETT
1760985647563,True,True,0.04252213,1.6808,0.02711226,0.05824075,0.1226872,0.990735,True,0.1211518,1.846438,1.364685,Data_from_ARETT
1760985647563,True,True,0.04252213,1.6808,0.02711226,0.05824075,0.1226872,0.990735,True,0.1211518,1.846438,1.364685,Data_from_ARETT
1760985647563,True,True,0.04252213,1.6808,0.02711226,0.05824075,0.1226872,0.990735,True,0.1211518,1.846438,1.364685,Data_from_ARETT
1760985647598,True,True,0.04209303,1.680718,0.02731721,0.05804492,0.1223301,0.9907907,True,0.120459,1.845874,1.364975,Data_from_ARETT
1760985647598,True,True,0.04209303,1.680718,0.02731721,0.05804492,0.1223301,0.9907907,True,0.120459,1.845874,1.364975,Data_from_ARETT
1760985647598,True,True,0.04209303,1.680718,0.02731721,0.05804492,0.1223301,0.9907907,True,0.120459,1.845874,1.364975,Data_from_ARETT
1760985647631,True,True,0.04226233,1.680723,0.02752285,0.05841494,0.1206089,0.9909799,True,0.1211313,1.843563,1.365495,Data_from_ARETT
1760985647631,True,True,0.04226233,1.680723,0.02752285,0.05841494,0.1206089,0.9909799,True,0.1211313,1.843563,1.365495,Data_from_ARETT
1760985647631,True,True,0.04226233,1.680723,0.02752285,0.05841494,0.1206089,0.9909799,True,0.1211313,1.843563,1.365495,Data_from_ARETT
1760985647666,True,True,0.04214584,1.68081,0.02767566,0.06012698,0.1211505,0.9908114,True,0.1233252,1.844379,1.365402,Data_from_ARETT
1760985647666,True,True,0.04214584,1.68081,0.02767566,0.06012698,0.1211505,0.9908114,True,0.1233252,1.844379,1.365402,Data_from_ARETT
1760985647666,True,True,0.04214584,1.68081,0.02767566,0.06012698,0.1211505,0.9908114,True,0.1233252,1.844379,1.365402,Data_from_ARETT
1760985647699,True,True,0.04233231,1.680722,0.02786547,0.06135747,0.120378,0.9908302,True,0.1251747,1.843251,1.365645,Data_from_ARETT
1760985647699,True,True,0.04233231,1.680722,0.02786547,0.06135747,0.120378,0.9908302,True,0.1251747,1.843251,1.365645,Data_from_ARETT
1760985647699,True,True,0.04233231,1.680722,0.02786547,0.06135747,0.120378,0.9908302,True,0.1251747,1.843251,1.365645,Data_from_ARETT
1760985647733,True,True,0.04219459,1.680774,0.02774631,0.06299647,0.1198469,0.9907917,True,0.1272512,1.842589,1.365495,Data_from_ARETT
1760985647733,True,True,0.04219459,1.680774,0.02774631,0.06299647,0.1198469,0.9907917,True,0.1272512,1.842589,1.365495,Data_from_ARETT
1760985647733,True,True,0.04219459,1.680774,0.02774631,0.06299647,0.1198469,0.9907917,True,0.1272512,1.842589,1.365495,Data_from_ARETT
1760985647768,True,True,0.04227668,1.680451,0.02805735,0.064252,0.117888,0.9909461,True,0.1290334,1.83963,1.366089,Data_from_ARETT
1760985647768,True,True,0.04227668,1.680451,0.02805735,0.064252,0.117888,0.9909461,True,0.1290334,1.83963,1.366089,Data_from_ARETT
1760985647768,True,True,0.04227668,1.680451,0.02805735,0.064252,0.117888,0.9909461,True,0.1290334,1.83963,1.366089,Data_from_ARETT
1760985647802,True,True,0.04222169,1.680291,0.02814,0.06492156,0.1167053,0.9910424,True,0.1298856,1.837879,1.36635,Data_from_ARETT
1760985647802,True,True,0.04222169,1.680291,0.02814,0.06492156,0.1167053,0.9910424,True,0.1298856,1.837879,1.36635,Data_from_ARETT
1760985647802,True,True,0.04222169,1.680291,0.02814,0.06492156,0.1167053,0.9910424,True,0.1298856,1.837879,1.36635,Data_from_ARETT
1760985647836,True,True,0.04250329,1.680115,0.02840945,0.06660397,0.116113,0.9910004,True,0.1324406,1.836906,1.366587,Data_from_ARETT
1760985647836,True,True,0.04250329,1.680115,0.02840945,0.06660397,0.116113,0.9910004,True,0.1324406,1.836906,1.366587,Data_from_ARETT
1760985647836,True,True,0.04250329,1.680115,0.02840945,0.06660397,0.116113,0.9910004,True,0.1324406,1.836906,1.366587,Data_from_ARETT
1760985647870,True,True,0.04302413,1.679906,0.02822344,0.07030899,0.1159675,0.9907614,True,0.1379649,1.836501,1.366085,Data_from_ARETT
1760985647870,True,True,0.04302413,1.679906,0.02822344,0.07030899,0.1159675,0.9907614,True,0.1379649,1.836501,1.366085,Data_from_ARETT
1760985647870,True,True,0.04302413,1.679906,0.02822344,0.07030899,0.1159675,0.9907614,True,0.1379649,1.836501,1.366085,Data_from_ARETT
1760985647904,True,True,0.04414349,1.68,0.02750571,0.07961668,0.1135153,0.9903411,True,0.1516613,1.833296,1.364905,Data_from_ARETT
1760985647904,True,True,0.04414349,1.68,0.02750571,0.07961668,0.1135153,0.9903411,True,0.1516613,1.833296,1.364905,Data_from_ARETT
1760985647904,True,True,0.04414349,1.68,0.02750571,0.07961668,0.1135153,0.9903411,True,0.1516613,1.833296,1.364905,Data_from_ARETT
1760985647938,True,True,0.04603338,1.679896,0.02747872,0.09715741,0.1141653,0.9886995,True,0.1772358,1.834066,1.362629,Data_from_ARETT
1760985647938,True,True,0.04603338,1.679896,0.02747872,0.09715741,0.1141653,0.9886995,True,0.1772358,1.834066,1.362629,Data_from_ARETT
1760985647938,True,True,0.04603338,1.679896,0.02747872,0.09715741,0.1141653,0.9886995,True,0.1772358,1.834066,1.362629,Data_from_ARETT
1760985647973,True,True,0.04848402,1.679817,0.02750228,0.1217399,0.1188198,0.9854244,True,0.2128589,1.840249,1.358036,Data_from_ARETT
1760985647973,True,True,0.04848402,1.679817,0.02750228,0.1217399,0.1188198,0.9854244,True,0.2128589,1.840249,1.358036,Data_from_ARETT
1760985647973,True,True,0.04848402,1.679817,0.02750228,0.1217399,0.1188198,0.9854244,True,0.2128589,1.840249,1.358036,Data_from_ARETT
1760985648006,True,True,0.05090033,1.680145,0.02653321,0.1515508,0.1247542,0.9805451,True,0.2554947,1.848564,1.350274,Data_from_ARETT
1760985648006,True,True,0.05090033,1.680145,0.02653321,0.1515508,0.1247542,0.9805451,True,0.2554947,1.848564,1.350274,Data_from_ARETT
1760985648006,True,True,0.05090033,1.680145,0.02653321,0.1515508,0.1247542,0.9805451,True,0.2554947,1.848564,1.350274,Data_from_ARETT
1760985648040,True,True,0.0547155,1.679814,0.02552591,0.1821201,0.1240834,0.9754156,True,0.3005819,1.847329,1.34236,Data_from_ARETT
1760985648040,True,True,0.0547155,1.679814,0.02552591,0.1821201,0.1240834,0.9754156,True,0.3005819,1.847329,1.34236,Data_from_ARETT
1760985648040,True,True,0.0547155,1.679814,0.02552591,0.1821201,0.1240834,0.9754156,True,0.3005819,1.847329,1.34236,Data_from_ARETT
1760985648074,True,True,0.05816314,1.679389,0.02502702,0.2182688,0.1250532,0.9678432,True,0.3528237,1.84821,1.331605,Data_from_ARETT
1760985648074,True,True,0.05816314,1.679389,0.02502702,0.2182688,0.1250532,0.9678432,True,0.3528237,1.84821,1.331605,Data_from_ARETT
1760985648074,True,True,0.05816314,1.679389,0.02502702,0.2182688,0.1250532,0.9678432,True,0.3528237,1.84821,1.331605,Data_from_ARETT
1760985648109,True,True,0.06227774,1.678981,0.02394991,0.254767,0.1224817,0.9592143,True,0.4062309,1.84434,1.318956,Data_from_ARETT
1760985648109,True,True,0.06227774,1.678981,0.02394991,0.254767,0.1224817,0.9592143,True,0.4062309,1.84434,1.318956,Data_from_ARETT
1760985648109,True,True,0.06227774,1.678981,0.02394991,0.254767,0.1224817,0.9592143,True,0.4062309,1.84434,1.318956,Data_from_ARETT
1760985648142,True,True,0.06615263,1.678982,0.02253361,0.2876263,0.1226096,0.9498621,True,0.4544666,1.844512,1.304909,Data_from_ARETT
1760985648142,True,True,0.06615263,1.678982,0.02253361,0.2876263,0.1226096,0.9498621,True,0.4544666,1.844512,1.304909,Data_from_ARETT
1760985648142,True,True,0.06615263,1.678982,0.02253361,0.2876263,0.1226096,0.9498621,True,0.4544666,1.844512,1.304909,Data_from_ARETT
1760985648176,True,True,0.06965335,1.67829,0.02190913,0.3127724,0.1221515,0.9419408,True,0.4919212,1.843204,1.293605,Data_from_ARETT
1760985648176,True,True,0.06965335,1.67829,0.02190913,0.3127724,0.1221515,0.9419408,True,0.4919212,1.843204,1.293605,Data_from_ARETT
1760985648176,True,True,0.06965335,1.67829,0.02190913,0.3127724,0.1221515,0.9419408,True,0.4919212,1.843204,1.293605,Data_from_ARETT
1760985648210,True,True,0.07230884,1.677617,0.02185639,0.3290017,0.1222819,0.9363787,True,0.5164864,1.842707,1.28604,Data_from_ARETT
1760985648210,True,True,0.07230884,1.677617,0.02185639,0.3290017,0.1222819,0.9363787,True,0.5164864,1.842707,1.28604,Data_from_ARETT
1760985648210,True,True,0.07230884,1.677617,0.02185639,0.3290017,0.1222819,0.9363787,True,0.5164864,1.842707,1.28604,Data_from_ARETT
1760985648244,True,True,0.07388093,1.678092,0.02039554,0.3376341,0.1192816,0.933689,True,0.5297503,1.839144,1.281051,Data_from_ARETT
1760985648244,True,True,0.07388093,1.678092,0.02039554,0.3376341,0.1192816,0.933689,True,0.5297503,1.839144,1.281051,Data_from_ARETT
1760985648244,True,True,0.07388093,1.678092,0.02039554,0.3376341,0.1192816,0.933689,True,0.5297503,1.839144,1.281051,Data_from_ARETT
1760985648278,True,True,0.07474683,1.677935,0.01995793,0.3300616,0.1206707,0.9362147,True,0.5203757,1.840858,1.283977,Data_from_ARETT
1760985648278,True,True,0.07474683,1.677935,0.01995793,0.3300616,0.1206707,0.9362147,True,0.5203757,1.840858,1.283977,Data_from_ARETT
1760985648278,True,True,0.07474683,1.677935,0.01995793,0.3300616,0.1206707,0.9362147,True,0.5203757,1.840858,1.283977,Data_from_ARETT
1760985648313,True,True,0.07417119,1.678189,0.01939529,0.3165534,0.1225386,0.9406266,True,0.5015414,1.843625,1.28931,Data_from_ARETT
1760985648313,True,True,0.07417119,1.678189,0.01939529,0.3165534,0.1225386,0.9406266,True,0.5015414,1.843625,1.28931,Data_from_ARETT
1760985648313,True,True,0.07417119,1.678189,0.01939529,0.3165534,0.1225386,0.9406266,True,0.5015414,1.843625,1.28931,Data_from_ARETT
1760985648346,True,True,0.07305333,1.678057,0.0197042,0.300509,0.1258852,0.9454349,True,0.478991,1.848107,1.296829,Data_from_ARETT
1760985648346,True,True,0.07305333,1.678057,0.0197042,0.300509,0.1258852,0.9454349,True,0.478991,1.848107,1.296829,Data_from_ARETT
1760985648346,True,True,0.07305333,1.678057,0.0197042,0.300509,0.1258852,0.9454349,True,0.478991,1.848107,1.296829,Data_from_ARETT
1760985648380,True,True,0.07200449,1.678022,0.01976946,0.2875554,0.1280687,0.949163,False,0,0,0,Data_from_ARETT
1760985648380,True,True,0.07200449,1.678022,0.01976946,0.2875554,0.1280687,0.949163,False,0,0,0,Data_from_ARETT
1760985648380,True,True,0.07200449,1.678022,0.01976946,0.2875554,0.1280687,0.949163,False,0,0,0,Data_from_ARETT
1760985648415,True,True,0.07114848,1.678464,0.019141,0.2839845,0.1278023,0.9502733,True,0.4545034,1.850986,1.301929,Data_from_ARETT
1760985648415,True,True,0.07114848,1.678464,0.019141,0.2839845,0.1278023,0.9502733,True,0.4545034,1.850986,1.301929,Data_from_ARETT
1760985648415,True,True,0.07114848,1.678464,0.019141,0.2839845,0.1278023,0.9502733,True,0.4545034,1.850986,1.301929,Data_from_ARETT
1760985648449,True,True,0.07111713,1.678321,0.01931953,0.283843,0.1248838,0.9507035,True,0.4542267,1.846879,1.302506,Data_from_ARETT
1760985648449,True,True,0.07111713,1.678321,0.01931953,0.283843,0.1248838,0.9507035,True,0.4542267,1.846879,1.302506,Data_from_ARETT
1760985648449,True,True,0.07111713,1.678321,0.01931953,0.283843,0.1248838,0.9507035,True,0.4542267,1.846879,1.302506,Data_from_ARETT
1760985648483,True,True,0.07099916,1.678174,0.01943944,0.2857556,0.1241913,0.9502212,True,0.456775,1.845834,1.302257,Data_from_ARETT
1760985648483,True,True,0.07099916,1.678174,0.01943944,0.2857556,0.1241913,0.9502212,True,0.456775,1.845834,1.302257,Data_from_ARETT
1760985648483,True,True,0.07099916,1.678174,0.01943944,0.2857556,0.1241913,0.9502212,True,0.456775,1.845834,1.302257,Data_from_ARETT
1760985648517,True,True,0.07051885,1.677924,0.01991398,0.2870843,0.1211312,0.9502157,True,0.4581175,1.841466,1.302821,Data_from_ARETT
1760985648517,True,True,0.07051885,1.677924,0.01991398,0.2870843,0.1211312,0.9502157,True,0.4581175,1.841466,1.302821,Data_from_ARETT
1760985648517,True,True,0.07051885,1.677924,0.01991398,0.2870843,0.1211312,0.9502157,True,0.4581175,1.841466,1.302821,Data_from_ARETT
1760985648551,True,True,0.06963107,1.678162,0.0199879,0.2832983,0.1164875,0.9519311,True,0.4519888,1.835381,1.304775,Data_from_ARETT
1760985648551,True,True,0.06963107,1.678162,0.0199879,0.2832983,0.1164875,0.9519311,True,0.4519888,1.835381,1.304775,Data_from_ARETT
1760985648551,True,True,0.06963107,1.678162,0.0199879,0.2832983,0.1164875,0.9519311,True,0.4519888,1.835381,1.304775,Data_from_ARETT
1760985648585,True,True,0.0686258,1.677536,0.02075704,0.2748598,0.1173116,0.9543009,True,0.4397588,1.835937,1.309314,Data_from_ARETT
1760985648585,True,True,0.0686258,1.677536,0.02075704,0.2748598,0.1173116,0.9543009,True,0.4397588,1.835937,1.309314,Data_from_ARETT
1760985648585,True,True,0.0686258,1.677536,0.02075704,0.2748598,0.1173116,0.9543009,True,0.4397588,1.835937,1.309314,Data_from_ARETT
1760985648620,True,True,0.06667663,1.677728,0.02084061,0.2689258,0.1124311,0.9565762,True,0.429855,1.829564,1.312676,Data_from_ARETT
1760985648620,True,True,0.06667663,1.677728,0.02084061,0.2689258,0.1124311,0.9565762,True,0.429855,1.829564,1.312676,Data_from_ARETT
1760985648620,True,True,0.06667663,1.677728,0.02084061,0.2689258,0.1124311,0.9565762,True,0.429855,1.829564,1.312676,Data_from_ARETT
1760985648654,True,True,0.06564704,1.677523,0.02142765,0.2614766,0.1089199,0.9590446,True,0.4186977,1.824589,1.316348,Data_from_ARETT
1760985648654,True,True,0.06564704,1.677523,0.02142765,0.2614766,0.1089199,0.9590446,True,0.4186977,1.824589,1.316348,Data_from_ARETT
1760985648654,True,True,0.06564704,1.677523,0.02142765,0.2614766,0.1089199,0.9590446,True,0.4186977,1.824589,1.316348,Data_from_ARETT
1760985648688,True,True,0.06499472,1.677779,0.02209516,0.2509944,0.1115845,0.9615356,True,0.4039673,1.828475,1.320667,Data_from_ARETT
1760985648688,True,True,0.06499472,1.677779,0.02209516,0.2509944,0.1115845,0.9615356,True,0.4039673,1.828475,1.320667,Data_from_ARETT
1760985648688,True,True,0.06499472,1.677779,0.02209516,0.2509944,0.1115845,0.9615356,True,0.4039673,1.828475,1.320667,Data_from_ARETT
1760985648721,True,True,0.06326525,1.678395,0.021391,0.2425421,0.1137171,0.9634531,True,0.3907982,1.83196,1.322454,Data_from_ARETT
1760985648721,True,True,0.06326525,1.678395,0.021391,0.2425421,0.1137171,0.9634531,True,0.3907982,1.83196,1.322454,Data_from_ARETT
1760985648721,True,True,0.06326525,1.678395,0.021391,0.2425421,0.1137171,0.9634531,True,0.3907982,1.83196,1.322454,Data_from_ARETT
1760985648755,True,True,0.06214312,1.678141,0.02260058,0.2339446,0.1149376,0.9654322,True,0.3780247,1.833334,1.326167,Data_from_ARETT
1760985648755,True,True,0.06214312,1.678141,0.02260058,0.2339446,0.1149376,0.9654322,True,0.3780247,1.833334,1.326167,Data_from_ARETT
1760985648755,True,True,0.06214312,1.678141,0.02260058,0.2339446,0.1149376,0.9654322,True,0.3780247,1.833334,1.326167,Data_from_ARETT
1760985648790,True,True,0.06142478,1.67891,0.02176766,0.2283928,0.1196783,0.9661852,True,0.3697936,1.840496,1.326281,Data_from_ARETT
1760985648790,True,True,0.06142478,1.67891,0.02176766,0.2283928,0.1196783,0.9661852,True,0.3697936,1.840496,1.326281,Data_from_ARETT
1760985648790,True,True,0.06142478,1.67891,0.02176766,0.2283928,0.1196783,0.9661852,True,0.3697936,1.840496,1.326281,Data_from_ARETT
1760985648825,True,True,0.06097395,1.678789,0.02170289,0.2230638,0.1193366,0.9674716,True,0.3621505,1.839915,1.327965,Data_from_ARETT
1760985648825,True,True,0.06097395,1.678789,0.02170289,0.2230638,0.1193366,0.9674716,True,0.3621505,1.839915,1.327965,Data_from_ARETT
1760985648825,True,True,0.06097395,1.678789,0.02170289,0.2230638,0.1193366,0.9674716,True,0.3621505,1.839915,1.327965,Data_from_ARETT
1760985648859,True,True,0.06051206,1.678936,0.02144381,0.2160415,0.1191837,0.9690827,True,0.3522924,1.839903,1.330263,Data_from_ARETT
1760985648859,True,True,0.06051206,1.678936,0.02144381,0.2160415,0.1191837,0.9690827,True,0.3522924,1.839903,1.330263,Data_from_ARETT
1760985648859,True,True,0.06051206,1.678936,0.02144381,0.2160415,0.1191837,0.9690827,True,0.3522924,1.839903,1.330263,Data_from_ARETT
1760985648892,True,True,0.06009254,1.679055,0.02208062,0.2108528,0.1259127,0.9693746,True,0.3447357,1.849032,1.330699,Data_from_ARETT
1760985648892,True,True,0.06009254,1.679055,0.02208062,0.2108528,0.1259127,0.9693746,True,0.3447357,1.849032,1.330699,Data_from_ARETT
1760985648892,True,True,0.06009254,1.679055,0.02208062,0.2108528,0.1259127,0.9693746,True,0.3447357,1.849032,1.330699,Data_from_ARETT
1760985648927,True,True,0.059416,1.679804,0.02105187,0.2082995,0.1310968,0.9692394,False,0,0,0,Data_from_ARETT
1760985648927,True,True,0.059416,1.679804,0.02105187,0.2082995,0.1310968,0.9692394,False,0,0,0,Data_from_ARETT
1760985648927,True,True,0.059416,1.679804,0.02105187,0.2082995,0.1310968,0.9692394,False,0,0,0,Data_from_ARETT
1760985648961,True,True,0.05944322,1.679925,0.02049036,0.2030282,0.1331181,0.970082,False,0,0,0,Data_from_ARETT
1760985648961,True,True,0.05944322,1.679925,0.02049036,0.2030282,0.1331181,0.970082,False,0,0,0,Data_from_ARETT
1760985648961,True,True,0.05944322,1.679925,0.02049036,0.2030282,0.1331181,0.970082,False,0,0,0,Data_from_ARETT
1760985648996,True,True,0.05855013,1.679979,0.02071699,0.1949974,0.1376521,0.9710962,False,0,0,0,Data_from_ARETT
1760985648996,True,True,0.05855013,1.679979,0.02071699,0.1949974,0.1376521,0.9710962,False,0,0,0,Data_from_ARETT
1760985648996,True,True,0.05855013,1.679979,0.02071699,0.1949974,0.1376521,0.9710962,False,0,0,0,Data_from_ARETT
1760985649029,True,True,0.05792717,1.6797,0.02040205,0.1911006,0.1347549,0.9722766,False,0,0,0,Data_from_ARETT
1760985649029,True,True,0.05792717,1.6797,0.02040205,0.1911006,0.1347549,0.9722766,False,0,0,0,Data_from_ARETT
1760985649029,True,True,0.05792717,1.6797,0.02040205,0.1911006,0.1347549,0.9722766,False,0,0,0,Data_from_ARETT
1760985649064,True,True,0.05792289,1.679165,0.02031391,0.1872175,0.1271143,0.9740593,True,0.3106529,1.85076,1.335223,Data_from_ARETT
1760985649064,True,True,0.05792289,1.679165,0.02031391,0.1872175,0.1271143,0.9740593,True,0.3106529,1.85076,1.335223,Data_from_ARETT
1760985649064,True,True,0.05792289,1.679165,0.02031391,0.1872175,0.1271143,0.9740593,True,0.3106529,1.85076,1.335223,Data_from_ARETT
1760985649097,True,True,0.0573801,1.678157,0.0211853,0.1831502,0.1195067,0.9757941,True,0.3046649,1.839512,1.338678,Data_from_ARETT
1760985649097,True,True,0.0573801,1.678157,0.0211853,0.1831502,0.1195067,0.9757941,True,0.3046649,1.839512,1.338678,Data_from_ARETT
1760985649097,True,True,0.0573801,1.678157,0.0211853,0.1831502,0.1195067,0.9757941,True,0.3046649,1.839512,1.338678,Data_from_ARETT
1760985649132,True,True,0.05651208,1.677038,0.02138412,0.1799835,0.1061727,0.977923,True,0.299634,1.820457,1.342364,Data_from_ARETT
1760985649132,True,True,0.05651208,1.677038,0.02138412,0.1799835,0.1061727,0.977923,True,0.299634,1.820457,1.342364,Data_from_ARETT
1760985649132,True,True,0.05651208,1.677038,0.02138412,0.1799835,0.1061727,0.977923,True,0.299634,1.820457,1.342364,Data_from_ARETT
1760985649165,True,True,0.05655592,1.675606,0.02269642,0.1782136,0.08733637,0.9801083,False,0,0,0,Data_from_ARETT
1760985649165,True,True,0.05655592,1.675606,0.02269642,0.1782136,0.08733637,0.9801083,False,0,0,0,Data_from_ARETT
1760985649165,True,True,0.05655592,1.675606,0.02269642,0.1782136,0.08733637,0.9801083,False,0,0,0,Data_from_ARETT
1760985649201,True,True,0.05641145,1.674039,0.02466022,0.1771905,0.07472976,0.9813353,False,0,0,0,Data_from_ARETT
1760985649201,True,True,0.05641145,1.674039,0.02466022,0.1771905,0.07472976,0.9813353,False,0,0,0,Data_from_ARETT
1760985649201,True,True,0.05641145,1.674039,0.02466022,0.1771905,0.07472976,0.9813353,False,0,0,0,Data_from_ARETT
1760985649235,True,True,0.05635358,1.673214,0.0256367,0.1774306,0.05982609,0.9823132,False,0,0,0,Data_from_ARETT
1760985649235,True,True,0.05635358,1.673214,0.0256367,0.1774306,0.05982609,0.9823132,False,0,0,0,Data_from_ARETT
1760985649235,True,True,0.05635358,1.673214,0.0256367,0.1774306,0.05982609,0.9823132,False,0,0,0,Data_from_ARETT
1760985649269,True,True,0.05682532,1.672346,0.02694889,0.1798227,0.04582218,0.9826312,False,0,0,0,Data_from_ARETT
1760985649269,True,True,0.05682532,1.672346,0.02694889,0.1798227,0.04582218,0.9826312,False,0,0,0,Data_from_ARETT
1760985649269,True,True,0.05682532,1.672346,0.02694889,0.1798227,0.04582218,0.9826312,False,0,0,0,Data_from_ARETT
1760985649303,True,True,0.0567293,1.670921,0.02841343,0.1816338,0.03474521,0.9827522,False,0,0,0,Data_from_ARETT
1760985649303,True,True,0.0567293,1.670921,0.02841343,0.1816338,0.03474521,0.9827522,False,0,0,0,Data_from_ARETT
1760985649303,True,True,0.0567293,1.670921,0.02841343,0.1816338,0.03474521,0.9827522,False,0,0,0,Data_from_ARETT
1760985649336,True,True,0.05717899,1.669693,0.02907581,0.1847325,0.01627048,0.9826542,False,0,0,0,Data_from_ARETT
1760985649336,True,True,0.05717899,1.669693,0.02907581,0.1847325,0.01627048,0.9826542,False,0,0,0,Data_from_ARETT
1760985649336,True,True,0.05717899,1.669693,0.02907581,0.1847325,0.01627048,0.9826542,False,0,0,0,Data_from_ARETT
1760985649371,True,True,0.05777542,1.668574,0.03093312,0.1882049,-0.0001900336,0.9821298,False,0,0,0,Data_from_ARETT
1760985649371,True,True,0.05777542,1.668574,0.03093312,0.1882049,-0.0001900336,0.9821298,False,0,0,0,Data_from_ARETT
1760985649371,True,True,0.05777542,1.668574,0.03093312,0.1882049,-0.0001900336,0.9821298,False,0,0,0,Data_from_ARETT
1760985649405,True,True,0.05726175,1.667563,0.03292852,0.1887926,-0.003223029,0.9820117,False,0,0,0,Data_from_ARETT
1760985649405,True,True,0.05726175,1.667563,0.03292852,0.1887926,-0.003223029,0.9820117,False,0,0,0,Data_from_ARETT
1760985649405,True,True,0.05726175,1.667563,0.03292852,0.1887926,-0.003223029,0.9820117,False,0,0,0,Data_from_ARETT
1760985649439,True,True,0.05655729,1.667301,0.0324042,0.1896035,-0.01312901,0.981773,False,0,0,0,Data_from_ARETT
1760985649439,True,True,0.05655729,1.667301,0.0324042,0.1896035,-0.01312901,0.981773,False,0,0,0,Data_from_ARETT
1760985649439,True,True,0.05655729,1.667301,0.0324042,0.1896035,-0.01312901,0.981773,False,0,0,0,Data_from_ARETT
1760985649474,True,True,0.05718886,1.66592,0.03400271,0.1880248,-0.03264246,0.9816217,False,0,0,0,Data_from_ARETT
1760985649474,True,True,0.05718886,1.66592,0.03400271,0.1880248,-0.03264246,0.9816217,False,0,0,0,Data_from_ARETT
1760985649474,True,True,0.05718886,1.66592,0.03400271,0.1880248,-0.03264246,0.9816217,False,0,0,0,Data_from_ARETT
1760985649507,True,True,0.05652798,1.664795,0.03674833,0.1800847,-0.03640211,0.9829773,False,0,0,0,Data_from_ARETT
1760985649507,True,True,0.05652798,1.664795,0.03674833,0.1800847,-0.03640211,0.9829773,False,0,0,0,Data_from_ARETT
1760985649507,True,True,0.05652798,1.664795,0.03674833,0.1800847,-0.03640211,0.9829773,False,0,0,0,Data_from_ARETT
1760985649542,True,True,0.05509871,1.665523,0.03763456,0.1719673,-0.02979754,0.9846519,False,0,0,0,Data_from_ARETT
1760985649542,True,True,0.05509871,1.665523,0.03763456,0.1719673,-0.02979754,0.9846519,False,0,0,0,Data_from_ARETT
1760985649542,True,True,0.05509871,1.665523,0.03763456,0.1719673,-0.02979754,0.9846519,False,0,0,0,Data_from_ARETT
1760985649576,True,True,0.05470152,1.666567,0.03673843,0.1655886,-0.02969921,0.9857476,False,0,0,0,Data_from_ARETT
1760985649576,True,True,0.05470152,1.666567,0.03673843,0.1655886,-0.02969921,0.9857476,False,0,0,0,Data_from_ARETT
1760985649576,True,True,0.05470152,1.666567,0.03673843,0.1655886,-0.02969921,0.9857476,False,0,0,0,Data_from_ARETT
1760985649610,True,True,0.05384117,1.666183,0.03687945,0.1586109,-0.03092892,0.9868566,False,0,0,0,Data_from_ARETT
1760985649610,True,True,0.05384117,1.666183,0.03687945,0.1586109,-0.03092892,0.9868566,False,0,0,0,Data_from_ARETT
1760985649610,True,True,0.05384117,1.666183,0.03687945,0.1586109,-0.03092892,0.9868566,False,0,0,0,Data_from_ARETT
1760985649643,True,True,0.05250979,1.666035,0.03655142,0.1523394,-0.032924,0.9877797,False,0,0,0,Data_from_ARETT
1760985649643,True,True,0.05250979,1.666035,0.03655142,0.1523394,-0.032924,0.9877797,False,0,0,0,Data_from_ARETT
1760985649643,True,True,0.05250979,1.666035,0.03655142,0.1523394,-0.032924,0.9877797,False,0,0,0,Data_from_ARETT
1760985649678,True,True,0.05039124,1.665609,0.03609695,0.1388527,-0.03754956,0.9896009,False,0,0,0,Data_from_ARETT
1760985649678,True,True,0.05039124,1.665609,0.03609695,0.1388527,-0.03754956,0.9896009,False,0,0,0,Data_from_ARETT
1760985649678,True,True,0.05039124,1.665609,0.03609695,0.1388527,-0.03754956,0.9896009,False,0,0,0,Data_from_ARETT
1760985649713,True,True,0.04927322,1.664814,0.03600674,0.122603,-0.04414185,0.9914737,False,0,0,0,Data_from_ARETT
1760985649713,True,True,0.04927322,1.664814,0.03600674,0.122603,-0.04414185,0.9914737,False,0,0,0,Data_from_ARETT
1760985649713,True,True,0.04927322,1.664814,0.03600674,0.122603,-0.04414185,0.9914737,False,0,0,0,Data_from_ARETT
1760985649747,True,True,0.04686766,1.664107,0.03574071,0.1076596,-0.05088808,0.9928846,False,0,0,0,Data_from_ARETT
1760985649747,True,True,0.04686766,1.664107,0.03574071,0.1076596,-0.05088808,0.9928846,False,0,0,0,Data_from_ARETT
1760985649747,True,True,0.04686766,1.664107,0.03574071,0.1076596,-0.05088808,0.9928846,False,0,0,0,Data_from_ARETT
1760985649781,True,True,0.04500236,1.663637,0.03512672,0.09187967,-0.06432936,0.99369,False,0,0,0,Data_from_ARETT
1760985649781,True,True,0.04500236,1.663637,0.03512672,0.09187967,-0.06432936,0.99369,False,0,0,0,Data_from_ARETT
1760985649781,True,True,0.04500236,1.663637,0.03512672,0.09187967,-0.06432936,0.99369,False,0,0,0,Data_from_ARETT
1760985649814,True,True,0.04338285,1.662684,0.03612931,0.07788506,-0.07005125,0.9944983,False,0,0,0,Data_from_ARETT
1760985649814,True,True,0.04338285,1.662684,0.03612931,0.07788506,-0.07005125,0.9944983,False,0,0,0,Data_from_ARETT
1760985649814,True,True,0.04338285,1.662684,0.03612931,0.07788506,-0.07005125,0.9944983,False,0,0,0,Data_from_ARETT
1760985649849,True,True,0.04145993,1.662372,0.0364409,0.06197866,-0.06958939,0.9956485,False,0,0,0,Data_from_ARETT
1760985649849,True,True,0.04145993,1.662372,0.0364409,0.06197866,-0.06958939,0.9956485,False,0,0,0,Data_from_ARETT
1760985649849,True,True,0.04145993,1.662372,0.0364409,0.06197866,-0.06958939,0.9956485,False,0,0,0,Data_from_ARETT
1760985649883,True,True,0.03952136,1.662699,0.03481058,0.04615082,-0.07353719,0.996224,False,0,0,0,Data_from_ARETT
1760985649883,True,True,0.03952136,1.662699,0.03481058,0.04615082,-0.07353719,0.996224,False,0,0,0,Data_from_ARETT
1760985649883,True,True,0.03952136,1.662699,0.03481058,0.04615082,-0.07353719,0.996224,False,0,0,0,Data_from_ARETT
1760985649917,True,True,0.03822818,1.661873,0.03486493,0.0337829,-0.08428217,0.9958691,False,0,0,0,Data_from_ARETT
1760985649917,True,True,0.03822818,1.661873,0.03486493,0.0337829,-0.08428217,0.9958691,False,0,0,0,Data_from_ARETT
1760985649917,True,True,0.03822818,1.661873,0.03486493,0.0337829,-0.08428217,0.9958691,False,0,0,0,Data_from_ARETT
1760985649951,True,True,0.03677793,1.661123,0.03504069,0.01897945,-0.08932349,0.9958218,False,0,0,0,Data_from_ARETT
1760985649951,True,True,0.03677793,1.661123,0.03504069,0.01897945,-0.08932349,0.9958218,False,0,0,0,Data_from_ARETT
1760985649951,True,True,0.03677793,1.661123,0.03504069,0.01897945,-0.08932349,0.9958218,False,0,0,0,Data_from_ARETT
1760985649985,True,True,0.03413831,1.660575,0.03371549,0.006640805,-0.09573949,0.9953843,False,0,0,0,Data_from_ARETT
1760985649985,True,True,0.03413831,1.660575,0.03371549,0.006640805,-0.09573949,0.9953843,False,0,0,0,Data_from_ARETT
1760985649985,True,True,0.03413831,1.660575,0.03371549,0.006640805,-0.09573949,0.9953843,False,0,0,0,Data_from_ARETT
1760985650019,True,True,0.03332458,1.6597,0.03288164,-0.006467474,-0.1149961,0.9933449,False,0,0,0,Data_from_ARETT
1760985650019,True,True,0.03332458,1.6597,0.03288164,-0.006467474,-0.1149961,0.9933449,False,0,0,0,Data_from_ARETT
1760985650019,True,True,0.03332458,1.6597,0.03288164,-0.006467474,-0.1149961,0.9933449,False,0,0,0,Data_from_ARETT
1760985650053,True,True,0.03205658,1.658186,0.03505424,-0.01744765,-0.1186094,0.9927877,False,0,0,0,Data_from_ARETT
1760985650053,True,True,0.03205658,1.658186,0.03505424,-0.01744765,-0.1186094,0.9927877,False,0,0,0,Data_from_ARETT
1760985650053,True,True,0.03205658,1.658186,0.03505424,-0.01744765,-0.1186094,0.9927877,False,0,0,0,Data_from_ARETT
1760985650087,True,True,0.02981216,1.658908,0.03448826,-0.02078588,-0.1126491,0.9934174,False,0,0,0,Data_from_ARETT
1760985650087,True,True,0.02981216,1.658908,0.03448826,-0.02078588,-0.1126491,0.9934174,False,0,0,0,Data_from_ARETT
1760985650087,True,True,0.02981216,1.658908,0.03448826,-0.02078588,-0.1126491,0.9934174,False,0,0,0,Data_from_ARETT
1760985650121,True,True,0.02923667,1.658877,0.03344627,-0.02639618,-0.1172301,0.9927539,False,0,0,0,Data_from_ARETT
1760985650121,True,True,0.02923667,1.658877,0.03344627,-0.02639618,-0.1172301,0.9927539,False,0,0,0,Data_from_ARETT
1760985650121,True,True,0.02923667,1.658877,0.03344627,-0.02639618,-0.1172301,0.9927539,False,0,0,0,Data_from_ARETT
1760985650155,True,True,0.02872303,1.65769,0.03348787,-0.03239921,-0.1250255,0.9916244,False,0,0,0,Data_from_ARETT
1760985650155,True,True,0.02872303,1.65769,0.03348787,-0.03239921,-0.1250255,0.9916244,False,0,0,0,Data_from_ARETT
1760985650155,True,True,0.02872303,1.65769,0.03348787,-0.03239921,-0.1250255,0.9916244,False,0,0,0,Data_from_ARETT
1760985650189,True,True,0.02756887,1.657037,0.03154513,-0.04112903,-0.1385149,0.9895059,False,0,0,0,Data_from_ARETT
1760985650189,True,True,0.02756887,1.657037,0.03154513,-0.04112903,-0.1385149,0.9895059,False,0,0,0,Data_from_ARETT
1760985650189,True,True,0.02756887,1.657037,0.03154513,-0.04112903,-0.1385149,0.9895059,False,0,0,0,Data_from_ARETT
1760985650224,True,True,0.02545193,1.655693,0.03194594,-0.05714603,-0.1556252,0.9861618,False,0,0,0,Data_from_ARETT
1760985650224,True,True,0.02545193,1.655693,0.03194594,-0.05714603,-0.1556252,0.9861618,False,0,0,0,Data_from_ARETT
1760985650224,True,True,0.02545193,1.655693,0.03194594,-0.05714603,-0.1556252,0.9861618,False,0,0,0,Data_from_ARETT
1760985650258,True,True,0.02341753,1.655435,0.03213127,-0.07075658,-0.1491726,0.9862763,False,0,0,0,Data_from_ARETT
1760985650258,True,True,0.02341753,1.655435,0.03213127,-0.07075658,-0.1491726,0.9862763,False,0,0,0,Data_from_ARETT
1760985650258,True,True,0.02341753,1.655435,0.03213127,-0.07075658,-0.1491726,0.9862763,False,0,0,0,Data_from_ARETT
1760985650292,True,True,0.02244121,1.656511,0.03019461,-0.0872851,-0.148419,0.985065,False,0,0,0,Data_from_ARETT
1760985650292,True,True,0.02244121,1.656511,0.03019461,-0.0872851,-0.148419,0.985065,False,0,0,0,Data_from_ARETT
1760985650292,True,True,0.02244121,1.656511,0.03019461,-0.0872851,-0.148419,0.985065,False,0,0,0,Data_from_ARETT
1760985650326,True,True,0.02132628,1.656276,0.02913263,-0.1003296,-0.148189,0.9838567,False,0,0,0,Data_from_ARETT
1760985650326,True,True,0.02132628,1.656276,0.02913263,-0.1003296,-0.148189,0.9838567,False,0,0,0,Data_from_ARETT
1760985650326,True,True,0.02132628,1.656276,0.02913263,-0.1003296,-0.148189,0.9838567,False,0,0,0,Data_from_ARETT
1760985650360,True,True,0.02105733,1.656369,0.02755938,-0.1106947,-0.1542935,0.9818045,False,0,0,0,Data_from_ARETT
1760985650360,True,True,0.02105733,1.656369,0.02755938,-0.1106947,-0.1542935,0.9818045,False,0,0,0,Data_from_ARETT
1760985650360,True,True,0.02105733,1.656369,0.02755938,-0.1106947,-0.1542935,0.9818045,False,0,0,0,Data_from_ARETT
1760985650395,True,True,0.01934106,1.656605,0.02591929,-0.1322252,-0.1522915,0.9794508,False,0,0,0,Data_from_ARETT
1760985650395,True,True,0.01934106,1.656605,0.02591929,-0.1322252,-0.1522915,0.9794508,False,0,0,0,Data_from_ARETT
1760985650395,True,True,0.01934106,1.656605,0.02591929,-0.1322252,-0.1522915,0.9794508,False,0,0,0,Data_from_ARETT
1760985650428,True,True,0.01779544,1.657837,0.0238169,-0.1479807,-0.1367718,0.9794872,False,0,0,0,Data_from_ARETT
1760985650428,True,True,0.01779544,1.657837,0.0238169,-0.1479807,-0.1367718,0.9794872,False,0,0,0,Data_from_ARETT
1760985650428,True,True,0.01779544,1.657837,0.0238169,-0.1479807,-0.1367718,0.9794872,False,0,0,0,Data_from_ARETT
1760985650462,True,True,0.01779791,1.659335,0.02232711,-0.1603713,-0.1249545,0.9791156,False,0,0,0,Data_from_ARETT
1760985650462,True,True,0.01779791,1.659335,0.02232711,-0.1603713,-0.1249545,0.9791156,False,0,0,0,Data_from_ARETT
1760985650462,True,True,0.01779791,1.659335,0.02232711,-0.1603713,-0.1249545,0.9791156,False,0,0,0,Data_from_ARETT
1760985650496,True,True,0.01739847,1.660797,0.02051483,-0.1721366,-0.1083595,0.9790951,False,0,0,0,Data_from_ARETT
1760985650496,True,True,0.01739847,1.660797,0.02051483,-0.1721366,-0.1083595,0.9790951,False,0,0,0,Data_from_ARETT
1760985650496,True,True,0.01739847,1.660797,0.02051483,-0.1721366,-0.1083595,0.9790951,False,0,0,0,Data_from_ARETT
1760985650531,True,True,0.01647478,1.661489,0.01907085,-0.1824392,-0.09682173,0.9784383,False,0,0,0,Data_from_ARETT
1760985650531,True,True,0.01647478,1.661489,0.01907085,-0.1824392,-0.09682173,0.9784383,False,0,0,0,Data_from_ARETT
1760985650531,True,True,0.01647478,1.661489,0.01907085,-0.1824392,-0.09682173,0.9784383,False,0,0,0,Data_from_ARETT
1760985650565,True,True,0.01580698,1.662344,0.01756823,-0.1903784,-0.08963835,0.9776099,False,0,0,0,Data_from_ARETT
1760985650565,True,True,0.01580698,1.662344,0.01756823,-0.1903784,-0.08963835,0.9776099,False,0,0,0,Data_from_ARETT
1760985650565,True,True,0.01580698,1.662344,0.01756823,-0.1903784,-0.08963835,0.9776099,False,0,0,0,Data_from_ARETT
1760985650599,True,True,0.01557232,1.663418,0.01687814,-0.1977153,-0.08236921,0.9767927,False,0,0,0,Data_from_ARETT
1760985650599,True,True,0.01557232,1.663418,0.01687814,-0.1977153,-0.08236921,0.9767927,False,0,0,0,Data_from_ARETT
1760985650599,True,True,0.01557232,1.663418,0.01687814,-0.1977153,-0.08236921,0.9767927,False,0,0,0,Data_from_ARETT
1760985650632,True,True,0.01464818,1.664229,0.0170333,-0.2050064,-0.06398068,0.9766672,False,0,0,0,Data_from_ARETT
1760985650632,True,True,0.01464818,1.664229,0.0170333,-0.2050064,-0.06398068,0.9766672,False,0,0,0,Data_from_ARETT
1760985650632,True,True,0.01464818,1.664229,0.0170333,-0.2050064,-0.06398068,0.9766672,False,0,0,0,Data_from_ARETT
1760985650666,True,True,0.01424759,1.666063,0.01550431,-0.2116862,-0.04675189,0.9762188,False,0,0,0,Data_from_ARETT
1760985650666,True,True,0.01424759,1.666063,0.01550431,-0.2116862,-0.04675189,0.9762188,False,0,0,0,Data_from_ARETT
1760985650666,True,True,0.01424759,1.666063,0.01550431,-0.2116862,-0.04675189,0.9762188,False,0,0,0,Data_from_ARETT
1760985650700,True,True,0.01363401,1.666872,0.01452611,-0.2184555,-0.03522921,0.9752108,False,0,0,0,Data_from_ARETT
1760985650700,True,True,0.01363401,1.666872,0.01452611,-0.2184555,-0.03522921,0.9752108,False,0,0,0,Data_from_ARETT
1760985650700,True,True,0.01363401,1.666872,0.01452611,-0.2184555,-0.03522921,0.9752108,False,0,0,0,Data_from_ARETT
1760985650734,True,True,0.01384524,1.667737,0.01334121,-0.2263903,-0.03164396,0.9735225,False,0,0,0,Data_from_ARETT
1760985650734,True,True,0.01384524,1.667737,0.01334121,-0.2263903,-0.03164396,0.9735225,False,0,0,0,Data_from_ARETT
1760985650734,True,True,0.01384524,1.667737,0.01334121,-0.2263903,-0.03164396,0.9735225,False,0,0,0,Data_from_ARETT
1760985650768,True,True,0.01302842,1.667751,0.01359841,-0.2317821,-0.02442012,0.9724612,False,0,0,0,Data_from_ARETT
1760985650768,True,True,0.01302842,1.667751,0.01359841,-0.2317821,-0.02442012,0.9724612,False,0,0,0,Data_from_ARETT
1760985650768,True,True,0.01302842,1.667751,0.01359841,-0.2317821,-0.02442012,0.9724612,False,0,0,0,Data_from_ARETT
1760985650802,True,True,0.01220831,1.668249,0.01348466,-0.2338209,-0.01739146,0.9721242,False,0,0,0,Data_from_ARETT
1760985650802,True,True,0.01220831,1.668249,0.01348466,-0.2338209,-0.01739146,0.9721242,False,0,0,0,Data_from_ARETT
1760985650802,True,True,0.01220831,1.668249,0.01348466,-0.2338209,-0.01739146,0.9721242,False,0,0,0,Data_from_ARETT
1760985650837,True,True,0.01216935,1.669206,0.01246657,-0.2356788,-0.01230041,0.9717532,False,0,0,0,Data_from_ARETT
1760985650837,True,True,0.01216935,1.669206,0.01246657,-0.2356788,-0.01230041,0.9717532,False,0,0,0,Data_from_ARETT
1760985650837,True,True,0.01216935,1.669206,0.01246657,-0.2356788,-0.01230041,0.9717532,False,0,0,0,Data_from_ARETT
1760985650871,True,True,0.01166716,1.669216,0.01323216,-0.2377609,-0.006263662,0.9713035,False,0,0,0,Data_from_ARETT
1760985650871,True,True,0.01166716,1.669216,0.01323216,-0.2377609,-0.006263662,0.9713035,False,0,0,0,Data_from_ARETT
1760985650871,True,True,0.01166716,1.669216,0.01323216,-0.2377609,-0.006263662,0.9713035,False,0,0,0,Data_from_ARETT
1760985650905,True,True,0.01113661,1.669738,0.0130209,-0.2398123,0.0007522721,0.970819,False,0,0,0,Data_from_ARETT
1760985650905,True,True,0.01113661,1.669738,0.0130209,-0.2398123,0.0007522721,0.970819,False,0,0,0,Data_from_ARETT
1760985650905,True,True,0.01113661,1.669738,0.0130209,-0.2398123,0.0007522721,0.970819,False,0,0,0,Data_from_ARETT
1760985650939,True,True,0.01066098,1.669636,0.01275919,-0.2424401,0.001572052,0.9701651,False,0,0,0,Data_from_ARETT
1760985650939,True,True,0.01066098,1.669636,0.01275919,-0.2424401,0.001572052,0.9701651,False,0,0,0,Data_from_ARETT
1760985650939,True,True,0.01066098,1.669636,0.01275919,-0.2424401,0.001572052,0.9701651,False,0,0,0,Data_from_ARETT
1760985650973,True,True,0.01011496,1.670066,0.01268844,-0.244434,-0.001713944,0.9696644,False,0,0,0,Data_from_ARETT
1760985650973,True,True,0.01011496,1.670066,0.01268844,-0.244434,-0.001713944,0.9696644,False,0,0,0,Data_from_ARETT
1760985650973,True,True,0.01011496,1.670066,0.01268844,-0.244434,-0.001713944,0.9696644,False,0,0,0,Data_from_ARETT
1760985651008,True,True,0.009520861,1.670166,0.01353463,-0.2474469,0.006967068,0.9688764,False,0,0,0,Data_from_ARETT
1760985651008,True,True,0.009520861,1.670166,0.01353463,-0.2474469,0.006967068,0.9688764,False,0,0,0,Data_from_ARETT
1760985651008,True,True,0.009520861,1.670166,0.01353463,-0.2474469,0.006967068,0.9688764,False,0,0,0,Data_from_ARETT
1760985651041,True,True,0.009492097,1.670893,0.01310927,-0.2508945,0.01317848,0.9679247,False,0,0,0,Data_from_ARETT
1760985651041,True,True,0.009492097,1.670893,0.01310927,-0.2508945,0.01317848,0.9679247,False,0,0,0,Data_from_ARETT
1760985651041,True,True,0.009492097,1.670893,0.01310927,-0.2508945,0.01317848,0.9679247,False,0,0,0,Data_from_ARETT
1760985651076,True,True,0.009004675,1.67149,0.01294446,-0.2529307,0.01702038,0.9673347,False,0,0,0,Data_from_ARETT
1760985651076,True,True,0.009004675,1.67149,0.01294446,-0.2529307,0.01702038,0.9673347,False,0,0,0,Data_from_ARETT
1760985651076,True,True,0.009004675,1.67149,0.01294446,-0.2529307,0.01702038,0.9673347,False,0,0,0,Data_from_ARETT
1760985651110,True,True,0.008516666,1.671541,0.0141378,-0.2553088,0.02870106,0.9664335,False,0,0,0,Data_from_ARETT
1760985651110,True,True,0.008516666,1.671541,0.0141378,-0.2553088,0.02870106,0.9664335,False,0,0,0,Data_from_ARETT
1760985651110,True,True,0.008516666,1.671541,0.0141378,-0.2553088,0.02870106,0.9664335,False,0,0,0,Data_from_ARETT
1760985651143,True,True,0.008837985,1.672468,0.01287804,-0.2581904,0.03337207,0.9655175,False,0,0,0,Data_from_ARETT
1760985651143,True,True,0.008837985,1.672468,0.01287804,-0.2581904,0.03337207,0.9655175,False,0,0,0,Data_from_ARETT
1760985651143,True,True,0.008837985,1.672468,0.01287804,-0.2581904,0.03337207,0.9655175,False,0,0,0,Data_from_ARETT
1760985651177,True,True,0.008753833,1.672497,0.01271541,-0.2589985,0.03286976,0.9653183,False,0,0,0,Data_from_ARETT
1760985651177,True,True,0.008753833,1.672497,0.01271541,-0.2589985,0.03286976,0.9653183,False,0,0,0,Data_from_ARETT
1760985651177,True,True,0.008753833,1.672497,0.01271541,-0.2589985,0.03286976,0.9653183,False,0,0,0,Data_from_ARETT
1760985651212,True,True,0.008962561,1.672787,0.01274301,-0.2593435,0.03868992,0.9650099,False,0,0,0,Data_from_ARETT
1760985651212,True,True,0.008962561,1.672787,0.01274301,-0.2593435,0.03868992,0.9650099,False,0,0,0,Data_from_ARETT
1760985651212,True,True,0.008962561,1.672787,0.01274301,-0.2593435,0.03868992,0.9650099,False,0,0,0,Data_from_ARETT
1760985651245,True,True,0.008923239,1.672684,0.01273817,-0.2592809,0.04080413,0.9649396,False,0,0,0,Data_from_ARETT
1760985651245,True,True,0.008923239,1.672684,0.01273817,-0.2592809,0.04080413,0.9649396,False,0,0,0,Data_from_ARETT
1760985651245,True,True,0.008923239,1.672684,0.01273817,-0.2592809,0.04080413,0.9649396,False,0,0,0,Data_from_ARETT
1760985651279,True,True,0.008936628,1.672503,0.01297911,-0.2590941,0.04102232,0.9649805,False,0,0,0,Data_from_ARETT
1760985651279,True,True,0.008936628,1.672503,0.01297911,-0.2590941,0.04102232,0.9649805,False,0,0,0,Data_from_ARETT
1760985651279,True,True,0.008936628,1.672503,0.01297911,-0.2590941,0.04102232,0.9649805,False,0,0,0,Data_from_ARETT
1760985651314,True,True,0.009068039,1.672689,0.01281018,-0.2595298,0.04176461,0.9648316,False,0,0,0,Data_from_ARETT
1760985651314,True,True,0.009068039,1.672689,0.01281018,-0.2595298,0.04176461,0.9648316,False,0,0,0,Data_from_ARETT
1760985651314,True,True,0.009068039,1.672689,0.01281018,-0.2595298,0.04176461,0.9648316,False,0,0,0,Data_from_ARETT
1760985651348,True,True,0.00919852,1.672752,0.01253039,-0.260616,0.0421792,0.9645208,False,0,0,0,Data_from_ARETT
1760985651348,True,True,0.00919852,1.672752,0.01253039,-0.260616,0.0421792,0.9645208,False,0,0,0,Data_from_ARETT
1760985651348,True,True,0.00919852,1.672752,0.01253039,-0.260616,0.0421792,0.9645208,False,0,0,0,Data_from_ARETT
1760985651381,True,True,0.009155594,1.67262,0.01247286,-0.2610316,0.03966216,0.9645151,False,0,0,0,Data_from_ARETT
1760985651381,True,True,0.009155594,1.67262,0.01247286,-0.2610316,0.03966216,0.9645151,False,0,0,0,Data_from_ARETT
1760985651381,True,True,0.009155594,1.67262,0.01247286,-0.2610316,0.03966216,0.9645151,False,0,0,0,Data_from_ARETT
1760985651416,True,True,0.009077611,1.672416,0.01285669,-0.2610879,0.04079074,0.9644528,False,0,0,0,Data_from_ARETT
1760985651416,True,True,0.009077611,1.672416,0.01285669,-0.2610879,0.04079074,0.9644528,False,0,0,0,Data_from_ARETT
1760985651416,True,True,0.009077611,1.672416,0.01285669,-0.2610879,0.04079074,0.9644528,False,0,0,0,Data_from_ARETT
1760985651449,True,True,0.009179413,1.672418,0.01256538,-0.2610032,0.04145302,0.9644475,False,0,0,0,Data_from_ARETT
1760985651449,True,True,0.009179413,1.672418,0.01256538,-0.2610032,0.04145302,0.9644475,False,0,0,0,Data_from_ARETT
1760985651449,True,True,0.009179413,1.672418,0.01256538,-0.2610032,0.04145302,0.9644475,False,0,0,0,Data_from_ARETT
1760985651484,True,True,0.009216965,1.672506,0.01243055,-0.2613406,0.04024795,0.9644071,False,0,0,0,Data_from_ARETT
1760985651484,True,True,0.009216965,1.672506,0.01243055,-0.2613406,0.04024795,0.9644071,False,0,0,0,Data_from_ARETT
1760985651484,True,True,0.009216965,1.672506,0.01243055,-0.2613406,0.04024795,0.9644071,False,0,0,0,Data_from_ARETT
1760985651518,True,True,0.00934006,1.67281,0.01197105,-0.261601,0.03922357,0.9643788,False,0,0,0,Data_from_ARETT
1760985651518,True,True,0.00934006,1.67281,0.01197105,-0.261601,0.03922357,0.9643788,False,0,0,0,Data_from_ARETT
1760985651518,True,True,0.00934006,1.67281,0.01197105,-0.261601,0.03922357,0.9643788,False,0,0,0,Data_from_ARETT
1760985651552,True,True,0.009233741,1.672473,0.01239963,-0.2615382,0.04030648,0.9643512,False,0,0,0,Data_from_ARETT
1760985651552,True,True,0.009233741,1.672473,0.01239963,-0.2615382,0.04030648,0.9643512,False,0,0,0,Data_from_ARETT
1760985651552,True,True,0.009233741,1.672473,0.01239963,-0.2615382,0.04030648,0.9643512,False,0,0,0,Data_from_ARETT
1760985651585,True,True,0.009193391,1.672406,0.01245689,-0.2612997,0.04015233,0.9644222,False,0,0,0,Data_from_ARETT
1760985651585,True,True,0.009193391,1.672406,0.01245689,-0.2612997,0.04015233,0.9644222,False,0,0,0,Data_from_ARETT
1760985651585,True,True,0.009193391,1.672406,0.01245689,-0.2612997,0.04015233,0.9644222,False,0,0,0,Data_from_ARETT
1760985651620,True,True,0.009138071,1.672534,0.01233926,-0.2604852,0.03847408,0.964711,False,0,0,0,Data_from_ARETT
1760985651620,True,True,0.009138071,1.672534,0.01233926,-0.2604852,0.03847408,0.964711,False,0,0,0,Data_from_ARETT
1760985651620,True,True,0.009138071,1.672534,0.01233926,-0.2604852,0.03847408,0.964711,False,0,0,0,Data_from_ARETT
1760985651654,True,True,0.009317555,1.672256,0.01279573,-0.260221,0.03940511,0.9647447,False,0,0,0,Data_from_ARETT
1760985651654,True,True,0.009317555,1.672256,0.01279573,-0.260221,0.03940511,0.9647447,False,0,0,0,Data_from_ARETT
1760985651654,True,True,0.009317555,1.672256,0.01279573,-0.260221,0.03940511,0.9647447,False,0,0,0,Data_from_ARETT
1760985651688,True,True,0.009254799,1.672328,0.01246403,-0.2597586,0.03911785,0.9648809,False,0,0,0,Data_from_ARETT
1760985651688,True,True,0.009254799,1.672328,0.01246403,-0.2597586,0.03911785,0.9648809,False,0,0,0,Data_from_ARETT
1760985651688,True,True,0.009254799,1.672328,0.01246403,-0.2597586,0.03911785,0.9648809,False,0,0,0,Data_from_ARETT
1760985651722,True,True,0.009240015,1.672253,0.01245691,-0.2595406,0.03730318,0.9650115,False,0,0,0,Data_from_ARETT
1760985651722,True,True,0.009240015,1.672253,0.01245691,-0.2595406,0.03730318,0.9650115,False,0,0,0,Data_from_ARETT
1760985651722,True,True,0.009240015,1.672253,0.01245691,-0.2595406,0.03730318,0.9650115,False,0,0,0,Data_from_ARETT
1760985651756,True,True,0.009167919,1.672312,0.01245692,-0.2598154,0.037892,0.9649146,False,0,0,0,Data_from_ARETT
1760985651756,True,True,0.009167919,1.672312,0.01245692,-0.2598154,0.037892,0.9649146,False,0,0,0,Data_from_ARETT
1760985651756,True,True,0.009167919,1.672312,0.01245692,-0.2598154,0.037892,0.9649146,False,0,0,0,Data_from_ARETT
1760985651791,True,True,0.009174204,1.672443,0.01238128,-0.2603053,0.03899023,0.9647388,False,0,0,0,Data_from_ARETT
1760985651791,True,True,0.009174204,1.672443,0.01238128,-0.2603053,0.03899023,0.9647388,False,0,0,0,Data_from_ARETT
1760985651791,True,True,0.009174204,1.672443,0.01238128,-0.2603053,0.03899023,0.9647388,False,0,0,0,Data_from_ARETT
1760985651825,True,True,0.008654691,1.672394,0.01268141,-0.2619847,0.04271844,0.9641261,False,0,0,0,Data_from_ARETT
1760985651825,True,True,0.008654691,1.672394,0.01268141,-0.2619847,0.04271844,0.9641261,False,0,0,0,Data_from_ARETT
1760985651825,True,True,0.008654691,1.672394,0.01268141,-0.2619847,0.04271844,0.9641261,False,0,0,0,Data_from_ARETT
1760985651859,True,True,0.009026903,1.672911,0.01175068,-0.2646431,0.04310978,0.9633824,False,0,0,0,Data_from_ARETT
1760985651859,True,True,0.009026903,1.672911,0.01175068,-0.2646431,0.04310978,0.9633824,False,0,0,0,Data_from_ARETT
1760985651859,True,True,0.009026903,1.672911,0.01175068,-0.2646431,0.04310978,0.9633824,False,0,0,0,Data_from_ARETT
1760985651893,True,True,0.008630844,1.672879,0.01199182,-0.2675658,0.04200303,0.9626237,False,0,0,0,Data_from_ARETT
1760985651893,True,True,0.008630844,1.672879,0.01199182,-0.2675658,0.04200303,0.9626237,False,0,0,0,Data_from_ARETT
1760985651893,True,True,0.008630844,1.672879,0.01199182,-0.2675658,0.04200303,0.9626237,False,0,0,0,Data_from_ARETT
1760985651927,True,True,0.008196631,1.673146,0.01199189,-0.2712387,0.0503569,0.9611939,False,0,0,0,Data_from_ARETT
1760985651927,True,True,0.008196631,1.673146,0.01199189,-0.2712387,0.0503569,0.9611939,False,0,0,0,Data_from_ARETT
1760985651927,True,True,0.008196631,1.673146,0.01199189,-0.2712387,0.0503569,0.9611939,False,0,0,0,Data_from_ARETT
1760985651960,True,True,0.008235807,1.673639,0.01097196,-0.2750621,0.05338986,0.9599429,False,0,0,0,Data_from_ARETT
1760985651960,True,True,0.008235807,1.673639,0.01097196,-0.2750621,0.05338986,0.9599429,False,0,0,0,Data_from_ARETT
1760985651960,True,True,0.008235807,1.673639,0.01097196,-0.2750621,0.05338986,0.9599429,False,0,0,0,Data_from_ARETT
1760985651994,True,True,0.008198156,1.673812,0.01059015,-0.2789971,0.05738473,0.9585758,False,0,0,0,Data_from_ARETT
1760985651994,True,True,0.008198156,1.673812,0.01059015,-0.2789971,0.05738473,0.9585758,False,0,0,0,Data_from_ARETT
1760985651994,True,True,0.008198156,1.673812,0.01059015,-0.2789971,0.05738473,0.9585758,False,0,0,0,Data_from_ARETT
1760985652029,True,True,0.008036315,1.674212,0.01013161,-0.2814735,0.06045659,0.9576626,False,0,0,0,Data_from_ARETT
1760985652029,True,True,0.008036315,1.674212,0.01013161,-0.2814735,0.06045659,0.9576626,False,0,0,0,Data_from_ARETT
1760985652029,True,True,0.008036315,1.674212,0.01013161,-0.2814735,0.06045659,0.9576626,False,0,0,0,Data_from_ARETT
1760985652062,True,True,0.007861692,1.674513,0.01021127,-0.2830707,0.06599254,0.956826,False,0,0,0,Data_from_ARETT
1760985652062,True,True,0.007861692,1.674513,0.01021127,-0.2830707,0.06599254,0.956826,False,0,0,0,Data_from_ARETT
1760985652062,True,True,0.007861692,1.674513,0.01021127,-0.2830707,0.06599254,0.956826,False,0,0,0,Data_from_ARETT
1760985652097,True,True,0.008098794,1.675194,0.009495529,-0.2845733,0.07229421,0.9559245,False,0,0,0,Data_from_ARETT
1760985652097,True,True,0.008098794,1.675194,0.009495529,-0.2845733,0.07229421,0.9559245,False,0,0,0,Data_from_ARETT
1760985652097,True,True,0.008098794,1.675194,0.009495529,-0.2845733,0.07229421,0.9559245,False,0,0,0,Data_from_ARETT
1760985652131,True,True,0.008366633,1.675674,0.008903984,-0.2851559,0.07534229,0.9555154,False,0,0,0,Data_from_ARETT
1760985652131,True,True,0.008366633,1.675674,0.008903984,-0.2851559,0.07534229,0.9555154,False,0,0,0,Data_from_ARETT
1760985652131,True,True,0.008366633,1.675674,0.008903984,-0.2851559,0.07534229,0.9555154,False,0,0,0,Data_from_ARETT
1760985652166,True,True,0.008524477,1.675888,0.008766858,-0.2855651,0.07801383,0.9551787,False,0,0,0,Data_from_ARETT
1760985652166,True,True,0.008524477,1.675888,0.008766858,-0.2855651,0.07801383,0.9551787,False,0,0,0,Data_from_ARETT
1760985652166,True,True,0.008524477,1.675888,0.008766858,-0.2855651,0.07801383,0.9551787,False,0,0,0,Data_from_ARETT
1760985652199,True,True,0.008667833,1.67596,0.008625278,-0.286918,0.08268607,0.9543799,False,0,0,0,Data_from_ARETT
1760985652199,True,True,0.008667833,1.67596,0.008625278,-0.286918,0.08268607,0.9543799,False,0,0,0,Data_from_ARETT
1760985652199,True,True,0.008667833,1.67596,0.008625278,-0.286918,0.08268607,0.9543799,False,0,0,0,Data_from_ARETT
1760985652234,True,True,0.008821703,1.676233,0.008006477,-0.2880881,0.08363103,0.953945,False,0,0,0,Data_from_ARETT
1760985652234,True,True,0.008821703,1.676233,0.008006477,-0.2880881,0.08363103,0.953945,False,0,0,0,Data_from_ARETT
1760985652234,True,True,0.008821703,1.676233,0.008006477,-0.2880881,0.08363103,0.953945,False,0,0,0,Data_from_ARETT
1760985652268,True,True,0.008913372,1.676435,0.008067948,-0.2884164,0.08463954,0.9537569,False,0,0,0,Data_from_ARETT
1760985652268,True,True,0.008913372,1.676435,0.008067948,-0.2884164,0.08463954,0.9537569,False,0,0,0,Data_from_ARETT
1760985652268,True,True,0.008913372,1.676435,0.008067948,-0.2884164,0.08463954,0.9537569,False,0,0,0,Data_from_ARETT
1760985652302,True,True,0.008964808,1.676868,0.008186877,-0.2899286,0.09242872,0.9525746,False,0,0,0,Data_from_ARETT
1760985652302,True,True,0.008964808,1.676868,0.008186877,-0.2899286,0.09242872,0.9525746,False,0,0,0,Data_from_ARETT
1760985652302,True,True,0.008964808,1.676868,0.008186877,-0.2899286,0.09242872,0.9525746,False,0,0,0,Data_from_ARETT
1760985652336,True,True,0.009169836,1.677084,0.007860701,-0.291714,0.09572518,0.9517035,False,0,0,0,Data_from_ARETT
1760985652336,True,True,0.009169836,1.677084,0.007860701,-0.291714,0.09572518,0.9517035,False,0,0,0,Data_from_ARETT
1760985652336,True,True,0.009169836,1.677084,0.007860701,-0.291714,0.09572518,0.9517035,False,0,0,0,Data_from_ARETT
1760985652370,True,True,0.009279059,1.677415,0.007552905,-0.2928607,0.09749459,0.9511716,False,0,0,0,Data_from_ARETT
1760985652370,True,True,0.009279059,1.677415,0.007552905,-0.2928607,0.09749459,0.9511716,False,0,0,0,Data_from_ARETT
1760985652370,True,True,0.009279059,1.677415,0.007552905,-0.2928607,0.09749459,0.9511716,False,0,0,0,Data_from_ARETT
1760985652403,True,True,0.008891378,1.677872,0.007992189,-0.2939847,0.1022587,0.9503242,True,-0.3968851,1.819016,1.319691,Data_from_ARETT
1760985652403,True,True,0.008891378,1.677872,0.007992189,-0.2939847,0.1022587,0.9503242,True,-0.3968851,1.819016,1.319691,Data_from_ARETT
1760985652403,True,True,0.008891378,1.677872,0.007992189,-0.2939847,0.1022587,0.9503242,True,-0.3968851,1.819016,1.319691,Data_from_ARETT
1760985652438,True,True,0.008766782,1.678368,0.008411251,-0.2979056,0.1152427,0.9476135,True,-0.3935157,1.833988,1.288039,Data_from_ARETT
1760985652438,True,True,0.008766782,1.678368,0.008411251,-0.2979056,0.1152427,0.9476135,True,-0.3935157,1.833988,1.288039,Data_from_ARETT
1760985652438,True,True,0.008766782,1.678368,0.008411251,-0.2979056,0.1152427,0.9476135,True,-0.3935157,1.833988,1.288039,Data_from_ARETT
1760985652471,True,True,0.009204074,1.678975,0.007376031,-0.3019014,0.1177732,0.9460365,True,-0.398442,1.838,1.284773,Data_from_ARETT
1760985652471,True,True,0.009204074,1.678975,0.007376031,-0.3019014,0.1177732,0.9460365,True,-0.398442,1.838,1.284773,Data_from_ARETT
1760985652471,True,True,0.009204074,1.678975,0.007376031,-0.3019014,0.1177732,0.9460365,True,-0.398442,1.838,1.284773,Data_from_ARETT
1760985652506,True,True,0.009154432,1.679328,0.007229947,-0.3035434,0.1177204,0.9455175,True,-0.4007091,1.838281,1.283927,Data_from_ARETT
1760985652506,True,True,0.009154432,1.679328,0.007229947,-0.3035434,0.1177204,0.9455175,True,-0.4007091,1.838281,1.283927,Data_from_ARETT
1760985652506,True,True,0.009154432,1.679328,0.007229947,-0.3035434,0.1177204,0.9455175,True,-0.4007091,1.838281,1.283927,Data_from_ARETT
1760985652541,True,True,0.008713051,1.679549,0.008615931,-0.3050635,0.1260211,0.9439571,True,-0.4031157,1.849675,1.282936,Data_from_ARETT
1760985652541,True,True,0.008713051,1.679549,0.008615931,-0.3050635,0.1260211,0.9439571,True,-0.4031157,1.849675,1.282936,Data_from_ARETT
1760985652541,True,True,0.008713051,1.679549,0.008615931,-0.3050635,0.1260211,0.9439571,True,-0.4031157,1.849675,1.282936,Data_from_ARETT
1760985652574,True,True,0.008721002,1.680772,0.007626818,-0.3066985,0.1362596,0.9420028,False,0,0,0,Data_from_ARETT
1760985652574,True,True,0.008721002,1.680772,0.007626818,-0.3066985,0.1362596,0.9420028,False,0,0,0,Data_from_ARETT
1760985652574,True,True,0.008721002,1.680772,0.007626818,-0.3066985,0.1362596,0.9420028,False,0,0,0,Data_from_ARETT
1760985652609,True,True,0.009236846,1.681135,0.00763088,-0.3072259,0.1398948,0.9412979,False,0,0,0,Data_from_ARETT
1760985652609,True,True,0.009236846,1.681135,0.00763088,-0.3072259,0.1398948,0.9412979,False,0,0,0,Data_from_ARETT
1760985652609,True,True,0.009236846,1.681135,0.00763088,-0.3072259,0.1398948,0.9412979,False,0,0,0,Data_from_ARETT
1760985652642,True,True,0.009328684,1.681649,0.007979349,-0.3073222,0.1457067,0.9403843,False,0,0,0,Data_from_ARETT
1760985652642,True,True,0.009328684,1.681649,0.007979349,-0.3073222,0.1457067,0.9403843,False,0,0,0,Data_from_ARETT
1760985652642,True,True,0.009328684,1.681649,0.007979349,-0.3073222,0.1457067,0.9403843,False,0,0,0,Data_from_ARETT
1760985652676,True,True,0.009182492,1.681766,0.008592961,-0.3076404,0.1554895,0.9387121,False,0,0,0,Data_from_ARETT
1760985652676,True,True,0.009182492,1.681766,0.008592961,-0.3076404,0.1554895,0.9387121,False,0,0,0,Data_from_ARETT
1760985652676,True,True,0.009182492,1.681766,0.008592961,-0.3076404,0.1554895,0.9387121,False,0,0,0,Data_from_ARETT
1760985652711,True,True,0.009908438,1.682485,0.007366386,-0.3077258,0.1583038,0.9382136,False,0,0,0,Data_from_ARETT
1760985652711,True,True,0.009908438,1.682485,0.007366386,-0.3077258,0.1583038,0.9382136,False,0,0,0,Data_from_ARETT
1760985652711,True,True,0.009908438,1.682485,0.007366386,-0.3077258,0.1583038,0.9382136,False,0,0,0,Data_from_ARETT
1760985652745,True,True,0.01017319,1.682461,0.008150682,-0.306309,0.1640991,0.9376813,False,0,0,0,Data_from_ARETT
1760985652745,True,True,0.01017319,1.682461,0.008150682,-0.306309,0.1640991,0.9376813,False,0,0,0,Data_from_ARETT
1760985652745,True,True,0.01017319,1.682461,0.008150682,-0.306309,0.1640991,0.9376813,False,0,0,0,Data_from_ARETT
1760985652779,True,True,0.01077864,1.682845,0.007703977,-0.305634,0.1649252,0.9377567,False,0,0,0,Data_from_ARETT
1760985652779,True,True,0.01077864,1.682845,0.007703977,-0.305634,0.1649252,0.9377567,False,0,0,0,Data_from_ARETT
1760985652779,True,True,0.01077864,1.682845,0.007703977,-0.305634,0.1649252,0.9377567,False,0,0,0,Data_from_ARETT
1760985652813,True,True,0.01089588,1.683054,0.007561389,-0.3046469,0.1666221,0.9377779,False,0,0,0,Data_from_ARETT
1760985652813,True,True,0.01089588,1.683054,0.007561389,-0.3046469,0.1666221,0.9377779,False,0,0,0,Data_from_ARETT
1760985652813,True,True,0.01089588,1.683054,0.007561389,-0.3046469,0.1666221,0.9377779,False,0,0,0,Data_from_ARETT
1760985652847,True,True,0.01121939,1.68289,0.007788613,-0.3041127,0.1653219,0.9381813,False,0,0,0,Data_from_ARETT
1760985652847,True,True,0.01121939,1.68289,0.007788613,-0.3041127,0.1653219,0.9381813,False,0,0,0,Data_from_ARETT
1760985652847,True,True,0.01121939,1.68289,0.007788613,-0.3041127,0.1653219,0.9381813,False,0,0,0,Data_from_ARETT
1760985652881,True,True,0.01145054,1.68274,0.008024989,-0.3046553,0.1647945,0.938098,False,0,0,0,Data_from_ARETT
1760985652881,True,True,0.01145054,1.68274,0.008024989,-0.3046553,0.1647945,0.938098,False,0,0,0,Data_from_ARETT
1760985652881,True,True,0.01145054,1.68274,0.008024989,-0.3046553,0.1647945,0.938098,False,0,0,0,Data_from_ARETT
1760985652914,True,True,0.01147479,1.682799,0.007784484,-0.3048369,0.1641953,0.9381441,False,0,0,0,Data_from_ARETT
1760985652914,True,True,0.01147479,1.682799,0.007784484,-0.3048369,0.1641953,0.9381441,False,0,0,0,Data_from_ARETT
1760985652914,True,True,0.01147479,1.682799,0.007784484,-0.3048369,0.1641953,0.9381441,False,0,0,0,Data_from_ARETT
1760985652949,True,True,0.01137077,1.682542,0.00819589,-0.3051065,0.1634973,0.9381784,False,0,0,0,Data_from_ARETT
1760985652949,True,True,0.01137077,1.682542,0.00819589,-0.3051065,0.1634973,0.9381784,False,0,0,0,Data_from_ARETT
1760985652949,True,True,0.01137077,1.682542,0.00819589,-0.3051065,0.1634973,0.9381784,False,0,0,0,Data_from_ARETT
1760985652983,True,True,0.01172743,1.68245,0.008034304,-0.3050741,0.1628736,0.9382974,False,0,0,0,Data_from_ARETT
1760985652983,True,True,0.01172743,1.68245,0.008034304,-0.3050741,0.1628736,0.9382974,False,0,0,0,Data_from_ARETT
1760985652983,True,True,0.01172743,1.68245,0.008034304,-0.3050741,0.1628736,0.9382974,False,0,0,0,Data_from_ARETT
1760985653017,True,True,0.01172715,1.682324,0.008041877,-0.3050026,0.1604713,0.9387345,False,0,0,0,Data_from_ARETT
1760985653017,True,True,0.01172715,1.682324,0.008041877,-0.3050026,0.1604713,0.9387345,False,0,0,0,Data_from_ARETT
1760985653017,True,True,0.01172715,1.682324,0.008041877,-0.3050026,0.1604713,0.9387345,False,0,0,0,Data_from_ARETT
1760985653051,True,True,0.01173305,1.682127,0.008308226,-0.3053485,0.1582664,0.9389963,False,0,0,0,Data_from_ARETT
1760985653051,True,True,0.01173305,1.682127,0.008308226,-0.3053485,0.1582664,0.9389963,False,0,0,0,Data_from_ARETT
1760985653051,True,True,0.01173305,1.682127,0.008308226,-0.3053485,0.1582664,0.9389963,False,0,0,0,Data_from_ARETT
1760985653085,True,True,0.01150431,1.682006,0.008457716,-0.3050467,0.1575325,0.9392177,False,0,0,0,Data_from_ARETT
1760985653085,True,True,0.01150431,1.682006,0.008457716,-0.3050467,0.1575325,0.9392177,False,0,0,0,Data_from_ARETT
1760985653085,True,True,0.01150431,1.682006,0.008457716,-0.3050467,0.1575325,0.9392177,False,0,0,0,Data_from_ARETT
1760985653119,True,True,0.01162543,1.681945,0.008439094,-0.3050284,0.1568433,0.939339,False,0,0,0,Data_from_ARETT
1760985653119,True,True,0.01162543,1.681945,0.008439094,-0.3050284,0.1568433,0.939339,False,0,0,0,Data_from_ARETT
1760985653119,True,True,0.01162543,1.681945,0.008439094,-0.3050284,0.1568433,0.939339,False,0,0,0,Data_from_ARETT
1760985653153,True,True,0.01148355,1.681688,0.008739213,-0.3047944,0.155347,0.9396636,False,0,0,0,Data_from_ARETT
1760985653153,True,True,0.01148355,1.681688,0.008739213,-0.3047944,0.155347,0.9396636,False,0,0,0,Data_from_ARETT
1760985653153,True,True,0.01148355,1.681688,0.008739213,-0.3047944,0.155347,0.9396636,False,0,0,0,Data_from_ARETT
1760985653187,True,True,0.0114899,1.681545,0.008898503,-0.3044309,0.1538992,0.9400196,False,0,0,0,Data_from_ARETT
1760985653187,True,True,0.0114899,1.681545,0.008898503,-0.3044309,0.1538992,0.9400196,False,0,0,0,Data_from_ARETT
1760985653187,True,True,0.0114899,1.681545,0.008898503,-0.3044309,0.1538992,0.9400196,False,0,0,0,Data_from_ARETT
1760985653221,True,True,0.0113745,1.681351,0.008987937,-0.3046557,0.1523626,0.9401971,False,0,0,0,Data_from_ARETT
1760985653221,True,True,0.0113745,1.681351,0.008987937,-0.3046557,0.1523626,0.9401971,False,0,0,0,Data_from_ARETT
1760985653221,True,True,0.0113745,1.681351,0.008987937,-0.3046557,0.1523626,0.9401971,False,0,0,0,Data_from_ARETT
1760985653255,True,True,0.0110408,1.681221,0.009386544,-0.3046444,0.1499717,0.9405851,False,0,0,0,Data_from_ARETT
1760985653255,True,True,0.0110408,1.681221,0.009386544,-0.3046444,0.1499717,0.9405851,False,0,0,0,Data_from_ARETT
1760985653255,True,True,0.0110408,1.681221,0.009386544,-0.3046444,0.1499717,0.9405851,False,0,0,0,Data_from_ARETT
1760985653289,True,True,0.01113748,1.681187,0.009560341,-0.3042822,0.149701,0.9407454,False,0,0,0,Data_from_ARETT
1760985653289,True,True,0.01113748,1.681187,0.009560341,-0.3042822,0.149701,0.9407454,False,0,0,0,Data_from_ARETT
1760985653289,True,True,0.01113748,1.681187,0.009560341,-0.3042822,0.149701,0.9407454,False,0,0,0,Data_from_ARETT
1760985653324,True,True,0.01084488,1.681118,0.01005899,-0.3042095,0.1499677,0.9407265,False,0,0,0,Data_from_ARETT
1760985653324,True,True,0.01084488,1.681118,0.01005899,-0.3042095,0.1499677,0.9407265,False,0,0,0,Data_from_ARETT
1760985653324,True,True,0.01084488,1.681118,0.01005899,-0.3042095,0.1499677,0.9407265,False,0,0,0,Data_from_ARETT
1760985653358,True,True,0.01078729,1.681328,0.009697454,-0.3038939,0.1504863,0.9407457,False,0,0,0,Data_from_ARETT
1760985653358,True,True,0.01078729,1.681328,0.009697454,-0.3038939,0.1504863,0.9407457,False,0,0,0,Data_from_ARETT
1760985653358,True,True,0.01078729,1.681328,0.009697454,-0.3038939,0.1504863,0.9407457,False,0,0,0,Data_from_ARETT
1760985653392,True,True,0.01118905,1.681375,0.009580238,-0.3041188,0.1465098,0.9413005,False,0,0,0,Data_from_ARETT
1760985653392,True,True,0.01118905,1.681375,0.009580238,-0.3041188,0.1465098,0.9413005,False,0,0,0,Data_from_ARETT
1760985653392,True,True,0.01118905,1.681375,0.009580238,-0.3041188,0.1465098,0.9413005,False,0,0,0,Data_from_ARETT
1760985653426,True,True,0.01064624,1.680822,0.01005493,-0.304713,0.1451968,0.9413118,False,0,0,0,Data_from_ARETT
1760985653426,True,True,0.01064624,1.680822,0.01005493,-0.304713,0.1451968,0.9413118,False,0,0,0,Data_from_ARETT
1760985653426,True,True,0.01064624,1.680822,0.01005493,-0.304713,0.1451968,0.9413118,False,0,0,0,Data_from_ARETT
1760985653461,True,True,0.01078914,1.680715,0.009824345,-0.3039213,0.1449005,0.9416133,False,0,0,0,Data_from_ARETT
1760985653461,True,True,0.01078914,1.680715,0.009824345,-0.3039213,0.1449005,0.9416133,False,0,0,0,Data_from_ARETT
1760985653461,True,True,0.01078914,1.680715,0.009824345,-0.3039213,0.1449005,0.9416133,False,0,0,0,Data_from_ARETT
1760985653494,True,True,0.01075257,1.680713,0.010026,-0.3044791,0.1460796,0.9412509,False,0,0,0,Data_from_ARETT
1760985653494,True,True,0.01075257,1.680713,0.010026,-0.3044791,0.1460796,0.9412509,False,0,0,0,Data_from_ARETT
1760985653494,True,True,0.01075257,1.680713,0.010026,-0.3044791,0.1460796,0.9412509,False,0,0,0,Data_from_ARETT
1760985653529,True,True,0.01070784,1.68092,0.009723451,-0.3049647,0.1459111,0.9411198,False,0,0,0,Data_from_ARETT
1760985653529,True,True,0.01070784,1.68092,0.009723451,-0.3049647,0.1459111,0.9411198,False,0,0,0,Data_from_ARETT
1760985653529,True,True,0.01070784,1.68092,0.009723451,-0.3049647,0.1459111,0.9411198,False,0,0,0,Data_from_ARETT
1760985653563,True,True,0.01063229,1.680857,0.00967011,-0.3058761,0.1449195,0.9409772,False,0,0,0,Data_from_ARETT
1760985653563,True,True,0.01063229,1.680857,0.00967011,-0.3058761,0.1449195,0.9409772,False,0,0,0,Data_from_ARETT
1760985653563,True,True,0.01063229,1.680857,0.00967011,-0.3058761,0.1449195,0.9409772,False,0,0,0,Data_from_ARETT
1760985653597,True,True,0.01058008,1.680898,0.009595823,-0.3060996,0.1435507,0.9411144,False,0,0,0,Data_from_ARETT
1760985653597,True,True,0.01058008,1.680898,0.009595823,-0.3060996,0.1435507,0.9411144,False,0,0,0,Data_from_ARETT
1760985653597,True,True,0.01058008,1.680898,0.009595823,-0.3060996,0.1435507,0.9411144,False,0,0,0,Data_from_ARETT
1760985653631,True,True,0.01061124,1.680809,0.009776838,-0.3055879,0.1444245,0.941147,False,0,0,0,Data_from_ARETT
1760985653631,True,True,0.01061124,1.680809,0.009776838,-0.3055879,0.1444245,0.941147,False,0,0,0,Data_from_ARETT
1760985653631,True,True,0.01061124,1.680809,0.009776838,-0.3055879,0.1444245,0.941147,False,0,0,0,Data_from_ARETT
1760985653665,True,True,0.01073516,1.680872,0.009712024,-0.3048389,0.1440617,0.9414454,False,0,0,0,Data_from_ARETT
1760985653665,True,True,0.01073516,1.680872,0.009712024,-0.3048389,0.1440617,0.9414454,False,0,0,0,Data_from_ARETT
1760985653665,True,True,0.01073516,1.680872,0.009712024,-0.3048389,0.1440617,0.9414454,False,0,0,0,Data_from_ARETT
1760985653699,True,True,0.01082161,1.680915,0.009702813,-0.3042008,0.1440159,0.9416588,False,0,0,0,Data_from_ARETT
1760985653699,True,True,0.01082161,1.680915,0.009702813,-0.3042008,0.1440159,0.9416588,False,0,0,0,Data_from_ARETT
1760985653699,True,True,0.01082161,1.680915,0.009702813,-0.3042008,0.1440159,0.9416588,False,0,0,0,Data_from_ARETT
1760985653734,True,True,0.01075642,1.68089,0.00982294,-0.3036884,0.1445595,0.9417409,False,0,0,0,Data_from_ARETT
1760985653734,True,True,0.01075642,1.68089,0.00982294,-0.3036884,0.1445595,0.9417409,False,0,0,0,Data_from_ARETT
1760985653734,True,True,0.01075642,1.68089,0.00982294,-0.3036884,0.1445595,0.9417409,False,0,0,0,Data_from_ARETT
1760985653767,True,True,0.01070048,1.680864,0.009853045,-0.3032818,0.1439745,0.9419615,False,0,0,0,Data_from_ARETT
1760985653767,True,True,0.01070048,1.680864,0.009853045,-0.3032818,0.1439745,0.9419615,False,0,0,0,Data_from_ARETT
1760985653767,True,True,0.01070048,1.680864,0.009853045,-0.3032818,0.1439745,0.9419615,False,0,0,0,Data_from_ARETT
1760985653801,True,True,0.01074668,1.680717,0.009913908,-0.3034129,0.1432889,0.9420238,False,0,0,0,Data_from_ARETT
1760985653801,True,True,0.01074668,1.680717,0.009913908,-0.3034129,0.1432889,0.9420238,False,0,0,0,Data_from_ARETT
1760985653801,True,True,0.01074668,1.680717,0.009913908,-0.3034129,0.1432889,0.9420238,False,0,0,0,Data_from_ARETT
1760985653836,True,True,0.01067781,1.680657,0.009927512,-0.3038253,0.1421123,0.9420691,False,0,0,0,Data_from_ARETT
1760985653836,True,True,0.01067781,1.680657,0.009927512,-0.3038253,0.1421123,0.9420691,False,0,0,0,Data_from_ARETT
1760985653836,True,True,0.01067781,1.680657,0.009927512,-0.3038253,0.1421123,0.9420691,False,0,0,0,Data_from_ARETT
1760985653869,True,True,0.01049086,1.680534,0.01002937,-0.3043415,0.1416853,0.9419668,False,0,0,0,Data_from_ARETT
1760985653869,True,True,0.01049086,1.680534,0.01002937,-0.3043415,0.1416853,0.9419668,False,0,0,0,Data_from_ARETT
1760985653869,True,True,0.01049086,1.680534,0.01002937,-0.3043415,0.1416853,0.9419668,False,0,0,0,Data_from_ARETT
1760985653903,True,True,0.01038491,1.680453,0.01000221,-0.3047999,0.1410884,0.9419082,False,0,0,0,Data_from_ARETT
1760985653903,True,True,0.01038491,1.680453,0.01000221,-0.3047999,0.1410884,0.9419082,False,0,0,0,Data_from_ARETT
1760985653903,True,True,0.01038491,1.680453,0.01000221,-0.3047999,0.1410884,0.9419082,False,0,0,0,Data_from_ARETT
1760985653938,True,True,0.01033492,1.680395,0.009992189,-0.305104,0.1408897,0.9418395,False,0,0,0,Data_from_ARETT
1760985653938,True,True,0.01033492,1.680395,0.009992189,-0.305104,0.1408897,0.9418395,False,0,0,0,Data_from_ARETT
1760985653938,True,True,0.01033492,1.680395,0.009992189,-0.305104,0.1408897,0.9418395,False,0,0,0,Data_from_ARETT
1760985653971,True,True,0.0104016,1.680187,0.009953464,-0.3057498,0.1390558,0.9419026,False,0,0,0,Data_from_ARETT
1760985653971,True,True,0.0104016,1.680187,0.009953464,-0.3057498,0.1390558,0.9419026,False,0,0,0,Data_from_ARETT
1760985653971,True,True,0.0104016,1.680187,0.009953464,-0.3057498,0.1390558,0.9419026,False,0,0,0,Data_from_ARETT
1760985654005,True,True,0.01021964,1.680157,0.01007872,-0.3054864,0.137727,0.9421833,False,0,0,0,Data_from_ARETT
1760985654005,True,True,0.01021964,1.680157,0.01007872,-0.3054864,0.137727,0.9421833,False,0,0,0,Data_from_ARETT
1760985654005,True,True,0.01021964,1.680157,0.01007872,-0.3054864,0.137727,0.9421833,False,0,0,0,Data_from_ARETT
1760985654039,True,True,0.01022758,1.680281,0.009956351,-0.3054295,0.1370711,0.9422973,False,0,0,0,Data_from_ARETT
1760985654039,True,True,0.01022758,1.680281,0.009956351,-0.3054295,0.1370711,0.9422973,False,0,0,0,Data_from_ARETT
1760985654039,True,True,0.01022758,1.680281,0.009956351,-0.3054295,0.1370711,0.9422973,False,0,0,0,Data_from_ARETT
1760985654073,True,True,0.01003496,1.680318,0.01034395,-0.3053283,0.1376894,0.94224,False,0,0,0,Data_from_ARETT
1760985654073,True,True,0.01003496,1.680318,0.01034395,-0.3053283,0.1376894,0.94224,False,0,0,0,Data_from_ARETT
1760985654073,True,True,0.01003496,1.680318,0.01034395,-0.3053283,0.1376894,0.94224,False,0,0,0,Data_from_ARETT
1760985654107,True,True,0.01004253,1.680453,0.01006988,-0.3051607,0.1406884,0.9418513,False,0,0,0,Data_from_ARETT
1760985654107,True,True,0.01004253,1.680453,0.01006988,-0.3051607,0.1406884,0.9418513,False,0,0,0,Data_from_ARETT
1760985654107,True,True,0.01004253,1.680453,0.01006988,-0.3051607,0.1406884,0.9418513,False,0,0,0,Data_from_ARETT
1760985654141,True,True,0.01053263,1.68025,0.01016825,-0.3047359,0.1391561,0.9422163,False,0,0,0,Data_from_ARETT
1760985654141,True,True,0.01053263,1.68025,0.01016825,-0.3047359,0.1391561,0.9422163,False,0,0,0,Data_from_ARETT
1760985654141,True,True,0.01053263,1.68025,0.01016825,-0.3047359,0.1391561,0.9422163,False,0,0,0,Data_from_ARETT
1760985654175,True,True,0.01033058,1.680147,0.0102672,-0.3048184,0.1360179,0.9426478,False,0,0,0,Data_from_ARETT
1760985654175,True,True,0.01033058,1.680147,0.0102672,-0.3048184,0.1360179,0.9426478,False,0,0,0,Data_from_ARETT
1760985654175,True,True,0.01033058,1.680147,0.0102672,-0.3048184,0.1360179,0.9426478,False,0,0,0,Data_from_ARETT
1760985654210,True,True,0.01048703,1.680342,0.009628839,-0.3038563,0.1360286,0.9429568,False,0,0,0,Data_from_ARETT
1760985654210,True,True,0.01048703,1.680342,0.009628839,-0.3038563,0.1360286,0.9429568,False,0,0,0,Data_from_ARETT
1760985654210,True,True,0.01048703,1.680342,0.009628839,-0.3038563,0.1360286,0.9429568,False,0,0,0,Data_from_ARETT
1760985654243,True,True,0.01039909,1.680061,0.0100571,-0.3028993,0.137482,0.9430539,False,0,0,0,Data_from_ARETT
1760985654243,True,True,0.01039909,1.680061,0.0100571,-0.3028993,0.137482,0.9430539,False,0,0,0,Data_from_ARETT
1760985654243,True,True,0.01039909,1.680061,0.0100571,-0.3028993,0.137482,0.9430539,False,0,0,0,Data_from_ARETT
1760985654277,True,True,0.01035557,1.680097,0.01013374,-0.3023721,0.1375319,0.9432158,False,0,0,0,Data_from_ARETT
1760985654277,True,True,0.01035557,1.680097,0.01013374,-0.3023721,0.1375319,0.9432158,False,0,0,0,Data_from_ARETT
1760985654277,True,True,0.01035557,1.680097,0.01013374,-0.3023721,0.1375319,0.9432158,False,0,0,0,Data_from_ARETT
1760985654311,True,True,0.01051552,1.680204,0.00996584,-0.3025854,0.1371855,0.9431978,False,0,0,0,Data_from_ARETT
1760985654311,True,True,0.01051552,1.680204,0.00996584,-0.3025854,0.1371855,0.9431978,False,0,0,0,Data_from_ARETT
1760985654311,True,True,0.01051552,1.680204,0.00996584,-0.3025854,0.1371855,0.9431978,False,0,0,0,Data_from_ARETT
1760985654345,True,True,0.01035292,1.680259,0.009866259,-0.3029141,0.1368372,0.943143,False,0,0,0,Data_from_ARETT
1760985654345,True,True,0.01035292,1.680259,0.009866259,-0.3029141,0.1368372,0.943143,False,0,0,0,Data_from_ARETT
1760985654345,True,True,0.01035292,1.680259,0.009866259,-0.3029141,0.1368372,0.943143,False,0,0,0,Data_from_ARETT
1760985654379,True,True,0.01040138,1.680298,0.009830593,-0.3029766,0.1359185,0.9432557,False,0,0,0,Data_from_ARETT
1760985654379,True,True,0.01040138,1.680298,0.009830593,-0.3029766,0.1359185,0.9432557,False,0,0,0,Data_from_ARETT
1760985654379,True,True,0.01040138,1.680298,0.009830593,-0.3029766,0.1359185,0.9432557,False,0,0,0,Data_from_ARETT
1760985654413,True,True,0.01038482,1.6802,0.009941248,-0.3027281,0.1355446,0.9433893,False,0,0,0,Data_from_ARETT
1760985654413,True,True,0.01038482,1.6802,0.009941248,-0.3027281,0.1355446,0.9433893,False,0,0,0,Data_from_ARETT
1760985654413,True,True,0.01038482,1.6802,0.009941248,-0.3027281,0.1355446,0.9433893,False,0,0,0,Data_from_ARETT
1760985654448,True,True,0.01019707,1.680131,0.01011132,-0.3025021,0.1361939,0.9433683,False,0,0,0,Data_from_ARETT
1760985654448,True,True,0.01019707,1.680131,0.01011132,-0.3025021,0.1361939,0.9433683,False,0,0,0,Data_from_ARETT
1760985654448,True,True,0.01019707,1.680131,0.01011132,-0.3025021,0.1361939,0.9433683,False,0,0,0,Data_from_ARETT
1760985654482,True,True,0.01015558,1.680247,0.01007609,-0.3022129,0.136593,0.9434033,False,0,0,0,Data_from_ARETT
1760985654482,True,True,0.01015558,1.680247,0.01007609,-0.3022129,0.136593,0.9434033,False,0,0,0,Data_from_ARETT
1760985654482,True,True,0.01015558,1.680247,0.01007609,-0.3022129,0.136593,0.9434033,False,0,0,0,Data_from_ARETT
1760985654515,True,True,0.01024863,1.680323,0.00994155,-0.3022194,0.136338,0.9434381,False,0,0,0,Data_from_ARETT
1760985654515,True,True,0.01024863,1.680323,0.00994155,-0.3022194,0.136338,0.9434381,False,0,0,0,Data_from_ARETT
1760985654515,True,True,0.01024863,1.680323,0.00994155,-0.3022194,0.136338,0.9434381,False,0,0,0,Data_from_ARETT
1760985654551,True,True,0.01007307,1.680213,0.01002089,-0.3022404,0.1358429,0.9435027,False,0,0,0,Data_from_ARETT
1760985654551,True,True,0.01007307,1.680213,0.01002089,-0.3022404,0.1358429,0.9435027,False,0,0,0,Data_from_ARETT
1760985654551,True,True,0.01007307,1.680213,0.01002089,-0.3022404,0.1358429,0.9435027,False,0,0,0,Data_from_ARETT
1760985654584,True,True,0.009744134,1.680202,0.01021093,-0.3024842,0.1361084,0.9433864,False,0,0,0,Data_from_ARETT
1760985654584,True,True,0.009744134,1.680202,0.01021093,-0.3024842,0.1361084,0.9433864,False,0,0,0,Data_from_ARETT
1760985654584,True,True,0.009744134,1.680202,0.01021093,-0.3024842,0.1361084,0.9433864,False,0,0,0,Data_from_ARETT
1760985654618,True,True,0.009793173,1.680222,0.0101194,-0.3028632,0.1364412,0.9432167,False,0,0,0,Data_from_ARETT
1760985654618,True,True,0.009793173,1.680222,0.0101194,-0.3028632,0.1364412,0.9432167,False,0,0,0,Data_from_ARETT
1760985654618,True,True,0.009793173,1.680222,0.0101194,-0.3028632,0.1364412,0.9432167,False,0,0,0,Data_from_ARETT
1760985654652,True,True,0.009678713,1.680166,0.01006402,-0.3030583,0.1365923,0.9431321,False,0,0,0,Data_from_ARETT
1760985654652,True,True,0.009678713,1.680166,0.01006402,-0.3030583,0.1365923,0.9431321,False,0,0,0,Data_from_ARETT
1760985654652,True,True,0.009678713,1.680166,0.01006402,-0.3030583,0.1365923,0.9431321,False,0,0,0,Data_from_ARETT
1760985654686,True,True,0.009664665,1.680036,0.01003542,-0.3031855,0.1351086,0.943305,False,0,0,0,Data_from_ARETT
1760985654686,True,True,0.009664665,1.680036,0.01003542,-0.3031855,0.1351086,0.943305,False,0,0,0,Data_from_ARETT
1760985654686,True,True,0.009664665,1.680036,0.01003542,-0.3031855,0.1351086,0.943305,False,0,0,0,Data_from_ARETT
1760985654721,True,True,0.009619362,1.679826,0.01021098,-0.3033915,0.1344062,0.943339,False,0,0,0,Data_from_ARETT
1760985654721,True,True,0.009619362,1.679826,0.01021098,-0.3033915,0.1344062,0.943339,False,0,0,0,Data_from_ARETT
1760985654721,True,True,0.009619362,1.679826,0.01021098,-0.3033915,0.1344062,0.943339,False,0,0,0,Data_from_ARETT
1760985654755,True,True,0.009397485,1.679936,0.01012534,-0.3031044,0.1342183,0.9434581,False,0,0,0,Data_from_ARETT
1760985654755,True,True,0.009397485,1.679936,0.01012534,-0.3031044,0.1342183,0.9434581,False,0,0,0,Data_from_ARETT
1760985654755,True,True,0.009397485,1.679936,0.01012534,-0.3031044,0.1342183,0.9434581,False,0,0,0,Data_from_ARETT
1760985654788,True,True,0.009514737,1.680132,0.01005285,-0.3026599,0.1344994,0.9435608,False,0,0,0,Data_from_ARETT
1760985654788,True,True,0.009514737,1.680132,0.01005285,-0.3026599,0.1344994,0.9435608,False,0,0,0,Data_from_ARETT
1760985654788,True,True,0.009514737,1.680132,0.01005285,-0.3026599,0.1344994,0.9435608,False,0,0,0,Data_from_ARETT
1760985654822,True,True,0.009537095,1.680216,0.01014174,-0.3026946,0.1351547,0.943456,False,0,0,0,Data_from_ARETT
1760985654822,True,True,0.009537095,1.680216,0.01014174,-0.3026946,0.1351547,0.943456,False,0,0,0,Data_from_ARETT
1760985654822,True,True,0.009537095,1.680216,0.01014174,-0.3026946,0.1351547,0.943456,False,0,0,0,Data_from_ARETT
1760985654857,True,True,0.009123759,1.680122,0.01041463,-0.3030555,0.137658,0.9429781,False,0,0,0,Data_from_ARETT
1760985654857,True,True,0.009123759,1.680122,0.01041463,-0.3030555,0.137658,0.9429781,False,0,0,0,Data_from_ARETT
1760985654857,True,True,0.009123759,1.680122,0.01041463,-0.3030555,0.137658,0.9429781,False,0,0,0,Data_from_ARETT
1760985654892,True,True,0.009495225,1.680293,0.009839569,-0.3035249,0.1364762,0.9429989,False,0,0,0,Data_from_ARETT
1760985654892,True,True,0.009495225,1.680293,0.009839569,-0.3035249,0.1364762,0.9429989,False,0,0,0,Data_from_ARETT
1760985654892,True,True,0.009495225,1.680293,0.009839569,-0.3035249,0.1364762,0.9429989,False,0,0,0,Data_from_ARETT
1760985654925,True,True,0.009601727,1.680131,0.01014706,-0.3043329,0.1335326,0.9431599,False,0,0,0,Data_from_ARETT
1760985654925,True,True,0.009601727,1.680131,0.01014706,-0.3043329,0.1335326,0.9431599,False,0,0,0,Data_from_ARETT
1760985654925,True,True,0.009601727,1.680131,0.01014706,-0.3043329,0.1335326,0.9431599,False,0,0,0,Data_from_ARETT
1760985654960,True,True,0.009288969,1.679903,0.01024317,-0.3045387,0.1337499,0.9430627,False,0,0,0,Data_from_ARETT
1760985654960,True,True,0.009288969,1.679903,0.01024317,-0.3045387,0.1337499,0.9430627,False,0,0,0,Data_from_ARETT
1760985654960,True,True,0.009288969,1.679903,0.01024317,-0.3045387,0.1337499,0.9430627,False,0,0,0,Data_from_ARETT
1760985654994,True,True,0.009345933,1.680025,0.01012313,-0.3037446,0.1344386,0.9432208,False,0,0,0,Data_from_ARETT
1760985654994,True,True,0.009345933,1.680025,0.01012313,-0.3037446,0.1344386,0.9432208,False,0,0,0,Data_from_ARETT
1760985654994,True,True,0.009345933,1.680025,0.01012313,-0.3037446,0.1344386,0.9432208,False,0,0,0,Data_from_ARETT
1760985655028,True,True,0.00951603,1.679871,0.01023219,-0.3036064,0.1354164,0.9431254,False,0,0,0,Data_from_ARETT
1760985655028,True,True,0.00951603,1.679871,0.01023219,-0.3036064,0.1354164,0.9431254,False,0,0,0,Data_from_ARETT
1760985655028,True,True,0.00951603,1.679871,0.01023219,-0.3036064,0.1354164,0.9431254,False,0,0,0,Data_from_ARETT
1760985655063,True,True,0.009491846,1.67987,0.0102762,-0.3034969,0.1343777,0.9433092,False,0,0,0,Data_from_ARETT
1760985655063,True,True,0.009491846,1.67987,0.0102762,-0.3034969,0.1343777,0.9433092,False,0,0,0,Data_from_ARETT
1760985655063,True,True,0.009491846,1.67987,0.0102762,-0.3034969,0.1343777,0.9433092,False,0,0,0,Data_from_ARETT
1760985655097,True,True,0.009289017,1.679894,0.01039658,-0.3035976,0.1340299,0.9433263,False,0,0,0,Data_from_ARETT
1760985655097,True,True,0.009289017,1.679894,0.01039658,-0.3035976,0.1340299,0.9433263,False,0,0,0,Data_from_ARETT
1760985655097,True,True,0.009289017,1.679894,0.01039658,-0.3035976,0.1340299,0.9433263,False,0,0,0,Data_from_ARETT
1760985655131,True,True,0.009297264,1.680024,0.01028753,-0.3035977,0.1335928,0.9433883,False,0,0,0,Data_from_ARETT
1760985655131,True,True,0.009297264,1.680024,0.01028753,-0.3035977,0.1335928,0.9433883,False,0,0,0,Data_from_ARETT
1760985655131,True,True,0.009297264,1.680024,0.01028753,-0.3035977,0.1335928,0.9433883,False,0,0,0,Data_from_ARETT
1760985655164,True,True,0.009336514,1.680011,0.01060195,-0.3035104,0.1340258,0.943355,False,0,0,0,Data_from_ARETT
1760985655164,True,True,0.009336514,1.680011,0.01060195,-0.3035104,0.1340258,0.943355,False,0,0,0,Data_from_ARETT
1760985655164,True,True,0.009336514,1.680011,0.01060195,-0.3035104,0.1340258,0.943355,False,0,0,0,Data_from_ARETT
1760985655199,True,True,0.009368007,1.680089,0.01048217,-0.3034316,0.1349156,0.9432535,False,0,0,0,Data_from_ARETT
1760985655199,True,True,0.009368007,1.680089,0.01048217,-0.3034316,0.1349156,0.9432535,False,0,0,0,Data_from_ARETT
1760985655199,True,True,0.009368007,1.680089,0.01048217,-0.3034316,0.1349156,0.9432535,False,0,0,0,Data_from_ARETT
1760985655233,True,True,0.009275387,1.680034,0.01058767,-0.3033602,0.1355823,0.9431808,False,0,0,0,Data_from_ARETT
1760985655233,True,True,0.009275387,1.680034,0.01058767,-0.3033602,0.1355823,0.9431808,False,0,0,0,Data_from_ARETT
1760985655233,True,True,0.009275387,1.680034,0.01058767,-0.3033602,0.1355823,0.9431808,False,0,0,0,Data_from_ARETT
1760985655267,True,True,0.009188084,1.680079,0.01047451,-0.303394,0.1351824,0.9432274,False,0,0,0,Data_from_ARETT
1760985655267,True,True,0.009188084,1.680079,0.01047451,-0.303394,0.1351824,0.9432274,False,0,0,0,Data_from_ARETT
1760985655267,True,True,0.009188084,1.680079,0.01047451,-0.303394,0.1351824,0.9432274,False,0,0,0,Data_from_ARETT
1760985655301,True,True,0.009266602,1.680165,0.0104724,-0.3035066,0.1345034,0.9432882,False,0,0,0,Data_from_ARETT
1760985655301,True,True,0.009266602,1.680165,0.0104724,-0.3035066,0.1345034,0.9432882,False,0,0,0,Data_from_ARETT
1760985655301,True,True,0.009266602,1.680165,0.0104724,-0.3035066,0.1345034,0.9432882,False,0,0,0,Data_from_ARETT
1760985655336,True,True,0.00903043,1.680077,0.01076706,-0.3036211,0.1361158,0.94302,False,0,0,0,Data_from_ARETT
1760985655336,True,True,0.00903043,1.680077,0.01076706,-0.3036211,0.1361158,0.94302,False,0,0,0,Data_from_ARETT
1760985655336,True,True,0.00903043,1.680077,0.01076706,-0.3036211,0.1361158,0.94302,False,0,0,0,Data_from_ARETT
1760985655369,True,True,0.009230436,1.680143,0.01047571,-0.3039811,0.1363531,0.9428697,False,0,0,0,Data_from_ARETT
1760985655369,True,True,0.009230436,1.680143,0.01047571,-0.3039811,0.1363531,0.9428697,False,0,0,0,Data_from_ARETT
1760985655369,True,True,0.009230436,1.680143,0.01047571,-0.3039811,0.1363531,0.9428697,False,0,0,0,Data_from_ARETT
1760985655403,True,True,0.009287142,1.680122,0.01040587,-0.3043557,0.1361082,0.9427842,False,0,0,0,Data_from_ARETT
1760985655403,True,True,0.009287142,1.680122,0.01040587,-0.3043557,0.1361082,0.9427842,False,0,0,0,Data_from_ARETT
1760985655403,True,True,0.009287142,1.680122,0.01040587,-0.3043557,0.1361082,0.9427842,False,0,0,0,Data_from_ARETT
1760985655438,True,True,0.009244167,1.680169,0.01048436,-0.305021,0.1373152,0.9423941,False,0,0,0,Data_from_ARETT
1760985655438,True,True,0.009244167,1.680169,0.01048436,-0.305021,0.1373152,0.9423941,False,0,0,0,Data_from_ARETT
1760985655438,True,True,0.009244167,1.680169,0.01048436,-0.305021,0.1373152,0.9423941,False,0,0,0,Data_from_ARETT
1760985655471,True,True,0.00927581,1.680322,0.01026407,-0.3059386,0.1383376,0.941947,False,0,0,0,Data_from_ARETT
1760985655471,True,True,0.00927581,1.680322,0.01026407,-0.3059386,0.1383376,0.941947,False,0,0,0,Data_from_ARETT
1760985655471,True,True,0.00927581,1.680322,0.01026407,-0.3059386,0.1383376,0.941947,False,0,0,0,Data_from_ARETT
1760985655506,True,True,0.009320546,1.680169,0.01025095,-0.3069202,0.1386607,0.9415802,False,0,0,0,Data_from_ARETT
1760985655506,True,True,0.009320546,1.680169,0.01025095,-0.3069202,0.1386607,0.9415802,False,0,0,0,Data_from_ARETT
1760985655506,True,True,0.009320546,1.680169,0.01025095,-0.3069202,0.1386607,0.9415802,False,0,0,0,Data_from_ARETT
1760985655540,True,True,0.009383162,1.680337,0.01015272,-0.3079751,0.1393676,0.9411312,False,0,0,0,Data_from_ARETT
1760985655540,True,True,0.009383162,1.680337,0.01015272,-0.3079751,0.1393676,0.9411312,False,0,0,0,Data_from_ARETT
1760985655540,True,True,0.009383162,1.680337,0.01015272,-0.3079751,0.1393676,0.9411312,False,0,0,0,Data_from_ARETT
1760985655574,True,True,0.009185878,1.680683,0.01014986,-0.3097541,0.1420273,0.9401493,False,0,0,0,Data_from_ARETT
1760985655574,True,True,0.009185878,1.680683,0.01014986,-0.3097541,0.1420273,0.9401493,False,0,0,0,Data_from_ARETT
1760985655574,True,True,0.009185878,1.680683,0.01014986,-0.3097541,0.1420273,0.9401493,False,0,0,0,Data_from_ARETT
1760985655608,True,True,0.009372013,1.681125,0.009611158,-0.3143837,0.1446563,0.9382097,False,0,0,0,Data_from_ARETT
1760985655608,True,True,0.009372013,1.681125,0.009611158,-0.3143837,0.1446563,0.9382097,False,0,0,0,Data_from_ARETT
1760985655608,True,True,0.009372013,1.681125,0.009611158,-0.3143837,0.1446563,0.9382097,False,0,0,0,Data_from_ARETT
1760985655642,True,True,0.008653623,1.681048,0.009785669,-0.3184395,0.1494253,0.9360921,False,0,0,0,Data_from_ARETT
1760985655642,True,True,0.008653623,1.681048,0.009785669,-0.3184395,0.1494253,0.9360921,False,0,0,0,Data_from_ARETT
1760985655642,True,True,0.008653623,1.681048,0.009785669,-0.3184395,0.1494253,0.9360921,False,0,0,0,Data_from_ARETT
1760985655676,True,True,0.00894525,1.681416,0.009300565,-0.3236819,0.1507819,0.9340743,False,0,0,0,Data_from_ARETT
1760985655676,True,True,0.00894525,1.681416,0.009300565,-0.3236819,0.1507819,0.9340743,False,0,0,0,Data_from_ARETT
1760985655676,True,True,0.00894525,1.681416,0.009300565,-0.3236819,0.1507819,0.9340743,False,0,0,0,Data_from_ARETT
1760985655710,True,True,0.008924791,1.681506,0.008844957,-0.3307662,0.1506408,0.9316121,False,0,0,0,Data_from_ARETT
1760985655710,True,True,0.008924791,1.681506,0.008844957,-0.3307662,0.1506408,0.9316121,False,0,0,0,Data_from_ARETT
1760985655710,True,True,0.008924791,1.681506,0.008844957,-0.3307662,0.1506408,0.9316121,False,0,0,0,Data_from_ARETT
1760985655744,True,True,0.008524274,1.681404,0.008352914,-0.3346327,0.1513884,0.9301088,False,0,0,0,Data_from_ARETT
1760985655744,True,True,0.008524274,1.681404,0.008352914,-0.3346327,0.1513884,0.9301088,False,0,0,0,Data_from_ARETT
1760985655744,True,True,0.008524274,1.681404,0.008352914,-0.3346327,0.1513884,0.9301088,False,0,0,0,Data_from_ARETT
1760985655778,True,True,0.008481134,1.681351,0.008176211,-0.3379202,0.1531818,0.9286255,False,0,0,0,Data_from_ARETT
1760985655778,True,True,0.008481134,1.681351,0.008176211,-0.3379202,0.1531818,0.9286255,False,0,0,0,Data_from_ARETT
1760985655778,True,True,0.008481134,1.681351,0.008176211,-0.3379202,0.1531818,0.9286255,False,0,0,0,Data_from_ARETT
1760985655813,True,True,0.00847746,1.681377,0.007923827,-0.3392466,0.1544706,0.9279281,False,0,0,0,Data_from_ARETT
1760985655813,True,True,0.00847746,1.681377,0.007923827,-0.3392466,0.1544706,0.9279281,False,0,0,0,Data_from_ARETT
1760985655813,True,True,0.00847746,1.681377,0.007923827,-0.3392466,0.1544706,0.9279281,False,0,0,0,Data_from_ARETT
1760985655847,True,True,0.008484461,1.681326,0.007845174,-0.3390461,0.1539193,0.928093,False,0,0,0,Data_from_ARETT
1760985655847,True,True,0.008484461,1.681326,0.007845174,-0.3390461,0.1539193,0.928093,False,0,0,0,Data_from_ARETT
1760985655847,True,True,0.008484461,1.681326,0.007845174,-0.3390461,0.1539193,0.928093,False,0,0,0,Data_from_ARETT
1760985655881,True,True,0.008404597,1.681412,0.007625705,-0.3401606,0.1541576,0.9276455,False,0,0,0,Data_from_ARETT
1760985655881,True,True,0.008404597,1.681412,0.007625705,-0.3401606,0.1541576,0.9276455,False,0,0,0,Data_from_ARETT
1760985655881,True,True,0.008404597,1.681412,0.007625705,-0.3401606,0.1541576,0.9276455,False,0,0,0,Data_from_ARETT
1760985655915,True,True,0.008548572,1.681545,0.007436763,-0.3404952,0.152747,0.9277561,False,0,0,0,Data_from_ARETT
1760985655915,True,True,0.008548572,1.681545,0.007436763,-0.3404952,0.152747,0.9277561,False,0,0,0,Data_from_ARETT
1760985655915,True,True,0.008548572,1.681545,0.007436763,-0.3404952,0.152747,0.9277561,False,0,0,0,Data_from_ARETT
1760985655948,True,True,0.008726849,1.681331,0.007693286,-0.3395573,0.1529094,0.928073,False,0,0,0,Data_from_ARETT
1760985655948,True,True,0.008726849,1.681331,0.007693286,-0.3395573,0.1529094,0.928073,False,0,0,0,Data_from_ARETT
1760985655948,True,True,0.008726849,1.681331,0.007693286,-0.3395573,0.1529094,0.928073,False,0,0,0,Data_from_ARETT
1760985655982,True,True,0.008696986,1.681356,0.007659421,-0.3371977,0.1528334,0.9289455,False,0,0,0,Data_from_ARETT
1760985655982,True,True,0.008696986,1.681356,0.007659421,-0.3371977,0.1528334,0.9289455,False,0,0,0,Data_from_ARETT
1760985655982,True,True,0.008696986,1.681356,0.007659421,-0.3371977,0.1528334,0.9289455,False,0,0,0,Data_from_ARETT
1760985656017,True,True,0.008968535,1.681379,0.007674087,-0.3344944,0.153008,0.9298936,False,0,0,0,Data_from_ARETT
1760985656017,True,True,0.008968535,1.681379,0.007674087,-0.3344944,0.153008,0.9298936,False,0,0,0,Data_from_ARETT
1760985656017,True,True,0.008968535,1.681379,0.007674087,-0.3344944,0.153008,0.9298936,False,0,0,0,Data_from_ARETT
